ID,SEQUENCE_ID,PRIMER_LEFT_SEQUENCE,PRIMER_RIGHT_SEQUENCE,PRIMER_LEFT_TM,PRIMER_RIGHT_TM,LENGTH_INTERMEDIATE_SEQUENCE,REV_RIGHT_SEQUENCE
1,c_asplenifolia|c_teeta|c_omeiensis|c_groenlandica|c_deltoidea|c_ramosa|c_quinquesecta|c_quinquefolia|c_trifoliolata|c_chinensis|c_brevisepala|c_trifolia,GGAGCAGCAATGAAGGCAATAAT,CTTGGGCCGATTCATCAGATTCT,59.931,60.747,1005,AGAATCTGATGAATCGGCCCAAG
2,c_asplenifolia|c_teeta|c_omeiensis|c_groenlandica|c_deltoidea|c_ramosa|c_quinquesecta|c_quinquefolia|c_trifoliolata|c_chinensis|c_brevisepala|c_trifolia,CGAATCCGTTGCTTCATCCAAAT,GCCAATCCAACACAAGTCCTTATT,60.181,59.779,354,AATAAGGACTTGTGTTGGATTGGC
3,c_asplenifolia|c_teeta|c_omeiensis|c_groenlandica|c_deltoidea|c_ramosa|c_quinquesecta|c_quinquefolia|c_trifoliolata|c_chinensis|c_brevisepala|c_trifolia,GGACTCCCAAGCACACAAATTAT,TGCTAGAACTTTGGCTCGTAAAC,59.236,59.256,676,GTTTACGAGCCAAAGTTCTAGCA
4,c_asplenifolia|c_teeta|c_omeiensis|c_groenlandica|c_deltoidea|c_ramosa|c_quinquesecta|c_quinquefolia|c_trifoliolata|c_chinensis|c_brevisepala|c_trifolia,TGCTCAGCCTGGAATACAATCAT,TTGGGTTCGGAATTCTTGGAAGA,60.118,60.181,1219,TCTTCCAAGAATTCCGAACCCAA
5,c_asplenifolia|c_teeta|c_omeiensis|c_groenlandica|c_deltoidea|c_ramosa|c_quinquesecta|c_quinquefolia|c_trifoliolata|c_chinensis|c_brevisepala|c_trifolia,CTCCTGCAACTTCAACAACTCAT,GCACCATGGCTTTCAACCTAAAT,59.433,60.056,242,ATTTAGGTTGAAAGCCATGGTGC
6,c_asplenifolia|c_teeta|c_omeiensis|c_groenlandica|c_deltoidea|c_ramosa|c_quinquesecta|c_quinquefolia|c_trifoliolata|c_chinensis|c_brevisepala|c_trifolia,AACTTCAACAGCAGCTAGGTCTA,TCTTAGCTGCTTGGCCTGTAGTA,59.421,61.134,224,TACTACAGGCCAAGCAGCTAAGA
7,c_asplenifolia|c_teeta|c_omeiensis|c_groenlandica|c_deltoidea|c_ramosa|c_quinquesecta|c_quinquefolia|c_trifoliolata|c_chinensis|c_brevisepala|c_trifolia,GAATACACCAGCTACGCCTAACA,TAGCTTGTTACATGGGTCGTGAG,60.430,60.368,251,CTCACGACCCATGTAACAAGCTA
8,c_asplenifolia|c_teeta|c_omeiensis|c_groenlandica|c_deltoidea|c_ramosa|c_quinquesecta|c_quinquefolia|c_trifoliolata|c_chinensis|c_brevisepala|c_trifolia,CTACTACAGGCCAAGCAGCTAAG,CGGCTCCCTATTCAGTGCTATG,60.740,60.611,224,CATAGCACTGAATAGGGAGCCG
9,c_asplenifolia|c_teeta|c_omeiensis|c_groenlandica|c_deltoidea|c_ramosa|c_quinquesecta|c_quinquefolia|c_trifoliolata|c_chinensis|c_brevisepala|c_trifolia,ATTCACAATCCACTGCCTTGATC,ATGCTCACAACTTCCCTCTAGAC,59.302,59.803,262,GTCTAGAGGGAAGTTGTGAGCAT
10,c_asplenifolia|c_teeta|c_omeiensis|c_groenlandica|c_deltoidea|c_ramosa|c_quinquesecta|c_quinquefolia|c_trifoliolata|c_chinensis|c_brevisepala|c_trifolia,AATCCACTGCCTTGATCCACTTG,GCTGTTGAAGTTCCATCCACAAA,61.127,59.932,227,TTTGTGGATGGAACTTCAACAGC
11,c_asplenifolia|c_teeta|c_omeiensis|c_groenlandica|c_deltoidea|c_ramosa|c_quinquesecta|c_quinquefolia|c_trifoliolata|c_chinensis|c_brevisepala|c_trifolia,TTGTGCTCAGCCTGGAATACAAT,TTATTGCCTTCATTGCTGCTCCT,60.562,60.879,427,AGGAGCAGCAATGAAGGCAATAA
12,c_asplenifolia|c_teeta|c_omeiensis|c_groenlandica|c_deltoidea|c_ramosa|c_quinquesecta|c_quinquefolia|c_trifoliolata|c_chinensis|c_brevisepala|c_trifolia,TCCTCTTGACCGAATCTGTAACC,AGAACTTTGGCTCGTAAACACAAA,59.805,59.603,1429,TTTGTGTTTACGAGCCAAAGTTCT
13,c_asplenifolia|c_teeta|c_omeiensis|c_groenlandica|c_deltoidea|c_ramosa|c_quinquesecta|c_quinquefolia|c_trifoliolata|c_chinensis|c_brevisepala|c_trifolia,AGAGGGAAGTTGTGAGCATTACG,AGGTTACAGATTCGGTCAAGAGG,60.618,59.804,318,CCTCTTGACCGAATCTGTAACCT
14,c_asplenifolia|c_teeta|c_omeiensis|c_groenlandica|c_deltoidea|c_ramosa|c_quinquesecta|c_quinquefolia|c_trifoliolata|c_chinensis|c_brevisepala|c_trifolia,TCAGTCGTGGTCTTACAAACTCT,GGTTGTCTATGAAGTGCCAATCC,59.365,59.622,406,GGATTGGCACTTCATAGACAACC
15,c_asplenifolia|c_teeta|c_omeiensis|c_groenlandica|c_deltoidea|c_ramosa|c_quinquesecta|c_quinquefolia|c_trifoliolata|c_chinensis|c_brevisepala|c_trifolia,ATGGAACTTCAACAGCAGCTAGG,TCTTCTTAGCTGCTTGGCCTGTA,60.871,61.640,231,TACAGGCCAAGCAGCTAAGAAGA
16,c_asplenifolia|c_teeta|c_omeiensis|c_groenlandica|c_deltoidea|c_ramosa|c_quinquesecta|c_quinquefolia|c_trifoliolata|c_chinensis|c_brevisepala|c_trifolia,GGGAAGTTGTGAGCATTACGTTC,ATCGTAGCTGCTCATGGTTATTT,60.120,58.292,278,AAATAACCATGAGCAGCTACGAT
17,c_asplenifolia|c_teeta|c_omeiensis|c_groenlandica|c_deltoidea|c_ramosa|c_quinquesecta|c_quinquefolia|c_trifoliolata|c_chinensis|c_brevisepala|c_trifolia,TATCTACTGGAGGAGCAGCAATG,TCTACTCCATCCGACTAGTTCCG,59.677,60.744,440,CGGAACTAGTCGGATGGAGTAGA
18,c_asplenifolia|c_teeta|c_omeiensis|c_groenlandica|c_deltoidea|c_ramosa|c_quinquesecta|c_quinquefolia|c_trifoliolata|c_chinensis|c_brevisepala|c_trifolia,AGTCGTGGTCTTACAAACTCTACC,TCCATTTATCCACGCCCTATAAGT,60.023,59.404,287,ACTTATAGGGCGTGGATAAATGGA
19,c_asplenifolia|c_teeta|c_omeiensis|c_groenlandica|c_deltoidea|c_ramosa|c_quinquesecta|c_quinquefolia|c_trifoliolata|c_chinensis|c_brevisepala|c_trifolia,CTACAGGCCAAGCAGCTAAGAAG,GTATTCGGCGGCTCCCTATTC,61.234,60.672,229,GAATAGGGAGCCGCCGAATAC
20,c_asplenifolia|c_teeta|c_omeiensis|c_groenlandica|c_deltoidea|c_ramosa|c_quinquesecta|c_quinquefolia|c_trifoliolata|c_chinensis|c_brevisepala|c_trifolia,CTCACGACCCATGTAACAAGCTA,CTGGGCTATCTTTCAAGTGTACG,60.368,59.134,1412,CGTACACTTGAAAGATAGCCCAG
21,c_asplenifolia|c_teeta|c_omeiensis|c_groenlandica|c_deltoidea|c_ramosa|c_quinquesecta|c_quinquefolia|c_trifoliolata|c_chinensis|c_brevisepala|c_trifolia,CTACTGGAGGAGCAGCAATGAAG,ATAATTTGTGTGCTTGGGAGTCC,60.989,59.236,227,GGACTCCCAAGCACACAAATTAT
22,c_asplenifolia|c_teeta|c_omeiensis|c_groenlandica|c_deltoidea|c_ramosa|c_quinquesecta|c_quinquefolia|c_trifoliolata|c_chinensis|c_brevisepala|c_trifolia,TTGTGTTTACGAGCCAAAGTTCT,AGAGTTTGTAAGACCACGACTGA,59.057,59.365,1983,TCAGTCGTGGTCTTACAAACTCT
23,c_asplenifolia|c_teeta|c_omeiensis|c_groenlandica|c_deltoidea|c_ramosa|c_quinquesecta|c_quinquefolia|c_trifoliolata|c_chinensis|c_brevisepala|c_trifolia,GTCTAGAGGGAAGTTGTGAGCAT,TACAGATTCGGTCAAGAGGAAGA,59.803,58.659,318,TCTTCCTCTTGACCGAATCTGTA
24,c_asplenifolia|c_teeta|c_omeiensis|c_groenlandica|c_deltoidea|c_ramosa|c_quinquesecta|c_quinquefolia|c_trifoliolata|c_chinensis|c_brevisepala|c_trifolia,CACAATCCACTGCCTTGATCCAC,GCGCTAACCTTGGTATGGAAGTT,61.979,61.179,295,AACTTCCATACCAAGGTTAGCGC
25,c_asplenifolia|c_teeta|c_omeiensis|c_groenlandica|c_deltoidea|c_ramosa|c_quinquesecta|c_quinquefolia|c_trifoliolata|c_chinensis|c_brevisepala|c_trifolia,CCACTCACGACCCATGTAACAAG,TGTGCTAGAACTTTGGCTCGTA,61.413,59.702,1100,TACGAGCCAAAGTTCTAGCACA
26,c_asplenifolia|c_teeta|c_omeiensis|c_groenlandica|c_deltoidea|c_ramosa|c_quinquesecta|c_quinquefolia|c_trifoliolata|c_chinensis|c_brevisepala|c_trifolia,TTTCTGTGGTTTCCCTGATCAAAC,CTTGTTACATGGGTCGTGAGTGG,59.659,61.413,318,CCACTCACGACCCATGTAACAAG
27,c_asplenifolia|c_teeta|c_omeiensis|c_groenlandica|c_deltoidea|c_ramosa|c_quinquesecta|c_quinquefolia|c_trifoliolata|c_chinensis|c_brevisepala|c_trifolia,TTCCCACTCACGACCCATGTAA,TGCTCCTCCAGTAGATATTGATGG,61.352,59.470,235,CCATCAATATCTACTGGAGGAGCA
28,c_asplenifolia|c_teeta|c_omeiensis|c_groenlandica|c_deltoidea|c_ramosa|c_quinquesecta|c_quinquefolia|c_trifoliolata|c_chinensis|c_brevisepala|c_trifolia,TTTGTGGATGGAACTTCAACAGC,TGAAGGTTACAGATTCGGTCAAG,59.932,58.434,354,CTTGACCGAATCTGTAACCTTCA
29,c_asplenifolia|c_teeta|c_omeiensis|c_groenlandica|c_deltoidea|c_ramosa|c_quinquesecta|c_quinquefolia|c_trifoliolata|c_chinensis|c_brevisepala|c_trifolia,TCTTGACCGAATCTGTAACCTTCA,AGGAAGCTTCTCTGATGGTATGC,59.718,60.181,231,GCATACCATCAGAGAAGCTTCCT
30,c_asplenifolia|c_teeta|c_omeiensis|c_groenlandica|c_deltoidea|c_ramosa|c_quinquesecta|c_quinquefolia|c_trifoliolata|c_chinensis|c_brevisepala|c_trifolia,AAAGCCGAGTACTCTACCGTTGA,TGTCTATGAAGTGCCAATCCAACA,61.369,60.506,318,TGTTGGATTGGCACTTCATAGACA
31,c_asplenifolia|c_teeta|c_omeiensis|c_groenlandica|c_deltoidea|c_ramosa|c_quinquesecta|c_quinquefolia|c_trifoliolata|c_chinensis|c_brevisepala|c_trifolia,ACGTTCATGCATAACTTCCATACC,ACTTGGGCCGATTCATCAGAT,59.425,59.508,1841,ATCTGATGAATCGGCCCAAGT
32,c_asplenifolia|c_teeta|c_omeiensis|c_groenlandica|c_deltoidea|c_ramosa|c_quinquesecta|c_quinquefolia|c_trifoliolata|c_chinensis|c_brevisepala|c_trifolia,TCTTCCTCTTGACCGAATCTGTA,TGTAGCTTGTTACATGGGTCGT,58.659,59.699,366,ACGACCCATGTAACAAGCTACA
33,c_asplenifolia|c_teeta|c_omeiensis|c_groenlandica|c_deltoidea|c_ramosa|c_quinquesecta|c_quinquefolia|c_trifoliolata|c_chinensis|c_brevisepala|c_trifolia,CTCCTGCAACTTCAACAACTCATATA,CATGATTGTATTCCAGGCTGAGC,59.405,59.747,568,GCTCAGCCTGGAATACAATCATG
34,c_asplenifolia|c_teeta|c_omeiensis|c_groenlandica|c_deltoidea|c_ramosa|c_quinquesecta|c_quinquefolia|c_trifoliolata|c_chinensis|c_brevisepala|c_trifolia,CGTACACTTGAAAGATAGCCCAGA,AAGTGACGCGTTCCTTGGATTC,60.382,61.441,1884,GAATCCAAGGAACGCGTCACTT
35,c_asplenifolia|c_teeta|c_omeiensis|c_groenlandica|c_deltoidea|c_ramosa|c_quinquesecta|c_quinquefolia|c_trifoliolata|c_chinensis|c_brevisepala|c_trifolia,TGTTTACGAGCCAAAGTTCTAGC,GGTAGAGTTTGTAAGACCACGAC,59.256,58.767,1983,GTCGTGGTCTTACAAACTCTACC
36,c_asplenifolia|c_teeta|c_omeiensis|c_groenlandica|c_deltoidea|c_ramosa|c_quinquesecta|c_quinquefolia|c_trifoliolata|c_chinensis|c_brevisepala|c_trifolia,TTTGCAACCCGATCGCTCTTT,TGCCAATCCAACACAAGTCCTT,61.151,60.689,826,AAGGACTTGTGTTGGATTGGCA
37,c_asplenifolia|c_teeta|c_omeiensis|c_groenlandica|c_deltoidea|c_ramosa|c_quinquesecta|c_quinquefolia|c_trifoliolata|c_chinensis|c_brevisepala|c_trifolia,CAATATCTACTGGAGGAGCAGCA,GGAACTTATCTACTCCATCCGACTAG,59.677,59.850,451,CTAGTCGGATGGAGTAGATAAGTTCC
38,c_asplenifolia|c_teeta|c_omeiensis|c_groenlandica|c_deltoidea|c_ramosa|c_quinquesecta|c_quinquefolia|c_trifoliolata|c_chinensis|c_brevisepala|c_trifolia,GGAGCAGCAATGAAGGCAATAATAAA,GGAGTCCCTGATGATTGAATAAACC,60.684,59.467,203,GGTTTATTCAATCATCAGGGACTCC
39,c_asplenifolia|c_teeta|c_omeiensis|c_groenlandica|c_deltoidea|c_ramosa|c_quinquesecta|c_quinquefolia|c_trifoliolata|c_chinensis|c_brevisepala|c_trifolia,ACTAAGACCTAGCCATTTGTGGAT,TTACATGGGTCGTGAGTGGGAA,59.525,61.352,696,TTCCCACTCACGACCCATGTAA
40,c_asplenifolia|c_teeta|c_omeiensis|c_groenlandica|c_deltoidea|c_ramosa|c_quinquesecta|c_quinquefolia|c_trifoliolata|c_chinensis|c_brevisepala|c_trifolia,GCATAACTTCCATACCAAGGTTAGC,TGCTAGTTTCAACAATTCTCGTTCTT,59.991,59.740,209,AAGAACGAGAATTGTTGAAACTAGCA
41,c_asplenifolia|c_teeta|c_omeiensis|c_groenlandica|c_deltoidea|c_ramosa|c_quinquesecta|c_quinquefolia|c_trifoliolata|c_chinensis|c_brevisepala|c_trifolia,TTACTCCTGCAACTTCAACAACT,GTCAAGGAAGCTTCTCTGATGGT,58.477,60.307,626,ACCATCAGAGAAGCTTCCTTGAC
42,c_asplenifolia|c_teeta|c_omeiensis|c_groenlandica|c_deltoidea|c_ramosa|c_quinquesecta|c_quinquefolia|c_trifoliolata|c_chinensis|c_brevisepala|c_trifolia,CTCAGCCTGGAATACAATCATGAA,GCAGCGTCCGTTGATGAATG,58.872,60.248,273,CATTCATCAACGGACGCTGC
43,c_asplenifolia|c_teeta|c_omeiensis|c_groenlandica|c_deltoidea|c_ramosa|c_quinquesecta|c_quinquefolia|c_trifoliolata|c_chinensis|c_brevisepala|c_trifolia,AATAACCATGAGCAGCTACGATATT,AGGTATGCGCCCTTGGATTG,58.532,60.466,353,CAATCCAAGGGCGCATACCT
44,c_asplenifolia|c_teeta|c_omeiensis|c_groenlandica|c_deltoidea|c_ramosa|c_quinquesecta|c_quinquefolia|c_trifoliolata|c_chinensis|c_brevisepala|c_trifolia,GACTCCCAAGCACACAAATTATCTA,TTTCTGGGCTATCTTTCAAGTGT,59.120,58.014,995,ACACTTGAAAGATAGCCCAGAAA
45,c_asplenifolia|c_teeta|c_omeiensis|c_groenlandica|c_deltoidea|c_ramosa|c_quinquesecta|c_quinquefolia|c_trifoliolata|c_chinensis|c_brevisepala|c_trifolia,GACCGAATCTGTAACCTTCATTAGC,CTACTTCTGCAGCTATAGGGTTG,59.765,58.374,471,CAACCCTATAGCTGCAGAAGTAG
46,c_asplenifolia|c_teeta|c_omeiensis|c_groenlandica|c_deltoidea|c_ramosa|c_quinquesecta|c_quinquefolia|c_trifoliolata|c_chinensis|c_brevisepala|c_trifolia,TTACGAGCCAAAGTTCTAGCACA,AGACGAATGTGTAGAAGAAACAGTAT,60.244,58.396,1596,ATACTGTTTCTTCTACACATTCGTCT
47,c_asplenifolia|c_teeta|c_omeiensis|c_groenlandica|c_deltoidea|c_ramosa|c_quinquesecta|c_quinquefolia|c_trifoliolata|c_chinensis|c_brevisepala|c_trifolia,TCAGCCTGGAATACAATCATGAAATT,TGGTGCTATTATTCCTACTTCTGCA,59.392,59.870,330,TGCAGAAGTAGGAATAATAGCACCA
48,c_asplenifolia|c_teeta|c_omeiensis|c_groenlandica|c_deltoidea|c_ramosa|c_quinquesecta|c_quinquefolia|c_trifoliolata|c_chinensis|c_brevisepala|c_trifolia,GGAATTGAACCCGCGCATG,CGTAATGCTCACAACTTCCCTCTA,60.227,60.382,289,TAGAGGGAAGTTGTGAGCATTACG
49,c_asplenifolia|c_teeta|c_omeiensis|c_groenlandica|c_deltoidea|c_ramosa|c_quinquesecta|c_quinquefolia|c_trifoliolata|c_chinensis|c_brevisepala|c_trifolia,ATAACCATTCATCAACGGACGCT,GTCCCTGATGATTGAATAAACCAAGAT,60.682,59.714,352,ATCTTGGTTTATTCAATCATCAGGGAC
50,c_asplenifolia|c_teeta|c_omeiensis|c_groenlandica|c_deltoidea|c_ramosa|c_quinquesecta|c_quinquefolia|c_trifoliolata|c_chinensis|c_brevisepala|c_trifolia,TAGGTCTAGAGGGAAGTTGTGAG,CTGCTAATGAAGGTTACAGATTCGG,58.399,59.765,335,CCGAATCTGTAACCTTCATTAGCAG
51,c_asplenifolia|c_teeta|c_omeiensis|c_groenlandica|c_deltoidea|c_ramosa|c_quinquesecta|c_quinquefolia|c_trifoliolata|c_chinensis|c_brevisepala|c_trifolia,CATGCATAACTTCCATACCAAGGT,TGCTATTATTCCTACTTCTGCAGCT,59.111,59.929,758,AGCTGCAGAAGTAGGAATAATAGCA
52,c_asplenifolia|c_teeta|c_omeiensis|c_groenlandica|c_deltoidea|c_ramosa|c_quinquesecta|c_quinquefolia|c_trifoliolata|c_chinensis|c_brevisepala|c_trifolia,TGATGATATCTGCCCAAGTGTTAAT,CCTTCATTGCTGCTCCTCCA,58.396,60.035,813,TGGAGGAGCAGCAATGAAGG
53,c_asplenifolia|c_teeta|c_omeiensis|c_groenlandica|c_deltoidea|c_ramosa|c_quinquesecta|c_quinquefolia|c_trifoliolata|c_chinensis|c_brevisepala|c_trifolia,ATTTAGGTTGAAAGCCATGGTGC,TGTATTCCAGGCTGAGCACAA,60.056,59.649,343,TTGTGCTCAGCCTGGAATACA
54,c_asplenifolia|c_teeta|c_omeiensis|c_groenlandica|c_deltoidea|c_ramosa|c_quinquesecta|c_quinquefolia|c_trifoliolata|c_chinensis|c_brevisepala|c_trifolia,GGACGCTGCCTCCCATATTG,TGTAGATAATTTGTGTGCTTGGGAG,60.886,59.352,360,CTCCCAAGCACACAAATTATCTACA
55,c_asplenifolia|c_teeta|c_omeiensis|c_groenlandica|c_deltoidea|c_ramosa|c_quinquesecta|c_quinquefolia|c_trifoliolata|c_chinensis|c_brevisepala|c_trifolia,GGATGGAACTTCAACAGCAGCT,TGCTATTATTCCTACTTCTGCAGCTATA,61.138,59.852,811,TATAGCTGCAGAAGTAGGAATAATAGCA
56,c_asplenifolia|c_teeta|c_omeiensis|c_groenlandica|c_deltoidea|c_ramosa|c_quinquesecta|c_quinquefolia|c_trifoliolata|c_chinensis|c_brevisepala|c_trifolia,GAGGAGCAGCAATGAAGGCAAT,AAATGCAGGCACGGTTTGG,61.530,59.633,482,CCAAACCGTGCCTGCATTT
57,c_asplenifolia|c_teeta|c_omeiensis|c_groenlandica|c_deltoidea|c_ramosa|c_quinquesecta|c_quinquefolia|c_trifoliolata|c_chinensis|c_brevisepala|c_trifolia,GTCGGATGGAGTAGATAAGTTCCT,TTTGTAACTTATCAGGGCAGCC,59.172,58.647,627,GGCTGCCCTGATAAGTTACAAA
58,c_asplenifolia|c_teeta|c_omeiensis|c_groenlandica|c_deltoidea|c_ramosa|c_quinquesecta|c_quinquefolia|c_trifoliolata|c_chinensis|c_brevisepala|c_trifolia,TTGATGATATCTGCCCAAGTGTT,CGCCCTTGGATTGCTGTTG,58.141,59.786,548,CAACAGCAATCCAAGGGCG
59,c_asplenifolia|c_teeta|c_omeiensis|c_groenlandica|c_deltoidea|c_ramosa|c_quinquesecta|c_quinquefolia|c_trifoliolata|c_chinensis|c_brevisepala|c_trifolia,AAATAACCATGAGCAGCTACGAT,AGGAATCTCTGGTACTTTCAATTTCA,58.292,58.538,243,TGAAATTGAAAGTACCAGAGATTCCT
60,c_asplenifolia|c_teeta|c_omeiensis|c_groenlandica|c_deltoidea|c_ramosa|c_quinquesecta|c_quinquefolia|c_trifoliolata|c_chinensis|c_brevisepala|c_trifolia,AACCATGAGCAGCTACGATATTATAA,TGACCGCAACTTCTGTATTTATTATTG,58.388,58.605,636,CAATAATAAATACAGAAGTTGCGGTCA
61,c_asplenifolia|c_teeta|c_omeiensis|c_groenlandica|c_deltoidea|c_ramosa|c_quinquesecta|c_quinquefolia|c_trifoliolata|c_chinensis|c_brevisepala|c_trifolia,CCATCAATATCTACTGGAGGAGCA,TGGTGTTGATATGATATTGGTTGACA,59.470,58.885,327,TGTCAACCAATATCATATCAACACCA
62,c_asplenifolia|c_teeta|c_omeiensis|c_groenlandica|c_deltoidea|c_ramosa|c_quinquesecta|c_quinquefolia|c_trifoliolata|c_chinensis|c_brevisepala|c_trifolia,CTGCAACTTCAACAACTCATATACAC,TGGTTTACTGCTTTAGGTATCAGC,58.982,58.817,261,GCTGATACCTAAAGCAGTAAACCA
63,c_asplenifolia|c_teeta|c_omeiensis|c_groenlandica|c_deltoidea|c_ramosa|c_quinquesecta|c_quinquefolia|c_trifoliolata|c_chinensis|c_brevisepala|c_trifolia,CCGAATACACCAGCTACGCCTA,GAGGCAGCGTCCGTTGAT,61.903,60.126,329,ATCAACGGACGCTGCCTC
64,c_asplenifolia|c_teeta|c_omeiensis|c_groenlandica|c_deltoidea|c_ramosa|c_quinquesecta|c_quinquefolia|c_trifoliolata|c_chinensis|c_brevisepala|c_trifolia,GGCTGCCCTGATAAGTTACAAA,AGACGAATGTGTAGAAGAAACAGTATATT,58.647,59.078,1428,AATATACTGTTTCTTCTACACATTCGTCT
