ID,SEQUENCE_ID,PRIMER_LEFT_SEQUENCE,PRIMER_RIGHT_SEQUENCE,PRIMER_LEFT_TM,PRIMER_RIGHT_TM,LENGTH_INTERMEDIATE_SEQUENCE,REV_RIGHT_SEQUENCE
1,c_chinensis|c_brevisepala|c_groenlandica|c_omeiensis|c_trifolia|c_ramosa|c_quinquefolia|c_asplenifolia|c_trifoliolata|c_deltoidea|c_quinquesecta|c_teeta,ATGGAGGCAGGGAAGGGATATAA,TTACGCCCAATCATTCCGGATAA,60.443,60.181,833,TTATCCGGAATGATTGGGCGTAA
2,c_chinensis|c_brevisepala|c_groenlandica|c_omeiensis|c_trifolia|c_ramosa|c_quinquefolia|c_asplenifolia|c_trifoliolata|c_deltoidea|c_quinquesecta|c_teeta,TGACTTGGTTCTGCTTCCTTTCT,CGAGAAACTCAACGCCACTATTC,60.118,59.939,308,GAATAGTGGCGTTGAGTTTCTCG
3,c_chinensis|c_brevisepala|c_groenlandica|c_omeiensis|c_trifolia|c_ramosa|c_quinquefolia|c_asplenifolia|c_trifoliolata|c_deltoidea|c_quinquesecta|c_teeta,AAGACAGAGGATGCAAGCGTTAT,CAGCGCCTAGTATCCATCGTTTA,60.370,60.305,304,TAAACGATGGATACTAGGCGCTG
4,c_chinensis|c_brevisepala|c_groenlandica|c_omeiensis|c_trifolia|c_ramosa|c_quinquefolia|c_asplenifolia|c_trifoliolata|c_deltoidea|c_quinquesecta|c_teeta,AGGAATAGTGGCGTTGAGTTTCT,GTCAATCCCACGAGCCTCTTATC,59.992,60.801,227,GATAAGAGGCTCGTGGGATTGAC
5,c_chinensis|c_brevisepala|c_groenlandica|c_omeiensis|c_trifolia|c_ramosa|c_quinquefolia|c_asplenifolia|c_trifoliolata|c_deltoidea|c_quinquesecta|c_teeta,AGTTTCTCGACCCTTTGCCTTAG,TAACGCTTGCATCCTCTGTCTTA,60.557,59.805,858,TAAGACAGAGGATGCAAGCGTTA
6,c_chinensis|c_brevisepala|c_groenlandica|c_omeiensis|c_trifolia|c_ramosa|c_quinquefolia|c_asplenifolia|c_trifoliolata|c_deltoidea|c_quinquesecta|c_teeta,CCGAAGAGCAACTAGGACCAATT,CGAGCCGGGATCACTAACTAATA,60.620,59.495,817,TATTAGTTAGTGATCCCGGCTCG
7,c_chinensis|c_brevisepala|c_groenlandica|c_omeiensis|c_trifolia|c_ramosa|c_quinquefolia|c_asplenifolia|c_trifoliolata|c_deltoidea|c_quinquesecta|c_teeta,CGATCCGAATGAATCAGCCTTTC,AGGAAGCAGAACCAAGTCAAGAT,60.059,59.926,359,ATCTTGACTTGGTTCTGCTTCCT
8,c_chinensis|c_brevisepala|c_groenlandica|c_omeiensis|c_trifolia|c_ramosa|c_quinquefolia|c_asplenifolia|c_trifoliolata|c_deltoidea|c_quinquesecta|c_teeta,CGGTGGAGCATGTGGTTTAATTC,TACGGCTACCTTGTTACGACTTC,60.428,60.120,574,GAAGTCGTAACAAGGTAGCCGTA
9,c_chinensis|c_brevisepala|c_groenlandica|c_omeiensis|c_trifolia|c_ramosa|c_quinquefolia|c_asplenifolia|c_trifoliolata|c_deltoidea|c_quinquesecta|c_teeta,AGCCGTACACTTCACATGTTTCT,GAGTGGAAGAAGGGAGGAGATTC,60.494,59.866,456,GAATCTCCTCCCTTCTTCCACTC
10,c_chinensis|c_brevisepala|c_groenlandica|c_omeiensis|c_trifolia|c_ramosa|c_quinquefolia|c_asplenifolia|c_trifoliolata|c_deltoidea|c_quinquesecta|c_teeta,GCTATTTGACTCGGACCTGTTCTA,TGATGCCATGTGAATCGCTAGAA,60.142,60.432,247,TTCTAGCGATTCACATGGCATCA
11,c_chinensis|c_brevisepala|c_groenlandica|c_omeiensis|c_trifolia|c_ramosa|c_quinquefolia|c_asplenifolia|c_trifoliolata|c_deltoidea|c_quinquesecta|c_teeta,TATCCGGAATGATTGGGCGTAAA,CAGTCTGTTCAGGGTTCCAAACT,60.181,60.686,609,AGTTTGGAACCCTGAACAGACTG
12,c_chinensis|c_brevisepala|c_groenlandica|c_omeiensis|c_trifolia|c_ramosa|c_quinquefolia|c_asplenifolia|c_trifoliolata|c_deltoidea|c_quinquesecta|c_teeta,TCCCATAGGTACAGCGTTTGAAT,TGATCATCGCCTTGGTAAGCTATT,59.801,60.202,1794,AATAGCTTACCAAGGCGATGATCA
13,c_chinensis|c_brevisepala|c_groenlandica|c_omeiensis|c_trifolia|c_ramosa|c_quinquefolia|c_asplenifolia|c_trifoliolata|c_deltoidea|c_quinquesecta|c_teeta,TTGCTATTTGACTCGGACCTGTT,TGAAGTGTACGGCTAACCCAATAA,60.244,60.020,221,TTATTGGGTTAGCCGTACACTTCA
14,c_chinensis|c_brevisepala|c_groenlandica|c_omeiensis|c_trifolia|c_ramosa|c_quinquefolia|c_asplenifolia|c_trifoliolata|c_deltoidea|c_quinquesecta|c_teeta,AAGACAATTCCGAATCCGCTTTG,TTGCCTCACCAACTAGCTAATCA,60.120,59.737,295,TGATTAGCTAGTTGGTGAGGCAA
15,c_chinensis|c_brevisepala|c_groenlandica|c_omeiensis|c_trifolia|c_ramosa|c_quinquefolia|c_asplenifolia|c_trifoliolata|c_deltoidea|c_quinquesecta|c_teeta,CCTAGGTCGGAGCAAGTTGATAG,CATGCTAATGTGCCTTGGATGAT,60.244,59.427,290,ATCATCCAAGGCACATTAGCATG
16,c_chinensis|c_brevisepala|c_groenlandica|c_omeiensis|c_trifolia|c_ramosa|c_quinquefolia|c_asplenifolia|c_trifoliolata|c_deltoidea|c_quinquesecta|c_teeta,CTGAACAGACTGCCGGTGATAAG,CCTATCAACTTGCTCCGACCTAG,61.226,60.244,567,CTAGGTCGGAGCAAGTTGATAGG
17,c_chinensis|c_brevisepala|c_groenlandica|c_omeiensis|c_trifolia|c_ramosa|c_quinquefolia|c_asplenifolia|c_trifoliolata|c_deltoidea|c_quinquesecta|c_teeta,TACGATTGAGTCCTTGGGTTTCC,ACCCTAGATGCTGTCGGAGTAAA,60.307,60.881,388,TTTACTCCGACAGCATCTAGGGT
18,c_chinensis|c_brevisepala|c_groenlandica|c_omeiensis|c_trifolia|c_ramosa|c_quinquefolia|c_asplenifolia|c_trifoliolata|c_deltoidea|c_quinquesecta|c_teeta,TGAGTCCTTTCTTCCGTGATGAA,CCCAGATACCGTCATTGCTTCTT,59.676,60.683,1616,AAGAAGCAATGACGGTATCTGGG
19,c_chinensis|c_brevisepala|c_groenlandica|c_omeiensis|c_trifolia|c_ramosa|c_quinquefolia|c_asplenifolia|c_trifoliolata|c_deltoidea|c_quinquesecta|c_teeta,TCCTCGTTCAACTCTTTCGAAGT,TTGGGAGGTATCGGGAAGGAATT,59.932,61.150,621,AATTCCTTCCCGATACCTCCCAA
20,c_chinensis|c_brevisepala|c_groenlandica|c_omeiensis|c_trifolia|c_ramosa|c_quinquefolia|c_asplenifolia|c_trifoliolata|c_deltoidea|c_quinquesecta|c_teeta,GTTTAGTTGCCACCGTTGAGTTT,CAGGCACAACGACGCAATTATC,60.181,60.788,772,GATAATTGCGTCGTTGTGCCTG
21,c_chinensis|c_brevisepala|c_groenlandica|c_omeiensis|c_trifolia|c_ramosa|c_quinquefolia|c_asplenifolia|c_trifoliolata|c_deltoidea|c_quinquesecta|c_teeta,CAATCCCTTTGCCCTTCATTCTT,ACGCCACTATTCCTGAACAACTT,59.483,60.496,1473,AAGTTGTTCAGGAATAGTGGCGT
22,c_chinensis|c_brevisepala|c_groenlandica|c_omeiensis|c_trifolia|c_ramosa|c_quinquefolia|c_asplenifolia|c_trifoliolata|c_deltoidea|c_quinquesecta|c_teeta,TCCTTAACCCTTCCTCCTCTTACT,CTAAGGCAAAGGGTCGAGAAACT,59.953,60.557,1958,AGTTTCTCGACCCTTTGCCTTAG
23,c_chinensis|c_brevisepala|c_groenlandica|c_omeiensis|c_trifolia|c_ramosa|c_quinquefolia|c_asplenifolia|c_trifoliolata|c_deltoidea|c_quinquesecta|c_teeta,TTCAGGAATAGTGGCGTTGAGTT,GCTACTGATCATCGCCTTGGTAA,60.244,60.493,637,TTACCAAGGCGATGATCAGTAGC
24,c_chinensis|c_brevisepala|c_groenlandica|c_omeiensis|c_trifolia|c_ramosa|c_quinquefolia|c_asplenifolia|c_trifoliolata|c_deltoidea|c_quinquesecta|c_teeta,ACACTGACACTGAGAGACGAAAG,TTTGGGTGTGAAGCAGTGTCAAA,60.243,61.376,853,TTTGACACTGCTTCACACCCAAA
25,c_chinensis|c_brevisepala|c_groenlandica|c_omeiensis|c_trifolia|c_ramosa|c_quinquefolia|c_asplenifolia|c_trifoliolata|c_deltoidea|c_quinquesecta|c_teeta,CGATGCAAAGCGAAGAACCTTAC,GGCTACCTTGTTACGACTTCACT,60.725,60.306,549,AGTGAAGTCGTAACAAGGTAGCC
26,c_chinensis|c_brevisepala|c_groenlandica|c_omeiensis|c_trifolia|c_ramosa|c_quinquefolia|c_asplenifolia|c_trifoliolata|c_deltoidea|c_quinquesecta|c_teeta,CCGACTCCAAGTTGTTCAGGAATA,TCCCACGAGCCTCTTATCCATTT,60.563,61.458,239,AAATGGATAAGAGGCTCGTGGGA
27,c_chinensis|c_brevisepala|c_groenlandica|c_omeiensis|c_trifolia|c_ramosa|c_quinquefolia|c_asplenifolia|c_trifoliolata|c_deltoidea|c_quinquesecta|c_teeta,ACATGGATTGGATTCTGGCAATG,TCAACGCCACTATTCCTGAACAA,59.613,60.495,685,TTGTTCAGGAATAGTGGCGTTGA
28,c_chinensis|c_brevisepala|c_groenlandica|c_omeiensis|c_trifolia|c_ramosa|c_quinquefolia|c_asplenifolia|c_trifoliolata|c_deltoidea|c_quinquesecta|c_teeta,CATGAGAGAAGCAAGGAGGTCAA,ATCTTACCCTTTCCGAAGCAACT,60.307,59.991,388,AGTTGCTTCGGAAAGGGTAAGAT
29,c_chinensis|c_brevisepala|c_groenlandica|c_omeiensis|c_trifolia|c_ramosa|c_quinquefolia|c_asplenifolia|c_trifoliolata|c_deltoidea|c_quinquesecta|c_teeta,TCTTGACTTGGTTCTGCTTCCTT,AACTCAACGCCACTATTCCTGAA,60.118,60.244,306,TTCAGGAATAGTGGCGTTGAGTT
30,c_chinensis|c_brevisepala|c_groenlandica|c_omeiensis|c_trifolia|c_ramosa|c_quinquefolia|c_asplenifolia|c_trifoliolata|c_deltoidea|c_quinquesecta|c_teeta,TAGCTTACCAAGGCGATGATCAG,CGTTGGTGTTCTTTCCGATCTCT,60.244,60.861,438,AGAGATCGGAAAGAACACCAACG
31,c_chinensis|c_brevisepala|c_groenlandica|c_omeiensis|c_trifolia|c_ramosa|c_quinquefolia|c_asplenifolia|c_trifoliolata|c_deltoidea|c_quinquesecta|c_teeta,GAATCTCCTCCCTTCTTCCACTC,GTTGACCTCCTTGCTTCTCTCAT,59.866,60.307,963,ATGAGAGAAGCAAGGAGGTCAAC
32,c_chinensis|c_brevisepala|c_groenlandica|c_omeiensis|c_trifolia|c_ramosa|c_quinquefolia|c_asplenifolia|c_trifoliolata|c_deltoidea|c_quinquesecta|c_teeta,TTGAGTATCCGTTTCCCTCCTTT,GCGTTCTAGTGCGTTGTAGATTC,59.414,60.001,411,GAATCTACAACGCACTAGAACGC
33,c_chinensis|c_brevisepala|c_groenlandica|c_omeiensis|c_trifolia|c_ramosa|c_quinquefolia|c_asplenifolia|c_trifoliolata|c_deltoidea|c_quinquesecta|c_teeta,CGGAGAAGAAGCAATGACGGTAT,TTCTTTCCGATCTCTGCGCATTT,60.738,61.175,251,AAATGCGCAGAGATCGGAAAGAA
34,c_chinensis|c_brevisepala|c_groenlandica|c_omeiensis|c_trifolia|c_ramosa|c_quinquefolia|c_asplenifolia|c_trifoliolata|c_deltoidea|c_quinquesecta|c_teeta,CCCAGTAGTCCTAGCCGTAAAC,CTTTCAAGAGGATTCGCGACATG,59.900,60.242,223,CATGTCGCGAATCCTCTTGAAAG
35,c_chinensis|c_brevisepala|c_groenlandica|c_omeiensis|c_trifolia|c_ramosa|c_quinquefolia|c_asplenifolia|c_trifoliolata|c_deltoidea|c_quinquesecta|c_teeta,GTTAGCCGTACACTTCACATGTT,CCAACAGTTCATCACGGAAGAAA,59.256,59.436,1311,TTTCTTCCGTGATGAACTGTTGG
36,c_chinensis|c_brevisepala|c_groenlandica|c_omeiensis|c_trifolia|c_ramosa|c_quinquefolia|c_asplenifolia|c_trifoliolata|c_deltoidea|c_quinquesecta|c_teeta,GGATTCTGGCAATGCAATGTAGT,AGAAAGGAAGCAGAACCAAGTCA,59.617,60.118,399,TGACTTGGTTCTGCTTCCTTTCT
37,c_chinensis|c_brevisepala|c_groenlandica|c_omeiensis|c_trifolia|c_ramosa|c_quinquefolia|c_asplenifolia|c_trifoliolata|c_deltoidea|c_quinquesecta|c_teeta,GACACTGAGAGACGAAAGCTAGG,CTTATCACCGGCAGTCTGTTCAG,60.427,61.226,420,CTGAACAGACTGCCGGTGATAAG
38,c_chinensis|c_brevisepala|c_groenlandica|c_omeiensis|c_trifolia|c_ramosa|c_quinquefolia|c_asplenifolia|c_trifoliolata|c_deltoidea|c_quinquesecta|c_teeta,GGCAGGGAAGGGATATAACTCAG,TAGCTTTCGTCTCTCAGTGTCAG,59.992,59.811,1027,CTGACACTGAGAGACGAAAGCTA
39,c_chinensis|c_brevisepala|c_groenlandica|c_omeiensis|c_trifolia|c_ramosa|c_quinquefolia|c_asplenifolia|c_trifoliolata|c_deltoidea|c_quinquesecta|c_teeta,TGTCACTCTACAGAACCGTACAT,ACAGTTCATCACGGAAGAAAGGA,58.923,59.929,963,TCCTTTCTTCCGTGATGAACTGT
40,c_chinensis|c_brevisepala|c_groenlandica|c_omeiensis|c_trifolia|c_ramosa|c_quinquefolia|c_asplenifolia|c_trifoliolata|c_deltoidea|c_quinquesecta|c_teeta,GTTGAGTTTGGAACCCTGAACAG,ACCTTGTTACGACTTCACTCCAG,59.933,60.244,374,CTGGAGTGAAGTCGTAACAAGGT
41,c_chinensis|c_brevisepala|c_groenlandica|c_omeiensis|c_trifolia|c_ramosa|c_quinquefolia|c_asplenifolia|c_trifoliolata|c_deltoidea|c_quinquesecta|c_teeta,CAATTCCGAATCCGCTTTGTCTA,CTCACCTTCCTCCGGCTTATC,59.379,59.931,1191,GATAAGCCGGAGGAAGGTGAG
42,c_chinensis|c_brevisepala|c_groenlandica|c_omeiensis|c_trifolia|c_ramosa|c_quinquefolia|c_asplenifolia|c_trifoliolata|c_deltoidea|c_quinquesecta|c_teeta,CATTCCAATTCCTTCCCGATACC,TTGCCAGAATCCAATCCATGTTG,59.179,59.804,455,CAACATGGATTGGATTCTGGCAA
43,c_chinensis|c_brevisepala|c_groenlandica|c_omeiensis|c_trifolia|c_ramosa|c_quinquefolia|c_asplenifolia|c_trifoliolata|c_deltoidea|c_quinquesecta|c_teeta,TCATTGCTATTTGACTCGGACCT,AACATGTGAAGTGTACGGCTAAC,59.802,59.256,230,GTTAGCCGTACACTTCACATGTT
44,c_chinensis|c_brevisepala|c_groenlandica|c_omeiensis|c_trifolia|c_ramosa|c_quinquefolia|c_asplenifolia|c_trifoliolata|c_deltoidea|c_quinquesecta|c_teeta,TCCTTTCTTCCGTGATGAACTGT,TTATATCCCTTCCCTGCCTCCAT,59.929,60.443,882,ATGGAGGCAGGGAAGGGATATAA
45,c_chinensis|c_brevisepala|c_groenlandica|c_omeiensis|c_trifolia|c_ramosa|c_quinquefolia|c_asplenifolia|c_trifoliolata|c_deltoidea|c_quinquesecta|c_teeta,TTGTTCAGGAATAGTGGCGTTGA,CTTTCGTCTCTCAGTGTCAGTGT,60.495,60.243,1096,ACACTGACACTGAGAGACGAAAG
46,c_chinensis|c_brevisepala|c_groenlandica|c_omeiensis|c_trifolia|c_ramosa|c_quinquefolia|c_asplenifolia|c_trifoliolata|c_deltoidea|c_quinquesecta|c_teeta,GTCACCCTTACTGTCACTCTACA,TCATCACGGAAGAAAGGACTCAC,59.175,60.306,969,GTGAGTCCTTTCTTCCGTGATGA
47,c_chinensis|c_brevisepala|c_groenlandica|c_omeiensis|c_trifolia|c_ramosa|c_quinquefolia|c_asplenifolia|c_trifoliolata|c_deltoidea|c_quinquesecta|c_teeta,ATGTCGCGAATCCTCTTGAAAGA,CTCGTGGGCTTGGTCTTACTT,60.368,59.998,687,AAGTAAGACCAAGCCCACGAG
48,c_chinensis|c_brevisepala|c_groenlandica|c_omeiensis|c_trifolia|c_ramosa|c_quinquefolia|c_asplenifolia|c_trifoliolata|c_deltoidea|c_quinquesecta|c_teeta,ATCCATACGATTGAGTCCTTGGG,TGCCATGTGAATCGCTAGAAACA,59.928,60.868,305,TGTTTCTAGCGATTCACATGGCA
49,c_chinensis|c_brevisepala|c_groenlandica|c_omeiensis|c_trifolia|c_ramosa|c_quinquefolia|c_asplenifolia|c_trifoliolata|c_deltoidea|c_quinquesecta|c_teeta,CGAATTGTTTGTTGACACGGACA,GATCGTCAACAAGGGCGTTCTAG,60.486,61.520,267,CTAGAACGCCCTTGTTGACGATC
50,c_chinensis|c_brevisepala|c_groenlandica|c_omeiensis|c_trifolia|c_ramosa|c_quinquefolia|c_asplenifolia|c_trifoliolata|c_deltoidea|c_quinquesecta|c_teeta,AGTTCGAGCCTGATTATCCCTAAA,AGCCACCTACAGACGCTTTAC,59.346,60.067,787,GTAAAGCGTCTGTAGGTGGCT
51,c_chinensis|c_brevisepala|c_groenlandica|c_omeiensis|c_trifolia|c_ramosa|c_quinquefolia|c_asplenifolia|c_trifoliolata|c_deltoidea|c_quinquesecta|c_teeta,TGTACCATGAGAGAAGCAAGGAG,TTCGATACGGGTAGGAGAAGAAC,59.804,59.371,506,GTTCTTCTCCTACCCGTATCGAA
52,c_chinensis|c_brevisepala|c_groenlandica|c_omeiensis|c_trifolia|c_ramosa|c_quinquefolia|c_asplenifolia|c_trifoliolata|c_deltoidea|c_quinquesecta|c_teeta,AGAGCAACTAGGACCAATTCAGT,GAGGTATCGGGAAGGAATTGGAA,59.415,59.864,539,TTCCAATTCCTTCCCGATACCTC
53,c_chinensis|c_brevisepala|c_groenlandica|c_omeiensis|c_trifolia|c_ramosa|c_quinquefolia|c_asplenifolia|c_trifoliolata|c_deltoidea|c_quinquesecta|c_teeta,GCTCGCGTCTGATTAGCTAGTT,TCGCTTTGCATCGAATTAAACCA,60.542,59.811,721,TGGTTTAATTCGATGCAAAGCGA
54,c_chinensis|c_brevisepala|c_groenlandica|c_omeiensis|c_trifolia|c_ramosa|c_quinquefolia|c_asplenifolia|c_trifoliolata|c_deltoidea|c_quinquesecta|c_teeta,GGTGAGTCCTTTCTTCCGTGAT,CCGTGGAAAGGCTGATTCATTC,60.028,59.902,209,GAATGAATCAGCCTTTCCACGG
55,c_chinensis|c_brevisepala|c_groenlandica|c_omeiensis|c_trifolia|c_ramosa|c_quinquefolia|c_asplenifolia|c_trifoliolata|c_deltoidea|c_quinquesecta|c_teeta,AACGCCCTTGTTGACGATCTTT,ACTACATTGCATTGCCAGAATCC,61.069,59.617,1360,GGATTCTGGCAATGCAATGTAGT
56,c_chinensis|c_brevisepala|c_groenlandica|c_omeiensis|c_trifolia|c_ramosa|c_quinquefolia|c_asplenifolia|c_trifoliolata|c_deltoidea|c_quinquesecta|c_teeta,GCCCACGAGCTTATTATCCTAGG,CCCGGATCCCACGAGTGAATA,60.369,61.368,426,TATTCACTCGTGGGATCCGGG
57,c_chinensis|c_brevisepala|c_groenlandica|c_omeiensis|c_trifolia|c_ramosa|c_quinquefolia|c_asplenifolia|c_trifoliolata|c_deltoidea|c_quinquesecta|c_teeta,CAATAGCTTACCAAGGCGATGAT,TAAGGTTCTTCGCTTTGCATCGA,58.932,60.863,701,TCGATGCAAAGCGAAGAACCTTA
58,c_chinensis|c_brevisepala|c_groenlandica|c_omeiensis|c_trifolia|c_ramosa|c_quinquefolia|c_asplenifolia|c_trifoliolata|c_deltoidea|c_quinquesecta|c_teeta,TCTTCTCCTACCCGTATCGAATAGA,GTCGAGAAACTCAACGCCACTA,59.988,60.606,255,TAGTGGCGTTGAGTTTCTCGAC
59,c_chinensis|c_brevisepala|c_groenlandica|c_omeiensis|c_trifolia|c_ramosa|c_quinquefolia|c_asplenifolia|c_trifoliolata|c_deltoidea|c_quinquesecta|c_teeta,AAGATCCTGGCTTTCGTGCTTTG,GCAGAACCAAGTCAAGATGATACG,61.917,59.967,714,CGTATCATCTTGACTTGGTTCTGC
60,c_chinensis|c_brevisepala|c_groenlandica|c_omeiensis|c_trifolia|c_ramosa|c_quinquefolia|c_asplenifolia|c_trifoliolata|c_deltoidea|c_quinquesecta|c_teeta,CGATTCACATGGCATCATCAAATG,ACTGAATTGGTCCTAGTTGCTCTT,59.320,59.958,462,AAGAGCAACTAGGACCAATTCAGT
61,c_chinensis|c_brevisepala|c_groenlandica|c_omeiensis|c_trifolia|c_ramosa|c_quinquefolia|c_asplenifolia|c_trifoliolata|c_deltoidea|c_quinquesecta|c_teeta,TGATATCTCACACCGGGTAAATCC,GAAGAATGAAGGGCAAAGGGATT,59.960,59.229,505,AATCCCTTTGCCCTTCATTCTTC
62,c_chinensis|c_brevisepala|c_groenlandica|c_omeiensis|c_trifolia|c_ramosa|c_quinquefolia|c_asplenifolia|c_trifoliolata|c_deltoidea|c_quinquesecta|c_teeta,ACCCGTATCGAATAGAACATGCT,GCAAAGGGTCGAGAAACTCAAC,59.679,60.032,253,GTTGAGTTTCTCGACCCTTTGC
63,c_chinensis|c_brevisepala|c_groenlandica|c_omeiensis|c_trifolia|c_ramosa|c_quinquefolia|c_asplenifolia|c_trifoliolata|c_deltoidea|c_quinquesecta|c_teeta,CCATAGGTACAGCGTTTGAATCAA,GCCAGAATCCAATCCATGTTGTAT,59.366,59.414,514,ATACAACATGGATTGGATTCTGGC
64,c_chinensis|c_brevisepala|c_groenlandica|c_omeiensis|c_trifolia|c_ramosa|c_quinquefolia|c_asplenifolia|c_trifoliolata|c_deltoidea|c_quinquesecta|c_teeta,TCACTCTACAGAACCGTACATGAG,TCCCTTCAACACAACATAGGTCAT,59.605,59.957,823,ATGACCTATGTTGTGTTGAAGGGA
