ID,SEQUENCE_ID,PRIMER_LEFT_SEQUENCE,PRIMER_RIGHT_SEQUENCE,PRIMER_LEFT_TM,PRIMER_RIGHT_TM,LENGTH_INTERMEDIATE_SEQUENCE,REV_RIGHT_SEQUENCE
1,c_deltoidea|c_teeta|c_quinquefolia|c_trifolia|c_chinensis|c_omeiensis|c_quinquesecta|c_groenlandica|c_brevisepala|c_trifoliolata|c_ramosa|c_asplenifolia,TGTCTAATTGTCCAGGCGGTAAT,GCCATCCTAAGGTGCTGCTAAAT,59.801,61.000,922,ATTTAGCAGCACCTTAGGATGGC
2,c_deltoidea|c_teeta|c_quinquefolia|c_trifolia|c_chinensis|c_omeiensis|c_quinquesecta|c_groenlandica|c_brevisepala|c_trifoliolata|c_ramosa|c_asplenifolia,TGGGCAGTTGGTCAGATCTAGTA,CCTCACGGTACTACTTCGCTATC,60.566,60.059,1278,GATAGCGAAGTAGTACCGTGAGG
3,c_deltoidea|c_teeta|c_quinquefolia|c_trifolia|c_chinensis|c_omeiensis|c_quinquesecta|c_groenlandica|c_brevisepala|c_trifoliolata|c_ramosa|c_asplenifolia,ACCTGGCGAACTGAAACATCTTA,CTATCGGTCACCCAGGAGTATTT,60.244,59.358,296,AAATACTCCTGGGTGACCGATAG
4,c_deltoidea|c_teeta|c_quinquefolia|c_trifolia|c_chinensis|c_omeiensis|c_quinquesecta|c_groenlandica|c_brevisepala|c_trifoliolata|c_ramosa|c_asplenifolia,CCCTAAATGACCGCTCAGTGATA,TGCACTTCCACTTGACACCTATC,59.930,60.557,1933,GATAGGTGTCAAGTGGAAGTGCA
5,c_deltoidea|c_teeta|c_quinquefolia|c_trifolia|c_chinensis|c_omeiensis|c_quinquesecta|c_groenlandica|c_brevisepala|c_trifoliolata|c_ramosa|c_asplenifolia,GGTTCAAACGAGGAAAGGCTTAC,TCCCTCTCGACGATGAAGCTTAT,60.058,60.999,1009,ATAAGCTTCATCGTCGAGAGGGA
6,c_deltoidea|c_teeta|c_quinquefolia|c_trifolia|c_chinensis|c_omeiensis|c_quinquesecta|c_groenlandica|c_brevisepala|c_trifoliolata|c_ramosa|c_asplenifolia,ATTGTCCAGGCGGTAATGATAGT,AGAACCAGGAACGGAGAGCTTTA,59.609,61.324,549,TAAAGCTCTCCGTTCCTGGTTCT
7,c_deltoidea|c_teeta|c_quinquefolia|c_trifolia|c_chinensis|c_omeiensis|c_quinquesecta|c_groenlandica|c_brevisepala|c_trifoliolata|c_ramosa|c_asplenifolia,TCAGTGCAATGGGATGTGTCTAT,TGTTTCGGTCCTCTTTCCCATTA,59.799,59.672,545,TAATGGGAAAGAGGACCGAAACA
8,c_deltoidea|c_teeta|c_quinquefolia|c_trifolia|c_chinensis|c_omeiensis|c_quinquesecta|c_groenlandica|c_brevisepala|c_trifoliolata|c_ramosa|c_asplenifolia,AAGCGAGTCTTCATAGGGCAATT,CCCAGGGAACAGTAAAGCTTCAT,60.371,60.562,1461,ATGAAGCTTTACTGTTCCCTGGG
9,c_deltoidea|c_teeta|c_quinquefolia|c_trifolia|c_chinensis|c_omeiensis|c_quinquesecta|c_groenlandica|c_brevisepala|c_trifoliolata|c_ramosa|c_asplenifolia,GCGATTCAGGTGAGATCCAATGT,TCGAAGACCAAGAAGCGAGTTAT,60.991,59.807,444,ATAACTCGCTTCTTGGTCTTCGA
10,c_deltoidea|c_teeta|c_quinquefolia|c_trifolia|c_chinensis|c_omeiensis|c_quinquesecta|c_groenlandica|c_brevisepala|c_trifoliolata|c_ramosa|c_asplenifolia,AGCTCGTGAACTTAACCGATACA,GGGTCCATAAGCAGTGACAATTG,59.808,59.871,837,CAATTGTCACTGCTTATGGACCC
11,c_deltoidea|c_teeta|c_quinquefolia|c_trifolia|c_chinensis|c_omeiensis|c_quinquesecta|c_groenlandica|c_brevisepala|c_trifoliolata|c_ramosa|c_asplenifolia,CACCTGGACAGAAAGACCCTATG,CAGCTCACGTACCGCTTTAATG,60.370,59.971,538,CATTAAAGCGGTACGTGAGCTG
12,c_deltoidea|c_teeta|c_quinquefolia|c_trifolia|c_chinensis|c_omeiensis|c_quinquesecta|c_groenlandica|c_brevisepala|c_trifoliolata|c_ramosa|c_asplenifolia,GGAGAAGGGCAATCACTCATTCT,GTTTGAACCTCGCCGTTAACTTT,60.371,60.243,474,AAAGTTAACGGCGAGGTTCAAAC
13,c_deltoidea|c_teeta|c_quinquefolia|c_trifolia|c_chinensis|c_omeiensis|c_quinquesecta|c_groenlandica|c_brevisepala|c_trifoliolata|c_ramosa|c_asplenifolia,GAGGAAAGGCTTACGGTGGATAC,TCGCTACCTTAGGACCGTTATAG,60.740,58.932,1944,CTATAACGGTCCTAAGGTAGCGA
14,c_deltoidea|c_teeta|c_quinquefolia|c_trifolia|c_chinensis|c_omeiensis|c_quinquesecta|c_groenlandica|c_brevisepala|c_trifoliolata|c_ramosa|c_asplenifolia,TTTGGAGAGCACAGTACGATGAA,TGAACCTCGCCGTTAACTTTAAG,59.994,59.258,309,CTTAAAGTTAACGGCGAGGTTCA
15,c_deltoidea|c_teeta|c_quinquefolia|c_trifolia|c_chinensis|c_omeiensis|c_quinquesecta|c_groenlandica|c_brevisepala|c_trifoliolata|c_ramosa|c_asplenifolia,AATGGGAAAGAGGACCGAAACAT,GGTTAAGTTCACGAGCTGGAGAT,60.245,60.369,744,ATCTCCAGCTCGTGAACTTAACC
16,c_deltoidea|c_teeta|c_quinquefolia|c_trifolia|c_chinensis|c_omeiensis|c_quinquesecta|c_groenlandica|c_brevisepala|c_trifoliolata|c_ramosa|c_asplenifolia,CCTTCCATTTAGCAGCACCTTAG,CTTGCGTCCTTGAACCGATAAC,59.371,59.906,1551,GTTATCGGTTCAAGGACGCAAG
17,c_deltoidea|c_teeta|c_quinquefolia|c_trifolia|c_chinensis|c_omeiensis|c_quinquesecta|c_groenlandica|c_brevisepala|c_trifoliolata|c_ramosa|c_asplenifolia,GATGGGCTGTCAAGAACGTAGAG,CCGAACACAGCTTACAACTTTCA,60.981,59.689,567,TGAAAGTTGTAAGCTGTGTTCGG
18,c_deltoidea|c_teeta|c_quinquefolia|c_trifolia|c_chinensis|c_omeiensis|c_quinquesecta|c_groenlandica|c_brevisepala|c_trifoliolata|c_ramosa|c_asplenifolia,GGAGAGCACAGTACGATGAAAGT,CGTCCTTGAACCGATAACCATCT,60.367,60.430,1796,AGATGGTTATCGGTTCAAGGACG
19,c_deltoidea|c_teeta|c_quinquefolia|c_trifolia|c_chinensis|c_omeiensis|c_quinquesecta|c_groenlandica|c_brevisepala|c_trifoliolata|c_ramosa|c_asplenifolia,ATCTCCAGCTCGTGAACTTAACC,TTGGGAGCTTACGGTTTCATGTT,60.369,60.749,699,AACATGAAACCGTAAGCTCCCAA
20,c_deltoidea|c_teeta|c_quinquefolia|c_trifolia|c_chinensis|c_omeiensis|c_quinquesecta|c_groenlandica|c_brevisepala|c_trifoliolata|c_ramosa|c_asplenifolia,GGATGGGCAGTTGGTCAGATCTA,GGTGCTGCTAAATGGAAGGATCT,61.768,60.687,767,AGATCCTTCCATTTAGCAGCACC
21,c_deltoidea|c_teeta|c_quinquefolia|c_trifolia|c_chinensis|c_omeiensis|c_quinquesecta|c_groenlandica|c_brevisepala|c_trifoliolata|c_ramosa|c_asplenifolia,AACGCAAACATTGGTGAGAATCC,TACATCACTGCACTTCCACTTGA,60.305,59.929,1685,TCAAGTGGAAGTGCAGTGATGTA
22,c_deltoidea|c_teeta|c_quinquefolia|c_trifolia|c_chinensis|c_omeiensis|c_quinquesecta|c_groenlandica|c_brevisepala|c_trifoliolata|c_ramosa|c_asplenifolia,CCGACCATAGAACCCTGTTCAAT,TCAAAGGGTGCTGAGTTGGAATC,60.371,61.062,212,GATTCCAACTCAGCACCCTTTGA
23,c_deltoidea|c_teeta|c_quinquefolia|c_trifolia|c_chinensis|c_omeiensis|c_quinquesecta|c_groenlandica|c_brevisepala|c_trifoliolata|c_ramosa|c_asplenifolia,TCAAGAACGTAGAGGAGGTAGGA,GACCCTTACTGCCCAACCTAAGA,59.735,61.646,354,TCTTAGGTTGGGCAGTAAGGGTC
24,c_deltoidea|c_teeta|c_quinquefolia|c_trifolia|c_chinensis|c_omeiensis|c_quinquesecta|c_groenlandica|c_brevisepala|c_trifoliolata|c_ramosa|c_asplenifolia,CCGAACCGACTGATGTTGAAGAA,AAGGTCCTCTCAATGCTCTAACG,61.105,60.119,1925,CGTTAGAGCATTGAGAGGACCTT
25,c_deltoidea|c_teeta|c_quinquefolia|c_trifolia|c_chinensis|c_omeiensis|c_quinquesecta|c_groenlandica|c_brevisepala|c_trifoliolata|c_ramosa|c_asplenifolia,TATCTCTCGAGCACAGGTTTAGG,ACAGCCCATCTTTGTCTCAGTAG,59.367,60.056,926,CTACTGAGACAAAGATGGGCTGT
26,c_deltoidea|c_teeta|c_quinquefolia|c_trifolia|c_chinensis|c_omeiensis|c_quinquesecta|c_groenlandica|c_brevisepala|c_trifoliolata|c_ramosa|c_asplenifolia,GCACTATCTCCCTTCAACCCTTT,TCTCACCAATGTTTGCGTTACTC,60.308,59.503,1978,GAGTAACGCAAACATTGGTGAGA
27,c_deltoidea|c_teeta|c_quinquefolia|c_trifolia|c_chinensis|c_omeiensis|c_quinquesecta|c_groenlandica|c_brevisepala|c_trifoliolata|c_ramosa|c_asplenifolia,GAGCACCTAACAACGCATCTTCA,TACGTTCTTGACAGCCCATCTTT,61.413,60.244,887,AAAGATGGGCTGTCAAGAACGTA
28,c_deltoidea|c_teeta|c_quinquefolia|c_trifolia|c_chinensis|c_omeiensis|c_quinquesecta|c_groenlandica|c_brevisepala|c_trifoliolata|c_ramosa|c_asplenifolia,CGCTCAGTGATAAAGGAGGTAGG,ATGTCTATTTCACCGAGCCTCTC,60.244,59.931,994,GAGAGGCTCGGTGAAATAGACAT
29,c_deltoidea|c_teeta|c_quinquefolia|c_trifolia|c_chinensis|c_omeiensis|c_quinquesecta|c_groenlandica|c_brevisepala|c_trifoliolata|c_ramosa|c_asplenifolia,CACAGGTGGGTAGGTAGAGAATAC,CGTGACCTTCTCTTGGATTCTCA,59.658,60.057,1267,TGAGAATCCAAGAGAAGGTCACG
30,c_deltoidea|c_teeta|c_quinquefolia|c_trifolia|c_chinensis|c_omeiensis|c_quinquesecta|c_groenlandica|c_brevisepala|c_trifoliolata|c_ramosa|c_asplenifolia,GATTCCAACTCAGCACCCTTTGA,TCTTTCAAGGGTGGCTGCTTCTA,61.062,61.838,1464,TAGAAGCAGCCACCCTTGAAAGA
31,c_deltoidea|c_teeta|c_quinquefolia|c_trifolia|c_chinensis|c_omeiensis|c_quinquesecta|c_groenlandica|c_brevisepala|c_trifoliolata|c_ramosa|c_asplenifolia,TCTAATTGTCCAGGCGGTAATGAT,TTCATCGTACTGTGCTCTCCAAA,59.897,59.994,662,TTTGGAGAGCACAGTACGATGAA
32,c_deltoidea|c_teeta|c_quinquefolia|c_trifolia|c_chinensis|c_omeiensis|c_quinquesecta|c_groenlandica|c_brevisepala|c_trifoliolata|c_ramosa|c_asplenifolia,CTAGAAGCAGCCACCCTTGAAAG,GTAGTCCGCATCTTCACAGACAT,61.425,60.430,966,ATGTCTGTGAAGATGCGGACTAC
33,c_deltoidea|c_teeta|c_quinquefolia|c_trifolia|c_chinensis|c_omeiensis|c_quinquesecta|c_groenlandica|c_brevisepala|c_trifoliolata|c_ramosa|c_asplenifolia,ATAACTCGCTTCTTGGTCTTCGA,TTCGGTCCTCTTTCCCATTACTT,59.807,59.414,593,AAGTAATGGGAAAGAGGACCGAA
34,c_deltoidea|c_teeta|c_quinquefolia|c_trifolia|c_chinensis|c_omeiensis|c_quinquesecta|c_groenlandica|c_brevisepala|c_trifoliolata|c_ramosa|c_asplenifolia,AACCTGGGTGATCTATCCATGAC,GCCGAGTTCCTTAGAGAGAGTTG,59.607,60.428,1027,CAACTCTCTCTAAGGAACTCGGC
35,c_deltoidea|c_teeta|c_quinquefolia|c_trifolia|c_chinensis|c_omeiensis|c_quinquesecta|c_groenlandica|c_brevisepala|c_trifoliolata|c_ramosa|c_asplenifolia,GTACATGGACGGTAGTTGGAGTC,CGTAAGCCTTTCCTCGTTTGAAC,60.429,60.364,791,GTTCAAACGAGGAAAGGCTTACG
36,c_deltoidea|c_teeta|c_quinquefolia|c_trifolia|c_chinensis|c_omeiensis|c_quinquesecta|c_groenlandica|c_brevisepala|c_trifoliolata|c_ramosa|c_asplenifolia,GGGATAAGCTTCATCGTCGAGAG,TTTGCCGAGTTCCTTAGAGAGAG,60.611,59.806,734,CTCTCTCTAAGGAACTCGGCAAA
37,c_deltoidea|c_teeta|c_quinquefolia|c_trifolia|c_chinensis|c_omeiensis|c_quinquesecta|c_groenlandica|c_brevisepala|c_trifoliolata|c_ramosa|c_asplenifolia,AATGACCGCTCAGTGATAAAGGA,CGATAACCATCTTTCGGCTAACC,59.802,59.506,446,GGTTAGCCGAAAGATGGTTATCG
38,c_deltoidea|c_teeta|c_quinquefolia|c_trifolia|c_chinensis|c_omeiensis|c_quinquesecta|c_groenlandica|c_brevisepala|c_trifoliolata|c_ramosa|c_asplenifolia,AAAGATGGGCTGTCAAGAACGTA,GGGAGCTTACGGTTTCATGTTCTA,60.244,60.622,1371,TAGAACATGAAACCGTAAGCTCCC
39,c_deltoidea|c_teeta|c_quinquefolia|c_trifolia|c_chinensis|c_omeiensis|c_quinquesecta|c_groenlandica|c_brevisepala|c_trifoliolata|c_ramosa|c_asplenifolia,AAGCTCGAACGACCTTCAACAAA,GTCATCAGGTCACCAACTTCCTT,61.233,60.497,281,AAGGAAGTTGGTGACCTGATGAC
40,c_deltoidea|c_teeta|c_quinquefolia|c_trifolia|c_chinensis|c_omeiensis|c_quinquesecta|c_groenlandica|c_brevisepala|c_trifoliolata|c_ramosa|c_asplenifolia,CGTAGGTGCGATGATTTACTTCAC,GACTCCAACTACCGTCCATGTAC,60.027,60.429,382,GTACATGGACGGTAGTTGGAGTC
41,c_deltoidea|c_teeta|c_quinquefolia|c_trifolia|c_chinensis|c_omeiensis|c_quinquesecta|c_groenlandica|c_brevisepala|c_trifoliolata|c_ramosa|c_asplenifolia,GAGGCTCGGTGAAATAGACATGT,CTTCCCGGTCCTCTCGTACTA,60.431,60.134,675,TAGTACGAGAGGACCGGGAAG
42,c_deltoidea|c_teeta|c_quinquefolia|c_trifolia|c_chinensis|c_omeiensis|c_quinquesecta|c_groenlandica|c_brevisepala|c_trifoliolata|c_ramosa|c_asplenifolia,GGGTTGTGGGAGAGCAATACAA,CTGTTTCCCTCTCGACGATGAA,60.554,60.095,744,TTCATCGTCGAGAGGGAAACAG
43,c_deltoidea|c_teeta|c_quinquefolia|c_trifolia|c_chinensis|c_omeiensis|c_quinquesecta|c_groenlandica|c_brevisepala|c_trifoliolata|c_ramosa|c_asplenifolia,AGAACGTAGAGGAGGTAGGATGG,CTTGCTGATTCACACGGGATTC,60.435,59.904,1240,GAATCCCGTGTGAATCAGCAAG
44,c_deltoidea|c_teeta|c_quinquefolia|c_trifolia|c_chinensis|c_omeiensis|c_quinquesecta|c_groenlandica|c_brevisepala|c_trifoliolata|c_ramosa|c_asplenifolia,TCACAGACCAAGAACTACGAGAT,CCATCCTACCTCCTCTACGTTCT,58.920,60.435,882,AGAACGTAGAGGAGGTAGGATGG
45,c_deltoidea|c_teeta|c_quinquefolia|c_trifolia|c_chinensis|c_omeiensis|c_quinquesecta|c_groenlandica|c_brevisepala|c_trifoliolata|c_ramosa|c_asplenifolia,CTTCATCGTCGAGAGGGAAACAG,TTTGCGTTACTCAAGCCGACATT,60.977,61.601,307,AATGTCGGCTTGAGTAACGCAAA
46,c_deltoidea|c_teeta|c_quinquefolia|c_trifolia|c_chinensis|c_omeiensis|c_quinquesecta|c_groenlandica|c_brevisepala|c_trifoliolata|c_ramosa|c_asplenifolia,TAAAGCTCTCCGTTCCTGGTTCT,TAGTTTCACCCAAGCTTCATCCT,61.324,59.669,1146,AGGATGAAGCTTGGGTGAAACTA
47,c_deltoidea|c_teeta|c_quinquefolia|c_trifolia|c_chinensis|c_omeiensis|c_quinquesecta|c_groenlandica|c_brevisepala|c_trifoliolata|c_ramosa|c_asplenifolia,GGTCCTAAGGTAGCGAAATTCCT,GGAAGATCAGCCTGTTATCCCTAG,59.866,60.021,548,CTAGGGATAACAGGCTGATCTTCC
48,c_deltoidea|c_teeta|c_quinquefolia|c_trifolia|c_chinensis|c_omeiensis|c_quinquesecta|c_groenlandica|c_brevisepala|c_trifoliolata|c_ramosa|c_asplenifolia,TCGGCTTGAGTAACGCAAACATT,ATTCTCTACCTACCCACCTGTGT,61.601,60.246,396,ACACAGGTGGGTAGGTAGAGAAT
49,c_deltoidea|c_teeta|c_quinquefolia|c_trifolia|c_chinensis|c_omeiensis|c_quinquesecta|c_groenlandica|c_brevisepala|c_trifoliolata|c_ramosa|c_asplenifolia,GACAACCTGGCGAACTGAAACAT,ACCTCCACTTAGTTTCACCCAAG,61.851,60.181,579,CTTGGGTGAAACTAAGTGGAGGT
50,c_deltoidea|c_teeta|c_quinquefolia|c_trifolia|c_chinensis|c_omeiensis|c_quinquesecta|c_groenlandica|c_brevisepala|c_trifoliolata|c_ramosa|c_asplenifolia,TGTCCAGGCGGTAATGATAGTATC,TGGATTCAGCAGCAGTTCGAAAG,59.780,61.661,1087,CTTTCGAACTGCTGCTGAATCCA
51,c_deltoidea|c_teeta|c_quinquefolia|c_trifolia|c_chinensis|c_omeiensis|c_quinquesecta|c_groenlandica|c_brevisepala|c_trifoliolata|c_ramosa|c_asplenifolia,CGCTCTTAGGTTGGGCAGTAAG,TAAGGTGCTGCTAAATGGAAGGA,60.996,59.734,462,TCCTTCCATTTAGCAGCACCTTA
52,c_deltoidea|c_teeta|c_quinquefolia|c_trifolia|c_chinensis|c_omeiensis|c_quinquesecta|c_groenlandica|c_brevisepala|c_trifoliolata|c_ramosa|c_asplenifolia,CGTTAGAGCATTGAGAGGACCTT,ACTTCCACTTGACACCTATCGTAAT,60.119,59.813,319,ATTACGATAGGTGTCAAGTGGAAGT
53,c_deltoidea|c_teeta|c_quinquefolia|c_trifolia|c_chinensis|c_omeiensis|c_quinquesecta|c_groenlandica|c_brevisepala|c_trifoliolata|c_ramosa|c_asplenifolia,CTCTCGAGCACAGGTTTAGGTTC,CGGGAAGGGAGGATTAGGGAAAT,60.919,61.531,208,ATTTCCCTAATCCTCCCTTCCCG
54,c_deltoidea|c_teeta|c_quinquefolia|c_trifolia|c_chinensis|c_omeiensis|c_quinquesecta|c_groenlandica|c_brevisepala|c_trifoliolata|c_ramosa|c_asplenifolia,AAGGCTAAATACTCCTGGGTGAC,TCCACTTAGTTTCACCCAAGCTT,59.800,60.118,305,AAGCTTGGGTGAAACTAAGTGGA
55,c_deltoidea|c_teeta|c_quinquefolia|c_trifolia|c_chinensis|c_omeiensis|c_quinquesecta|c_groenlandica|c_brevisepala|c_trifoliolata|c_ramosa|c_asplenifolia,GGGAACTAGCACACTTGGAGAG,TCCTACCTCCTCTACGTTCTTGA,60.354,59.735,442,TCAAGAACGTAGAGGAGGTAGGA
56,c_deltoidea|c_teeta|c_quinquefolia|c_trifolia|c_chinensis|c_omeiensis|c_quinquesecta|c_groenlandica|c_brevisepala|c_trifoliolata|c_ramosa|c_asplenifolia,TGAGTAACGCAAACATTGGTGAG,GAGACAGTGCCCAGATCGTTAC,59.750,60.736,728,GTAACGATCTGGGCACTGTCTC
57,c_deltoidea|c_teeta|c_quinquefolia|c_trifolia|c_chinensis|c_omeiensis|c_quinquesecta|c_groenlandica|c_brevisepala|c_trifoliolata|c_ramosa|c_asplenifolia,ACCCTTGAAAGAGTGCGTAATAG,GCTTCATAGGGTCTTTCTGTCCA,58.495,60.055,984,TGGACAGAAAGACCCTATGAAGC
58,c_deltoidea|c_teeta|c_quinquefolia|c_trifolia|c_chinensis|c_omeiensis|c_quinquesecta|c_groenlandica|c_brevisepala|c_trifoliolata|c_ramosa|c_asplenifolia,GGCAGTTGGTCAGATCTAGTATGG,CCCTTCCCTCACGGTACTACTT,60.502,60.887,1282,AAGTAGTACCGTGAGGGAAGGG
59,c_deltoidea|c_teeta|c_quinquefolia|c_trifolia|c_chinensis|c_omeiensis|c_quinquesecta|c_groenlandica|c_brevisepala|c_trifoliolata|c_ramosa|c_asplenifolia,CGAAATTCCTTGTCGGGTAAGTT,CTTCCCGTCGATGTGAACTCTT,59.250,60.353,559,AAGAGTTCACATCGACGGGAAG
60,c_deltoidea|c_teeta|c_quinquefolia|c_trifolia|c_chinensis|c_omeiensis|c_quinquesecta|c_groenlandica|c_brevisepala|c_trifoliolata|c_ramosa|c_asplenifolia,TCCATTTAGCAGCACCTTAGGAT,TCACCCAGGAGTATTTAGCCTTG,59.540,59.800,505,CAAGGCTAAATACTCCTGGGTGA
61,c_deltoidea|c_teeta|c_quinquefolia|c_trifolia|c_chinensis|c_omeiensis|c_quinquesecta|c_groenlandica|c_brevisepala|c_trifoliolata|c_ramosa|c_asplenifolia,CGATTCAGGTGAGATCCAATGTAGA,TCTGTGAAGATGCGTTGTTAGGT,60.221,60.244,204,ACCTAACAACGCATCTTCACAGA
62,c_deltoidea|c_teeta|c_quinquefolia|c_trifolia|c_chinensis|c_omeiensis|c_quinquesecta|c_groenlandica|c_brevisepala|c_trifoliolata|c_ramosa|c_asplenifolia,TCTTCACAGACCAAGAACTACGA,TAGACACATCCCATTGCACTGAT,59.113,59.799,299,ATCAGTGCAATGGGATGTGTCTA
63,c_deltoidea|c_teeta|c_quinquefolia|c_trifolia|c_chinensis|c_omeiensis|c_quinquesecta|c_groenlandica|c_brevisepala|c_trifoliolata|c_ramosa|c_asplenifolia,TAGCAGCACCTTAGGATGGCATA,CATCCGCTGATTCTTCAACATCA,61.267,59.376,818,TGATGTTGAAGAATCAGCGGATG
64,c_deltoidea|c_teeta|c_quinquefolia|c_trifolia|c_chinensis|c_omeiensis|c_quinquesecta|c_groenlandica|c_brevisepala|c_trifoliolata|c_ramosa|c_asplenifolia,TGGACAGAAAGACCCTATGAAGC,GGGTGGGCTTACTACTTAGATGC,60.055,60.495,727,GCATCTAAGTAGTAAGCCCACCC
