ID,SEQUENCE_ID,PRIMER_LEFT_SEQUENCE,PRIMER_RIGHT_SEQUENCE,PRIMER_LEFT_TM,PRIMER_RIGHT_TM,LENGTH_INTERMEDIATE_SEQUENCE,REV_RIGHT_SEQUENCE
1,c_asplenifolia|c_chinensis|c_brevisepala|c_deltoidea|c_groenlandica|c_quinquesecta|c_trifoliolata|c_omeiensis|c_teeta|c_ramosa|c_quinquefolia|c_trifolia,CATCCCGAACTTGGTGGTTAAAC,ATCATGAGCTGTCCCGCAATAAA,60.058,60.685,1586,TTTATTGCGGGACAGCTCATGAT
2,c_asplenifolia|c_chinensis|c_brevisepala|c_deltoidea|c_groenlandica|c_quinquesecta|c_trifoliolata|c_omeiensis|c_teeta|c_ramosa|c_quinquefolia|c_trifolia,TCAAGTGGAAGTGCAGTGATGTA,ATCGTCACCGCAGTAGAGTTTAA,59.929,59.808,355,TTAAACTCTACTGCGGTGACGAT
3,c_asplenifolia|c_chinensis|c_brevisepala|c_deltoidea|c_groenlandica|c_quinquesecta|c_trifoliolata|c_omeiensis|c_teeta|c_ramosa|c_quinquefolia|c_trifolia,GTCGTTGTGGTCGGACTCTATTA,GGATCCCTCTTGTTCCTGTTTAGT,59.872,60.019,765,ACTAAACAGGAACAAGAGGGATCC
4,c_asplenifolia|c_chinensis|c_brevisepala|c_deltoidea|c_groenlandica|c_quinquesecta|c_trifoliolata|c_omeiensis|c_teeta|c_ramosa|c_quinquefolia|c_trifolia,TCCGTTCCATGCCTCATTTCATA,GACCACAACGACCGAATTGATTA,60.118,59.319,294,TAATCAATTCGGTCGTTGTGGTC
5,c_asplenifolia|c_chinensis|c_brevisepala|c_deltoidea|c_groenlandica|c_quinquesecta|c_trifoliolata|c_omeiensis|c_teeta|c_ramosa|c_quinquefolia|c_trifolia,ACATCCCTTCTCTCCCACTTTAC,CCCGTTCCCTGTCTTTGTTTCTA,59.480,60.495,754,TAGAAACAAAGACAGGGAACGGG
6,c_asplenifolia|c_chinensis|c_brevisepala|c_deltoidea|c_groenlandica|c_quinquesecta|c_trifoliolata|c_omeiensis|c_teeta|c_ramosa|c_quinquefolia|c_trifolia,GCCTCACAATCACTAGCCAATAT,AGTGGGAGAGAAGGGATGTCATA,58.607,60.052,278,TATGACATCCCTTCTCTCCCACT
7,c_asplenifolia|c_chinensis|c_brevisepala|c_deltoidea|c_groenlandica|c_quinquesecta|c_trifoliolata|c_omeiensis|c_teeta|c_ramosa|c_quinquefolia|c_trifolia,GCTACTGAGGAACAACGGGAAAT,CCTTCTCGGTTCCTTCTTCCATAA,60.869,60.081,499,TTATGGAAGAAGGAACCGAGAAGG
8,c_asplenifolia|c_chinensis|c_brevisepala|c_deltoidea|c_groenlandica|c_quinquesecta|c_trifoliolata|c_omeiensis|c_teeta|c_ramosa|c_quinquefolia|c_trifolia,CGAAATGGCTGAGGAGAGGAAAG,TTCCTCAGTAGCTCAGTGGTAGA,61.234,59.990,811,TCTACCACTGAGCTACTGAGGAA
9,c_asplenifolia|c_chinensis|c_brevisepala|c_deltoidea|c_groenlandica|c_quinquesecta|c_trifoliolata|c_omeiensis|c_teeta|c_ramosa|c_quinquefolia|c_trifolia,AAACAAAGACAGGGAACGGGTTA,ATGGGTTGAGAACGGGAATTGAA,60.372,60.500,208,TTCAATTCCCGTTCTCAACCCAT
10,c_asplenifolia|c_chinensis|c_brevisepala|c_deltoidea|c_groenlandica|c_quinquesecta|c_trifoliolata|c_omeiensis|c_teeta|c_ramosa|c_quinquefolia|c_trifolia,ACCGCAAAGAGAAAGTGTACCTA,CGGCTCTTATACATGCAGCTACT,59.677,60.306,440,AGTAGCTGCATGTATAAGAGCCG
11,c_asplenifolia|c_chinensis|c_brevisepala|c_deltoidea|c_groenlandica|c_quinquesecta|c_trifoliolata|c_omeiensis|c_teeta|c_ramosa|c_quinquefolia|c_trifolia,TATTCTGGTGTCCTAGGCGTAGA,CCTTTCCTCTCCTCAGCCATTTC,60.118,60.935,307,GAAATGGCTGAGGAGAGGAAAGG
12,c_asplenifolia|c_chinensis|c_brevisepala|c_deltoidea|c_groenlandica|c_quinquesecta|c_trifoliolata|c_omeiensis|c_teeta|c_ramosa|c_quinquefolia|c_trifolia,GTGTCAAGTGGAAGTGCAGTGAT,TCTACGCCTAGGACACCAGAATA,61.300,60.118,303,TATTCTGGTGTCCTAGGCGTAGA
13,c_asplenifolia|c_chinensis|c_brevisepala|c_deltoidea|c_groenlandica|c_quinquesecta|c_trifoliolata|c_omeiensis|c_teeta|c_ramosa|c_quinquefolia|c_trifolia,CGAGAAGGAGGTATCAGCAACAA,GTGGATCCCTCTTGTTCCTGTTT,60.368,60.499,669,AAACAGGAACAAGAGGGATCCAC
14,c_asplenifolia|c_chinensis|c_brevisepala|c_deltoidea|c_groenlandica|c_quinquesecta|c_trifoliolata|c_omeiensis|c_teeta|c_ramosa|c_quinquefolia|c_trifolia,GGAAGGCACCGTTCTTATAGAGA,TAACCCGTTCCCTGTCTTTGTTT,59.616,60.372,729,AAACAAAGACAGGGAACGGGTTA
15,c_asplenifolia|c_chinensis|c_brevisepala|c_deltoidea|c_groenlandica|c_quinquesecta|c_trifoliolata|c_omeiensis|c_teeta|c_ramosa|c_quinquefolia|c_trifolia,ACTGAGGAACAACGGGAAATTAGA,CCCTATGGAGAATGTGGTCAGAAA,59.959,60.080,441,TTTCTGACCACATTCTCCATAGGG
16,c_asplenifolia|c_chinensis|c_brevisepala|c_deltoidea|c_groenlandica|c_quinquesecta|c_trifoliolata|c_omeiensis|c_teeta|c_ramosa|c_quinquefolia|c_trifolia,CATGCCTTTCTTCGTTCATGGTT,CGAGGTGTAAAGTGGGAGAGAAG,60.057,60.367,255,CTTCTCTCCCACTTTACACCTCG
17,c_asplenifolia|c_chinensis|c_brevisepala|c_deltoidea|c_groenlandica|c_quinquesecta|c_trifoliolata|c_omeiensis|c_teeta|c_ramosa|c_quinquefolia|c_trifolia,CCAAGTTCAACGTTAGCCAGATT,AGGTACACTTTCTCTTTGCGGTAT,59.498,60.020,1612,ATACCGCAAAGAGAAAGTGTACCT
18,c_asplenifolia|c_chinensis|c_brevisepala|c_deltoidea|c_groenlandica|c_quinquesecta|c_trifoliolata|c_omeiensis|c_teeta|c_ramosa|c_quinquefolia|c_trifolia,ATGACATCCCTTCTCTCCCACTT,TCATGGGTTGAGAACGGGAATT,60.828,59.959,947,AATTCCCGTTCTCAACCCATGA
19,c_asplenifolia|c_chinensis|c_brevisepala|c_deltoidea|c_groenlandica|c_quinquesecta|c_trifoliolata|c_omeiensis|c_teeta|c_ramosa|c_quinquefolia|c_trifolia,TCGAATAAGTACCTTGCGTCAGA,TTCCCTCTTCACGTATGGTTACC,59.559,59.804,1917,GGTAACCATACGTGAAGAGGGAA
20,c_asplenifolia|c_chinensis|c_brevisepala|c_deltoidea|c_groenlandica|c_quinquesecta|c_trifoliolata|c_omeiensis|c_teeta|c_ramosa|c_quinquefolia|c_trifolia,CCCGAACTTGGTGGTTAAACTCT,GGTTGAGAACGGGAATTGAACTC,60.746,59.811,1098,GAGTTCAATTCCCGTTCTCAACC
21,c_asplenifolia|c_chinensis|c_brevisepala|c_deltoidea|c_groenlandica|c_quinquesecta|c_trifoliolata|c_omeiensis|c_teeta|c_ramosa|c_quinquefolia|c_trifolia,GGCATCCTAACAGACCAATAGACT,CTACAGTATCGTCACCGCAGTAG,59.898,60.303,330,CTACTGCGGTGACGATACTGTAG
22,c_asplenifolia|c_chinensis|c_brevisepala|c_deltoidea|c_groenlandica|c_quinquesecta|c_trifoliolata|c_omeiensis|c_teeta|c_ramosa|c_quinquefolia|c_trifolia,GGCCCTCTTATCTCTTCCTTCTC,TCTGGCTAACGTTGAACTTGGTA,59.676,59.930,341,TACCAAGTTCAACGTTAGCCAGA
23,c_asplenifolia|c_chinensis|c_brevisepala|c_deltoidea|c_groenlandica|c_quinquesecta|c_trifoliolata|c_omeiensis|c_teeta|c_ramosa|c_quinquefolia|c_trifolia,CCCGATTATGACATCCCTTCTCT,GGTCCGCTATTCCGATCATGATT,59.420,60.618,306,AATCATGATCGGAATAGCGGACC
24,c_asplenifolia|c_chinensis|c_brevisepala|c_deltoidea|c_groenlandica|c_quinquesecta|c_trifoliolata|c_omeiensis|c_teeta|c_ramosa|c_quinquefolia|c_trifolia,CCTTCTCTCCCACTTTACACCTC,AGACCCACACCCAAGTTCCATAG,60.056,61.903,319,CTATGGAACTTGGGTGTGGGTCT
25,c_asplenifolia|c_chinensis|c_brevisepala|c_deltoidea|c_groenlandica|c_quinquesecta|c_trifoliolata|c_omeiensis|c_teeta|c_ramosa|c_quinquefolia|c_trifolia,CATGATCGGAATAGCGGACCAAA,CGTCAATACCTCGGTGTAGATCC,61.050,60.305,403,GGATCTACACCGAGGTATTGACG
26,c_asplenifolia|c_chinensis|c_brevisepala|c_deltoidea|c_groenlandica|c_quinquesecta|c_trifoliolata|c_omeiensis|c_teeta|c_ramosa|c_quinquefolia|c_trifolia,GGTTACCTACTCCTAACGGTCAAA,AGTTGTTGCTGATACCTCCTTCT,59.779,59.415,646,AGAAGGAGGTATCAGCAACAACT
27,c_asplenifolia|c_chinensis|c_brevisepala|c_deltoidea|c_groenlandica|c_quinquesecta|c_trifoliolata|c_omeiensis|c_teeta|c_ramosa|c_quinquefolia|c_trifolia,AGGTATTGACGGCGATTCTCAAA,CCACAACGACCGAATTGATTATCT,60.369,59.429,617,AGATAATCAATTCGGTCGTTGTGG
28,c_asplenifolia|c_chinensis|c_brevisepala|c_deltoidea|c_groenlandica|c_quinquesecta|c_trifoliolata|c_omeiensis|c_teeta|c_ramosa|c_quinquefolia|c_trifolia,TATGGAACTTGGGTGTGGGTCTT,TGGAACGGAGCCATTACAAGTT,61.535,60.225,700,AACTTGTAATGGCTCCGTTCCA
29,c_asplenifolia|c_chinensis|c_brevisepala|c_deltoidea|c_groenlandica|c_quinquesecta|c_trifoliolata|c_omeiensis|c_teeta|c_ramosa|c_quinquefolia|c_trifolia,GGTTCGATATTCTGGTGTCCTAGG,TGGGAGAGAAGGGATGTCATAATC,60.262,59.405,224,GATTATGACATCCCTTCTCTCCCA
30,c_asplenifolia|c_chinensis|c_brevisepala|c_deltoidea|c_groenlandica|c_quinquesecta|c_trifoliolata|c_omeiensis|c_teeta|c_ramosa|c_quinquefolia|c_trifolia,TGAGAATCCAAGAGAAGGTCACG,GTTTAACCACCAAGTTCGGGATG,60.057,60.058,393,CATCCCGAACTTGGTGGTTAAAC
31,c_asplenifolia|c_chinensis|c_brevisepala|c_deltoidea|c_groenlandica|c_quinquesecta|c_trifoliolata|c_omeiensis|c_teeta|c_ramosa|c_quinquefolia|c_trifolia,GAGTTCAATTCCCGTTCTCAACC,CCTCCTTCTCGGTTCCTTCTTC,59.811,60.094,468,GAAGAAGGAACCGAGAAGGAGG
32,c_asplenifolia|c_chinensis|c_brevisepala|c_deltoidea|c_groenlandica|c_quinquesecta|c_trifoliolata|c_omeiensis|c_teeta|c_ramosa|c_quinquefolia|c_trifolia,GCGCTTTCACATCTTCTTAACCC,TTTGGTCCGCTATTCCGATCAT,60.426,59.896,238,ATGATCGGAATAGCGGACCAAA
33,c_asplenifolia|c_chinensis|c_brevisepala|c_deltoidea|c_groenlandica|c_quinquesecta|c_trifoliolata|c_omeiensis|c_teeta|c_ramosa|c_quinquefolia|c_trifolia,TTCTGACCACATTCTCCATAGGG,ACACTTTCTCTTTGCGGTATTCC,59.544,59.248,1949,GGAATACCGCAAAGAGAAAGTGT
34,c_asplenifolia|c_chinensis|c_brevisepala|c_deltoidea|c_groenlandica|c_quinquesecta|c_trifoliolata|c_omeiensis|c_teeta|c_ramosa|c_quinquefolia|c_trifolia,ATCTCATGCCTTTCTTCGTTCAT,GTAAAGTGGGAGAGAAGGGATGT,58.479,59.480,253,ACATCCCTTCTCTCCCACTTTAC
35,c_asplenifolia|c_chinensis|c_brevisepala|c_deltoidea|c_groenlandica|c_quinquesecta|c_trifoliolata|c_omeiensis|c_teeta|c_ramosa|c_quinquefolia|c_trifolia,TGGTTAAACTCTACTGCGGTGAC,TTCCCTATGAAATGAGGCATGGA,60.554,59.537,1169,TCCATGCCTCATTTCATAGGGAA
36,c_asplenifolia|c_chinensis|c_brevisepala|c_deltoidea|c_groenlandica|c_quinquesecta|c_trifoliolata|c_omeiensis|c_teeta|c_ramosa|c_quinquefolia|c_trifolia,GGAATACCGCAAAGAGAAAGTGT,CGGGATTTGTTCGAAATAGCCAATA,59.248,59.992,611,TATTGGCTATTTCGAACAAATCCCG
37,c_asplenifolia|c_chinensis|c_brevisepala|c_deltoidea|c_groenlandica|c_quinquesecta|c_trifoliolata|c_omeiensis|c_teeta|c_ramosa|c_quinquefolia|c_trifolia,ATAGGTGTCAAGTGGAAGTGCAG,AGTATCGTCACCGCAGTAGAGTT,60.558,61.179,365,AACTCTACTGCGGTGACGATACT
38,c_asplenifolia|c_chinensis|c_brevisepala|c_deltoidea|c_groenlandica|c_quinquesecta|c_trifoliolata|c_omeiensis|c_teeta|c_ramosa|c_quinquefolia|c_trifolia,AGCTCGGGTTATGGAAGAAGGAA,TTCTTCGGTGGATCCCTCTTGTT,61.394,61.584,700,AACAAGAGGGATCCACCGAAGAA
39,c_asplenifolia|c_chinensis|c_brevisepala|c_deltoidea|c_groenlandica|c_quinquesecta|c_trifoliolata|c_omeiensis|c_teeta|c_ramosa|c_quinquefolia|c_trifolia,TCTCCCACTTTACACCTCGGAAG,CCGTTCCCTGTCTTTGTTTCTATTG,61.629,60.335,743,CAATAGAAACAAAGACAGGGAACGG
40,c_asplenifolia|c_chinensis|c_brevisepala|c_deltoidea|c_groenlandica|c_quinquesecta|c_trifoliolata|c_omeiensis|c_teeta|c_ramosa|c_quinquefolia|c_trifolia,CGAATAAGTACCTTGCGTCAGAATT,CCTCTTCACGTATGGTTACCTGAT,59.709,59.900,1913,ATCAGGTAACCATACGTGAAGAGG
41,c_asplenifolia|c_chinensis|c_brevisepala|c_deltoidea|c_groenlandica|c_quinquesecta|c_trifoliolata|c_omeiensis|c_teeta|c_ramosa|c_quinquefolia|c_trifolia,GGATCTACACCGAGGTATTGACG,ATTTCCCGTTGTTCCTCAGTAGC,60.305,60.869,249,GCTACTGAGGAACAACGGGAAAT
42,c_asplenifolia|c_chinensis|c_brevisepala|c_deltoidea|c_groenlandica|c_quinquesecta|c_trifoliolata|c_omeiensis|c_teeta|c_ramosa|c_quinquefolia|c_trifolia,TTCAATTCCCGTTCTCAACCCAT,GTCTTCTTCGGTGGATCCCTCTT,60.500,61.697,1133,AAGAGGGATCCACCGAAGAAGAC
43,c_asplenifolia|c_chinensis|c_brevisepala|c_deltoidea|c_groenlandica|c_quinquesecta|c_trifoliolata|c_omeiensis|c_teeta|c_ramosa|c_quinquefolia|c_trifolia,AATGGCTGAGGAGAGGAAAGGTT,CCACACCCAAGTTCCATAGCTTT,61.599,61.067,234,AAAGCTATGGAACTTGGGTGTGG
44,c_asplenifolia|c_chinensis|c_brevisepala|c_deltoidea|c_groenlandica|c_quinquesecta|c_trifoliolata|c_omeiensis|c_teeta|c_ramosa|c_quinquefolia|c_trifolia,TGGATTTCTGACCACATTCTCCA,TGTGACCAATTAACCAACCAACAA,59.670,59.534,449,TTGTTGGTTGGTTAATTGGTCACA
45,c_asplenifolia|c_chinensis|c_brevisepala|c_deltoidea|c_groenlandica|c_quinquesecta|c_trifoliolata|c_omeiensis|c_teeta|c_ramosa|c_quinquefolia|c_trifolia,ATGGTTCGATATTCTGGTGTCCT,TCTCTATAAGAACGGTGCCTTCC,59.288,59.616,260,GGAAGGCACCGTTCTTATAGAGA
46,c_asplenifolia|c_chinensis|c_brevisepala|c_deltoidea|c_groenlandica|c_quinquesecta|c_trifoliolata|c_omeiensis|c_teeta|c_ramosa|c_quinquefolia|c_trifolia,GCCTTTCTTCGTTCATGGTTCGA,GCTCATAGTGGTCATGGGTTGA,61.656,60.093,1178,TCAACCCATGACCACTATGAGC
47,c_asplenifolia|c_chinensis|c_brevisepala|c_deltoidea|c_groenlandica|c_quinquesecta|c_trifoliolata|c_omeiensis|c_teeta|c_ramosa|c_quinquefolia|c_trifolia,TCCATCCATATCCCAATTCCATTCA,TCCATAATAGAGTCCGACCACAAC,59.924,59.901,254,GTTGTGGTCGGACTCTATTATGGA
48,c_asplenifolia|c_chinensis|c_brevisepala|c_deltoidea|c_groenlandica|c_quinquesecta|c_trifoliolata|c_omeiensis|c_teeta|c_ramosa|c_quinquefolia|c_trifolia,CCATCCCGAACTTGGTGGTTA,CCTATGAAATGAGGCATGGAACG,59.996,59.748,1181,CGTTCCATGCCTCATTTCATAGG
49,c_asplenifolia|c_chinensis|c_brevisepala|c_deltoidea|c_groenlandica|c_quinquesecta|c_trifoliolata|c_omeiensis|c_teeta|c_ramosa|c_quinquefolia|c_trifolia,GGACTAAACAGGAACAAGAGGGA,TTTCGGCTCTTATACATGCAGCT,59.673,60.432,1663,AGCTGCATGTATAAGAGCCGAAA
50,c_asplenifolia|c_chinensis|c_brevisepala|c_deltoidea|c_groenlandica|c_quinquesecta|c_trifoliolata|c_omeiensis|c_teeta|c_ramosa|c_quinquefolia|c_trifolia,GGTATTGACGGCGATTCTCAAATAT,TGAGAACGGGAATTGAACTCTATGA,59.591,59.813,267,TCATAGAGTTCAATTCCCGTTCTCA
51,c_asplenifolia|c_chinensis|c_brevisepala|c_deltoidea|c_groenlandica|c_quinquesecta|c_trifoliolata|c_omeiensis|c_teeta|c_ramosa|c_quinquefolia|c_trifolia,AAAGCTATGGAACTTGGGTGTGG,CGTTGTTCCTCAGTAGCTCAGTG,61.067,61.159,602,CACTGAGCTACTGAGGAACAACG
52,c_asplenifolia|c_chinensis|c_brevisepala|c_deltoidea|c_groenlandica|c_quinquesecta|c_trifoliolata|c_omeiensis|c_teeta|c_ramosa|c_quinquefolia|c_trifolia,TGAGGAACAACGGGAAATTAGATCT,TAATAGAGTCCGACCACAACGAC,60.046,59.872,411,GTCGTTGTGGTCGGACTCTATTA
53,c_asplenifolia|c_chinensis|c_brevisepala|c_deltoidea|c_groenlandica|c_quinquesecta|c_trifoliolata|c_omeiensis|c_teeta|c_ramosa|c_quinquefolia|c_trifolia,ACAGACCAATAGACTTGAACCTTGT,GTCACCGCAGTAGAGTTTAACCA,60.163,60.554,311,TGGTTAAACTCTACTGCGGTGAC
54,c_asplenifolia|c_chinensis|c_brevisepala|c_deltoidea|c_groenlandica|c_quinquesecta|c_trifoliolata|c_omeiensis|c_teeta|c_ramosa|c_quinquefolia|c_trifolia,TCGTTCATGGTTCGATATTCTGGT,TTCCGAGGTGTAAAGTGGGAGAG,60.142,61.629,247,CTCTCCCACTTTACACCTCGGAA
55,c_asplenifolia|c_chinensis|c_brevisepala|c_deltoidea|c_groenlandica|c_quinquesecta|c_trifoliolata|c_omeiensis|c_teeta|c_ramosa|c_quinquefolia|c_trifolia,CGAACTTGGTGGTTAAACTCTACTG,TCTAATTTCCCGTTGTTCCTCAGT,59.823,59.959,1066,ACTGAGGAACAACGGGAAATTAGA
56,c_asplenifolia|c_chinensis|c_brevisepala|c_deltoidea|c_groenlandica|c_quinquesecta|c_trifoliolata|c_omeiensis|c_teeta|c_ramosa|c_quinquefolia|c_trifolia,CACTGAGCTACTGAGGAACAACG,GCAGAGGCGCATAATAGATCGAT,61.159,60.736,577,ATCGATCTATTATGCGCCTCTGC
57,c_asplenifolia|c_chinensis|c_brevisepala|c_deltoidea|c_groenlandica|c_quinquesecta|c_trifoliolata|c_omeiensis|c_teeta|c_ramosa|c_quinquefolia|c_trifolia,GTTGTGGTCGGACTCTATTATGGA,ACATCTTGTTGTTGCATCGAAAC,59.901,58.710,427,GTTTCGATGCAACAACAAGATGT
58,c_asplenifolia|c_chinensis|c_brevisepala|c_deltoidea|c_groenlandica|c_quinquesecta|c_trifoliolata|c_omeiensis|c_teeta|c_ramosa|c_quinquefolia|c_trifolia,GCGTAATCTCAGCATTCAATGTGT,ACCAATCCAACCCATTTCATGAA,60.202,58.833,201,TTCATGAAATGGGTTGGATTGGT
59,c_asplenifolia|c_chinensis|c_brevisepala|c_deltoidea|c_groenlandica|c_quinquesecta|c_trifoliolata|c_omeiensis|c_teeta|c_ramosa|c_quinquefolia|c_trifolia,ACTAAACAGGAACAAGAGGGATCC,TTCACGTATGGTTACCTGATGCC,60.019,60.680,1703,GGCATCAGGTAACCATACGTGAA
60,c_asplenifolia|c_chinensis|c_brevisepala|c_deltoidea|c_groenlandica|c_quinquesecta|c_trifoliolata|c_omeiensis|c_teeta|c_ramosa|c_quinquefolia|c_trifolia,CAAGTTCAACGTTAGCCAGATTAGT,CCCTCTTGTTCCTGTTTAGTCCC,59.591,60.559,391,GGGACTAAACAGGAACAAGAGGG
61,c_asplenifolia|c_chinensis|c_brevisepala|c_deltoidea|c_groenlandica|c_quinquesecta|c_trifoliolata|c_omeiensis|c_teeta|c_ramosa|c_quinquefolia|c_trifolia,AATCATGATCGGAATAGCGGACC,CGTATCACATTCTGTTCTGCGATATT,60.618,59.855,442,AATATCGCAGAACAGAATGTGATACG
62,c_asplenifolia|c_chinensis|c_brevisepala|c_deltoidea|c_groenlandica|c_quinquesecta|c_trifoliolata|c_omeiensis|c_teeta|c_ramosa|c_quinquefolia|c_trifolia,CATCTTTGATGCACTGCTAGTACT,CTTCGGGCTCATAGTGGTCATG,58.885,60.805,398,CATGACCACTATGAGCCCGAAG
63,c_asplenifolia|c_chinensis|c_brevisepala|c_deltoidea|c_groenlandica|c_quinquesecta|c_trifoliolata|c_omeiensis|c_teeta|c_ramosa|c_quinquefolia|c_trifolia,AGCAGCTCTATAAGATCCCATACC,TCGGGATTTGTTCGAAATAGCCA,59.286,60.620,412,TGGCTATTTCGAACAAATCCCGA
64,c_asplenifolia|c_chinensis|c_brevisepala|c_deltoidea|c_groenlandica|c_quinquesecta|c_trifoliolata|c_omeiensis|c_teeta|c_ramosa|c_quinquefolia|c_trifolia,ACCAATAGACTTGAACCTTGTTCCT,CGCAGTAGAGTTTAACCACCAAG,60.163,59.568,302,CTTGGTGGTTAAACTCTACTGCG
