ID,SEQUENCE_ID,PRIMER_LEFT_SEQUENCE,PRIMER_RIGHT_SEQUENCE,PRIMER_LEFT_TM,PRIMER_RIGHT_TM,LENGTH_INTERMEDIATE_SEQUENCE,REV_RIGHT_SEQUENCE
1,c_ramosa|c_omeiensis|c_asplenifolia|c_deltoidea|c_quinquesecta|c_chinensis|c_trifoliolata|c_quinquefolia|c_groenlandica|c_teeta|c_brevisepala|c_trifolia,AATCGGTAGACACGCTGCTCTTA,CCCATACTGCTCCCGAAAGAATA,61.735,59.929,904,TATTCTTTCGGGAGCAGTATGGG
2,c_ramosa|c_omeiensis|c_asplenifolia|c_deltoidea|c_quinquesecta|c_chinensis|c_trifoliolata|c_quinquefolia|c_groenlandica|c_teeta|c_brevisepala|c_trifolia,GGACTGCCACTTATTTGCTGAAT,CTTCCTAAGAGCAGCGTGTCTAC,59.555,60.732,1263,GTAGACACGCTGCTCTTAGGAAG
3,c_ramosa|c_omeiensis|c_asplenifolia|c_deltoidea|c_quinquesecta|c_chinensis|c_trifoliolata|c_quinquefolia|c_groenlandica|c_teeta|c_brevisepala|c_trifolia,GGGAGATGTTGAAGCTGCATAGA,ACATCAGCCAATCAATCGTATCC,60.433,58.932,294,GGATACGATTGATTGGCTGATGT
4,c_ramosa|c_omeiensis|c_asplenifolia|c_deltoidea|c_quinquesecta|c_chinensis|c_trifoliolata|c_quinquefolia|c_groenlandica|c_teeta|c_brevisepala|c_trifolia,TCGAGAAGCTGCTGAACATTGTA,CTCCCTGGTTGATGATAGTAGGC,60.306,59.993,318,GCCTACTATCATCAACCAGGGAG
5,c_ramosa|c_omeiensis|c_asplenifolia|c_deltoidea|c_quinquesecta|c_chinensis|c_trifoliolata|c_quinquefolia|c_groenlandica|c_teeta|c_brevisepala|c_trifolia,CGCTATGGTGAAATCGGTAGACA,TGCTCCCGAAAGAATACCTATGG,60.490,59.929,908,CCATAGGTATTCTTTCGGGAGCA
6,c_ramosa|c_omeiensis|c_asplenifolia|c_deltoidea|c_quinquesecta|c_chinensis|c_trifoliolata|c_quinquefolia|c_groenlandica|c_teeta|c_brevisepala|c_trifolia,TTCTGCAACAAAGCCACTCATTC,ACCCATGGAGAAGCACATTACAG,60.244,60.623,483,CTGTAATGTGCTTCTCCATGGGT
7,c_ramosa|c_omeiensis|c_asplenifolia|c_deltoidea|c_quinquesecta|c_chinensis|c_trifoliolata|c_quinquefolia|c_groenlandica|c_teeta|c_brevisepala|c_trifolia,TCGTGTCATTAGTCTCGGGTTTAT,CAGATACCCATGGAGAAGCACAT,59.600,60.181,1342,ATGTGCTTCTCCATGGGTATCTG
8,c_ramosa|c_omeiensis|c_asplenifolia|c_deltoidea|c_quinquesecta|c_chinensis|c_trifoliolata|c_quinquefolia|c_groenlandica|c_teeta|c_brevisepala|c_trifolia,GTAGACACGCTGCTCTTAGGAAG,CCATGCCTCATTAGCCCATACT,60.732,59.959,913,AGTATGGGCTAATGAGGCATGG
9,c_ramosa|c_omeiensis|c_asplenifolia|c_deltoidea|c_quinquesecta|c_chinensis|c_trifoliolata|c_quinquefolia|c_groenlandica|c_teeta|c_brevisepala|c_trifolia,ATTGCATTGAATCTCCTCCCTCA,CCGAGACTAATGACACGAGAACT,59.796,59.873,940,AGTTCTCGTGTCATTAGTCTCGG
10,c_ramosa|c_omeiensis|c_asplenifolia|c_deltoidea|c_quinquesecta|c_chinensis|c_trifoliolata|c_quinquefolia|c_groenlandica|c_teeta|c_brevisepala|c_trifolia,TGTTGGAGTTCTCGTGTCATTAGT,CAATGTTCAGCAGCTTCTCGATG,59.961,60.485,930,CATCGAGAAGCTGCTGAACATTG
11,c_ramosa|c_omeiensis|c_asplenifolia|c_deltoidea|c_quinquesecta|c_chinensis|c_trifoliolata|c_quinquefolia|c_groenlandica|c_teeta|c_brevisepala|c_trifolia,AGGTATTCTTTCGGGAGCAGTAT,TCTGGACCACGAGAACTGTTTG,59.032,60.483,641,CAAACAGTTCTCGTGGTCCAGA
12,c_ramosa|c_omeiensis|c_asplenifolia|c_deltoidea|c_quinquesecta|c_chinensis|c_trifoliolata|c_quinquefolia|c_groenlandica|c_teeta|c_brevisepala|c_trifolia,ATCTCCTCCCTCAATATCGACGA,TGACACGAGAACTCCAACAATCC,60.245,60.802,920,GGATTGTTGGAGTTCTCGTGTCA
13,c_ramosa|c_omeiensis|c_asplenifolia|c_deltoidea|c_quinquesecta|c_chinensis|c_trifoliolata|c_quinquefolia|c_groenlandica|c_teeta|c_brevisepala|c_trifolia,CGAGAAGCTGCTGAACATTGTAAAT,TGCCTATTCCTCCGTATCTCATATG,60.391,59.639,232,CATATGAGATACGGAGGAATAGGCA
14,c_ramosa|c_omeiensis|c_asplenifolia|c_deltoidea|c_quinquesecta|c_chinensis|c_trifoliolata|c_quinquefolia|c_groenlandica|c_teeta|c_brevisepala|c_trifolia,CAAACAGTTCTCGTGGTCCAGAA,TCGAAGAAATGGGAGGAATAGCT,60.988,59.288,309,AGCTATTCCTCCCATTTCTTCGA
15,c_ramosa|c_omeiensis|c_asplenifolia|c_deltoidea|c_quinquesecta|c_chinensis|c_trifoliolata|c_quinquefolia|c_groenlandica|c_teeta|c_brevisepala|c_trifolia,CACAGTGGTTAATGATGCACGTAA,CACGAGAACTCCAACAATCCAATT,59.847,59.784,282,AATTGGATTGTTGGAGTTCTCGTG
16,c_ramosa|c_omeiensis|c_asplenifolia|c_deltoidea|c_quinquesecta|c_chinensis|c_trifoliolata|c_quinquefolia|c_groenlandica|c_teeta|c_brevisepala|c_trifolia,CAATTCTGCAACAAAGCCACTCA,TTGCCTATTCCTCCGTATCTCAT,60.491,58.840,281,ATGAGATACGGAGGAATAGGCAA
17,c_ramosa|c_omeiensis|c_asplenifolia|c_deltoidea|c_quinquesecta|c_chinensis|c_trifoliolata|c_quinquefolia|c_groenlandica|c_teeta|c_brevisepala|c_trifolia,CCATCGAGAAGCTGCTGAACATT,TCTATGCAGCTTCAACATCTCCC,61.481,60.433,285,GGGAGATGTTGAAGCTGCATAGA
18,c_ramosa|c_omeiensis|c_asplenifolia|c_deltoidea|c_quinquesecta|c_chinensis|c_trifoliolata|c_quinquefolia|c_groenlandica|c_teeta|c_brevisepala|c_trifolia,GGATTGTTGGAGTTCTCGTGTCA,CCTGGAATGAGTGGCTTTGTTG,60.802,60.030,896,CAACAAAGCCACTCATTCCAGG
19,c_ramosa|c_omeiensis|c_asplenifolia|c_deltoidea|c_quinquesecta|c_chinensis|c_trifoliolata|c_quinquefolia|c_groenlandica|c_teeta|c_brevisepala|c_trifolia,TTGGCTATTTCGAACAAATCCCG,AGCAAATAAGTGGCAGTCCTATCT,59.872,59.835,457,AGATAGGACTGCCACTTATTTGCT
20,c_ramosa|c_omeiensis|c_asplenifolia|c_deltoidea|c_quinquesecta|c_chinensis|c_trifoliolata|c_quinquefolia|c_groenlandica|c_teeta|c_brevisepala|c_trifolia,TCCGTTGAGTCCTGTATCAGTTATG,CCATGGAGAAGCACATTACAGTAC,60.164,59.428,280,GTACTGTAATGTGCTTCTCCATGG
21,c_ramosa|c_omeiensis|c_asplenifolia|c_deltoidea|c_quinquesecta|c_chinensis|c_trifoliolata|c_quinquefolia|c_groenlandica|c_teeta|c_brevisepala|c_trifolia,TGAGATACGGAGGAATAGGCAATT,TGAAACATCAGCCAATCAATCGT,59.407,59.242,345,ACGATTGATTGGCTGATGTTTCA
22,c_ramosa|c_omeiensis|c_asplenifolia|c_deltoidea|c_quinquesecta|c_chinensis|c_trifoliolata|c_quinquefolia|c_groenlandica|c_teeta|c_brevisepala|c_trifolia,TCAATTCCAGAAGAGCTTAACCCT,GCGTGTCTACCGATTTCACCATA,59.710,60.736,233,TATGGTGAAATCGGTAGACACGC
23,c_ramosa|c_omeiensis|c_asplenifolia|c_deltoidea|c_quinquesecta|c_chinensis|c_trifoliolata|c_quinquefolia|c_groenlandica|c_teeta|c_brevisepala|c_trifolia,CCATAGGTATTCTTTCGGGAGCA,TTACAATGTTCAGCAGCTTCTCG,59.929,59.567,890,CGAGAAGCTGCTGAACATTGTAA
24,c_ramosa|c_omeiensis|c_asplenifolia|c_deltoidea|c_quinquesecta|c_chinensis|c_trifoliolata|c_quinquefolia|c_groenlandica|c_teeta|c_brevisepala|c_trifolia,GGTGGATGGGCTATTATGATTTCG,CGTGCATCATTAACCACTGTGAT,59.604,59.625,628,ATCACAGTGGTTAATGATGCACG
25,c_ramosa|c_omeiensis|c_asplenifolia|c_deltoidea|c_quinquesecta|c_chinensis|c_trifoliolata|c_quinquefolia|c_groenlandica|c_teeta|c_brevisepala|c_trifolia,AATGTGCTTCTCCATGGGTATCT,GGGAGGGAAGAAACGTTTGTACT,59.539,60.496,263,AGTACAAACGTTTCTTCCCTCCC
26,c_ramosa|c_omeiensis|c_asplenifolia|c_deltoidea|c_quinquesecta|c_chinensis|c_trifoliolata|c_quinquefolia|c_groenlandica|c_teeta|c_brevisepala|c_trifolia,TTGCTGCAATTGGTCGTGTGAA,TGAGGGAGGAGATTCAATGCAATAT,61.839,59.926,1495,ATATTGCATTGAATCTCCTCCCTCA
27,c_ramosa|c_omeiensis|c_asplenifolia|c_deltoidea|c_quinquesecta|c_chinensis|c_trifoliolata|c_quinquefolia|c_groenlandica|c_teeta|c_brevisepala|c_trifolia,GGGCTATTATGATTTCGAGCAAGC,CATACTGCTCCCGAAAGAATACCT,60.379,60.202,937,AGGTATTCTTTCGGGAGCAGTATG
28,c_ramosa|c_omeiensis|c_asplenifolia|c_deltoidea|c_quinquesecta|c_chinensis|c_trifoliolata|c_quinquefolia|c_groenlandica|c_teeta|c_brevisepala|c_trifolia,CTGCAATTGGTCGTGTGAACCA,TCGTCGATATTGAGGGAGGAGAT,61.895,60.245,1502,ATCTCCTCCCTCAATATCGACGA
29,c_ramosa|c_omeiensis|c_asplenifolia|c_deltoidea|c_quinquesecta|c_chinensis|c_trifoliolata|c_quinquefolia|c_groenlandica|c_teeta|c_brevisepala|c_trifolia,ACTACCAATTCTGCAACAAAGCC,TGGAGAAGCACATTACAGTACATG,59.994,58.822,486,CATGTACTGTAATGTGCTTCTCCA
30,c_ramosa|c_omeiensis|c_asplenifolia|c_deltoidea|c_quinquesecta|c_chinensis|c_trifoliolata|c_quinquefolia|c_groenlandica|c_teeta|c_brevisepala|c_trifolia,TGGAGTTCTCGTGTCATTAGTCTC,TCGAAGAAATGGGAGGAATAGCTATC,59.844,60.295,972,GATAGCTATTCCTCCCATTTCTTCGA
31,c_ramosa|c_omeiensis|c_asplenifolia|c_deltoidea|c_quinquesecta|c_chinensis|c_trifoliolata|c_quinquefolia|c_groenlandica|c_teeta|c_brevisepala|c_trifolia,TGAATCTCCTCCCTCAATATCGA,ACTAATGACACGAGAACTCCAACA,58.259,59.961,928,TGTTGGAGTTCTCGTGTCATTAGT
32,c_ramosa|c_omeiensis|c_asplenifolia|c_deltoidea|c_quinquesecta|c_chinensis|c_trifoliolata|c_quinquefolia|c_groenlandica|c_teeta|c_brevisepala|c_trifolia,GCCTACTATCATCAACCAGGGAG,GAGGGAAGAAACGTTTGTACTCTG,59.993,59.552,386,CAGAGTACAAACGTTTCTTCCCTC
33,c_ramosa|c_omeiensis|c_asplenifolia|c_deltoidea|c_quinquesecta|c_chinensis|c_trifoliolata|c_quinquefolia|c_groenlandica|c_teeta|c_brevisepala|c_trifolia,GAAATCGGTAGACACGCTGCTC,AAACCCGAGACTAATGACACGAG,61.608,60.367,866,CTCGTGTCATTAGTCTCGGGTTT
34,c_ramosa|c_omeiensis|c_asplenifolia|c_deltoidea|c_quinquesecta|c_chinensis|c_trifoliolata|c_quinquefolia|c_groenlandica|c_teeta|c_brevisepala|c_trifolia,AGCTATTCCTCCCATTTCTTCGA,GCTTCAACATCTCCCGGTCAG,59.288,61.009,231,CTGACCGGGAGATGTTGAAGC
35,c_ramosa|c_omeiensis|c_asplenifolia|c_deltoidea|c_quinquesecta|c_chinensis|c_trifoliolata|c_quinquefolia|c_groenlandica|c_teeta|c_brevisepala|c_trifolia,AGTTACAATTGGTCAAACGAGAAGA,TTGAGGGAGGAGATTCAATGCAA,58.947,59.990,856,TTGCATTGAATCTCCTCCCTCAA
36,c_ramosa|c_omeiensis|c_asplenifolia|c_deltoidea|c_quinquesecta|c_chinensis|c_trifoliolata|c_quinquefolia|c_groenlandica|c_teeta|c_brevisepala|c_trifolia,ACAATTGGTCAAACGAGAAGATTAAGT,AGGGTTAAGCTCTTCTGGAATTGA,59.771,59.710,714,TCAATTCCAGAAGAGCTTAACCCT
37,c_ramosa|c_omeiensis|c_asplenifolia|c_deltoidea|c_quinquesecta|c_chinensis|c_trifoliolata|c_quinquefolia|c_groenlandica|c_teeta|c_brevisepala|c_trifolia,GGATGGGCTATTATGATTTCGAGC,GGTCCAAGTAATAAATGCCCAAGTT,59.666,59.813,1011,AACTTGGGCATTTATTACTTGGACC
38,c_ramosa|c_omeiensis|c_asplenifolia|c_deltoidea|c_quinquesecta|c_chinensis|c_trifoliolata|c_quinquefolia|c_groenlandica|c_teeta|c_brevisepala|c_trifolia,TCTCGTGTCATTAGTCTCGGGTT,GAAGAAACGTTTGTACTCTGCTACA,61.121,59.539,1577,TGTAGCAGAGTACAAACGTTTCTTC
39,c_ramosa|c_omeiensis|c_asplenifolia|c_deltoidea|c_quinquesecta|c_chinensis|c_trifoliolata|c_quinquefolia|c_groenlandica|c_teeta|c_brevisepala|c_trifolia,CCGTCGGAACAAAGAGAAGCC,GAGCAGCGTGTCTACCGATTTC,61.531,61.608,1149,GAAATCGGTAGACACGCTGCTC
40,c_ramosa|c_omeiensis|c_asplenifolia|c_deltoidea|c_quinquesecta|c_chinensis|c_trifoliolata|c_quinquefolia|c_groenlandica|c_teeta|c_brevisepala|c_trifolia,CTCACATTTCTTTGTCGATTGTTTCA,GAGACTAATGACACGAGAACTCCA,59.088,59.844,659,TGGAGTTCTCGTGTCATTAGTCTC
41,c_ramosa|c_omeiensis|c_asplenifolia|c_deltoidea|c_quinquesecta|c_chinensis|c_trifoliolata|c_quinquefolia|c_groenlandica|c_teeta|c_brevisepala|c_trifolia,ATTGGATTGTTGGAGTTCTCGTG,AGATGTTAATGCGAATGAACCATAACT,59.247,59.717,310,AGTTATGGTTCATTCGCATTAACATCT
42,c_ramosa|c_omeiensis|c_asplenifolia|c_deltoidea|c_quinquesecta|c_chinensis|c_trifoliolata|c_quinquefolia|c_groenlandica|c_teeta|c_brevisepala|c_trifolia,AGTTACAATTGGTCAAACGAGAAGATTA,GTCGATATTGAGGGAGGAGATTCA,59.595,59.475,863,TGAATCTCCTCCCTCAATATCGAC
43,c_ramosa|c_omeiensis|c_asplenifolia|c_deltoidea|c_quinquesecta|c_chinensis|c_trifoliolata|c_quinquefolia|c_groenlandica|c_teeta|c_brevisepala|c_trifolia,AACTCACATTTCTTTGTCGATTGTT,CTTACGTGCATCATTAACCACTGT,58.205,59.608,393,ACAGTGGTTAATGATGCACGTAAG
44,c_ramosa|c_omeiensis|c_asplenifolia|c_deltoidea|c_quinquesecta|c_chinensis|c_trifoliolata|c_quinquefolia|c_groenlandica|c_teeta|c_brevisepala|c_trifolia,AGATATTGCATTGAATCTCCTCCC,ACCATCATACTTACGTGCATCAT,58.432,58.039,683,ATGATGCACGTAAGTATGATGGT
45,c_ramosa|c_omeiensis|c_asplenifolia|c_deltoidea|c_quinquesecta|c_chinensis|c_trifoliolata|c_quinquefolia|c_groenlandica|c_teeta|c_brevisepala|c_trifolia,TCGTGTCATTAGTCTCGGGTTTATATT,TGATCTCTCATGGATTTATTGGTGCT,60.202,60.410,1042,AGCACCAATAAATCCATGAGAGATCA
46,c_ramosa|c_omeiensis|c_asplenifolia|c_deltoidea|c_quinquesecta|c_chinensis|c_trifoliolata|c_quinquefolia|c_groenlandica|c_teeta|c_brevisepala|c_trifolia,GCTATTCCTCCCATTTCTTCGAGAT,TCAAATAATCTATGCAGCTTCAACATCT,60.512,59.749,246,AGATGTTGAAGCTGCATAGATTATTTGA
47,c_ramosa|c_omeiensis|c_asplenifolia|c_deltoidea|c_quinquesecta|c_chinensis|c_trifoliolata|c_quinquefolia|c_groenlandica|c_teeta|c_brevisepala|c_trifolia,TCCTCCCATTTCTTCGAGATAAACA,CAGCTTCAACATCTCCCGGT,59.811,60.036,227,ACCGGGAGATGTTGAAGCTG
48,c_ramosa|c_omeiensis|c_asplenifolia|c_deltoidea|c_quinquesecta|c_chinensis|c_trifoliolata|c_quinquefolia|c_groenlandica|c_teeta|c_brevisepala|c_trifolia,TCACAGTGGTTAATGATGCACG,GCCCATACTGCTCCCGAAAG,59.258,60.816,341,CTTTCGGGAGCAGTATGGGC
49,c_ramosa|c_omeiensis|c_asplenifolia|c_deltoidea|c_quinquesecta|c_chinensis|c_trifoliolata|c_quinquefolia|c_groenlandica|c_teeta|c_brevisepala|c_trifolia,CCATACATATTGGTAGATAGGACTGC,CGGCTTGCTCGAAATCATAATAG,58.731,58.049,1245,CTATTATGATTTCGAGCAAGCCG
50,c_ramosa|c_omeiensis|c_asplenifolia|c_deltoidea|c_quinquesecta|c_chinensis|c_trifoliolata|c_quinquefolia|c_groenlandica|c_teeta|c_brevisepala|c_trifolia,GTGAAATCGGTAGACACGCTG,ACCATCATACTTACGTGCATCATTAA,59.346,59.010,603,TTAATGATGCACGTAAGTATGATGGT
51,c_ramosa|c_omeiensis|c_asplenifolia|c_deltoidea|c_quinquesecta|c_chinensis|c_trifoliolata|c_quinquefolia|c_groenlandica|c_teeta|c_brevisepala|c_trifolia,TTGCTGCAATTGGTCGTGT,TCAGCAAATAAGTGGCAGTCCTA,58.586,59.737,338,TAGGACTGCCACTTATTTGCTGA
52,c_ramosa|c_omeiensis|c_asplenifolia|c_deltoidea|c_quinquesecta|c_chinensis|c_trifoliolata|c_quinquefolia|c_groenlandica|c_teeta|c_brevisepala|c_trifolia,CACATTTCTTTGTCGATTGTTTCAATTC,TGGTCCAAGTAATAAATGCCCAA,59.259,58.322,772,TTGGGCATTTATTACTTGGACCA
53,c_ramosa|c_omeiensis|c_asplenifolia|c_deltoidea|c_quinquesecta|c_chinensis|c_trifoliolata|c_quinquefolia|c_groenlandica|c_teeta|c_brevisepala|c_trifolia,GCAACAAAGCCACTCATTCCAG,CAATTCAAATAATCTATGCAGCTTCAACA,60.609,59.787,334,TGTTGAAGCTGCATAGATTATTTGAATTG
54,c_ramosa|c_omeiensis|c_asplenifolia|c_deltoidea|c_quinquesecta|c_chinensis|c_trifoliolata|c_quinquefolia|c_groenlandica|c_teeta|c_brevisepala|c_trifolia,TGTCTTCCACATTTAACTATAACAATGAGT,TGTCTACCGATTTCACCATAGCG,59.663,60.490,524,CGCTATGGTGAAATCGGTAGACA
55,c_ramosa|c_omeiensis|c_asplenifolia|c_deltoidea|c_quinquesecta|c_chinensis|c_trifoliolata|c_quinquefolia|c_groenlandica|c_teeta|c_brevisepala|c_trifolia,TCCACATTTAACTATAACAATGAGTAACC,GCTCGAAATCATAATAGCCCATCC,58.221,59.666,492,GGATGGGCTATTATGATTTCGAGC
56,c_ramosa|c_omeiensis|c_asplenifolia|c_deltoidea|c_quinquesecta|c_chinensis|c_trifoliolata|c_quinquefolia|c_groenlandica|c_teeta|c_brevisepala|c_trifolia,CCTACTATCATCAACCAGGGAGAAA,GGGAGGGAAGAAACGTTTGT,59.633,58.023,387,ACAAACGTTTCTTCCCTCCC
57,c_ramosa|c_omeiensis|c_asplenifolia|c_deltoidea|c_quinquesecta|c_chinensis|c_trifoliolata|c_quinquefolia|c_groenlandica|c_teeta|c_brevisepala|c_trifolia,CAAATTTGAACTAGTAACTAATCCCAACAT,AGGGAGGAGATTCAATGCAATATCTT,59.081,60.183,1408,AAGATATTGCATTGAATCTCCTCCCT
58,c_ramosa|c_omeiensis|c_asplenifolia|c_deltoidea|c_quinquesecta|c_chinensis|c_trifoliolata|c_quinquefolia|c_groenlandica|c_teeta|c_brevisepala|c_trifolia,TCTTTGTCGATTGTTTCAATTCTAATTACC,CCCATGCCTCATTAGCCCAT,59.528,59.886,712,ATGGGCTAATGAGGCATGGG
59,c_ramosa|c_omeiensis|c_asplenifolia|c_deltoidea|c_quinquesecta|c_chinensis|c_trifoliolata|c_quinquefolia|c_groenlandica|c_teeta|c_brevisepala|c_trifolia,GAACATATATTAACTCACATTTCTTTGTCG,TCATACTTACGTGCATCATTAACCA,58.250,58.658,409,TGGTTAATGATGCACGTAAGTATGA
