ID,SEQUENCE_ID,PRIMER_LEFT_SEQUENCE,PRIMER_RIGHT_SEQUENCE,PRIMER_LEFT_TM,PRIMER_RIGHT_TM,LENGTH_INTERMEDIATE_SEQUENCE,REV_RIGHT_SEQUENCE
1,c_ramosa|c_teeta|c_omeiensis|c_brevisepala|c_quinquesecta|c_groenlandica|c_deltoidea|c_asplenifolia|c_trifolia|c_quinquefolia|c_trifoliolata|c_chinensis,AGACTCCGCCCACTTCATTTATT,GGAATCTGTGGCGTCAACCTATA,60.054,60.181,285,TATAGGTTGACGCCACAGATTCC
2,c_ramosa|c_teeta|c_omeiensis|c_brevisepala|c_quinquesecta|c_groenlandica|c_deltoidea|c_asplenifolia|c_trifolia|c_quinquefolia|c_trifoliolata|c_chinensis,CAAAGACTCCGCCCACTTCATTT,ACCAGAAGCCGAGGAAGAATTAG,61.615,60.119,206,CTAATTCTTCCTCGGCTTCTGGT
3,c_ramosa|c_teeta|c_omeiensis|c_brevisepala|c_quinquesecta|c_groenlandica|c_deltoidea|c_asplenifolia|c_trifolia|c_quinquefolia|c_trifoliolata|c_chinensis,TTCTTCCTCGGCTTCTGGTAAAT,GGGCGATGAACTAAACCAGATAG,59.737,58.941,847,CTATCTGGTTTAGTTCATCGCCC
4,c_ramosa|c_teeta|c_omeiensis|c_brevisepala|c_quinquesecta|c_groenlandica|c_deltoidea|c_asplenifolia|c_trifolia|c_quinquefolia|c_trifoliolata|c_chinensis,GAAAGCCCATCGATTCCTAGTCT,TGCCGCACAGCTCCTTATTTAT,59.930,60.421,1748,ATAAATAAGGAGCTGTGCGGCA
5,c_ramosa|c_teeta|c_omeiensis|c_brevisepala|c_quinquesecta|c_groenlandica|c_deltoidea|c_asplenifolia|c_trifolia|c_quinquefolia|c_trifoliolata|c_chinensis,TTCCTCGGCTTCTGGTAAATCAA,TGCGATTCGTTAGGACATGAACT,59.991,60.368,893,AGTTCATGTCCTAACGAATCGCA
6,c_ramosa|c_teeta|c_omeiensis|c_brevisepala|c_quinquesecta|c_groenlandica|c_deltoidea|c_asplenifolia|c_trifolia|c_quinquefolia|c_trifoliolata|c_chinensis,CCGCCCACTTCATTTATTCCAAA,TTTACCAGAAGCCGAGGAAGAAT,59.805,59.737,201,ATTCTTCCTCGGCTTCTGGTAAA
7,c_ramosa|c_teeta|c_omeiensis|c_brevisepala|c_quinquesecta|c_groenlandica|c_deltoidea|c_asplenifolia|c_trifolia|c_quinquefolia|c_trifoliolata|c_chinensis,CTAGACCCATGCTACGAGTTGTC,TTGGTCAATGATGCTCGAACATG,60.489,59.873,794,CATGTTCGAGCATCATTGACCAA
8,c_ramosa|c_teeta|c_omeiensis|c_brevisepala|c_quinquesecta|c_groenlandica|c_deltoidea|c_asplenifolia|c_trifolia|c_quinquefolia|c_trifoliolata|c_chinensis,AAGTAGTGATGAATCCCGTGAGT,GACAACTCGTAGCATGGGTCTAG,59.230,60.489,443,CTAGACCCATGCTACGAGTTGTC
9,c_ramosa|c_teeta|c_omeiensis|c_brevisepala|c_quinquesecta|c_groenlandica|c_deltoidea|c_asplenifolia|c_trifolia|c_quinquefolia|c_trifoliolata|c_chinensis,GCAGAGTACAAACGTTTCTTCCC,AGACTAGGAATCGATGGGCTTTC,60.059,59.930,257,GAAAGCCCATCGATTCCTAGTCT
10,c_ramosa|c_teeta|c_omeiensis|c_brevisepala|c_quinquesecta|c_groenlandica|c_deltoidea|c_asplenifolia|c_trifolia|c_quinquefolia|c_trifoliolata|c_chinensis,CCAGTGAAGTGGCTCCATCTC,TAAATGAAGTGGGCGGAGTCTTT,60.407,60.245,1493,AAAGACTCCGCCCACTTCATTTA
11,c_ramosa|c_teeta|c_omeiensis|c_brevisepala|c_quinquesecta|c_groenlandica|c_deltoidea|c_asplenifolia|c_trifolia|c_quinquefolia|c_trifoliolata|c_chinensis,TGCCATAAATAAACCCGGACACT,CCAGATACATCATGGTACGGGATT,60.309,60.020,1171,AATCCCGTACCATGATGTATCTGG
12,c_ramosa|c_teeta|c_omeiensis|c_brevisepala|c_quinquesecta|c_groenlandica|c_deltoidea|c_asplenifolia|c_trifolia|c_quinquefolia|c_trifoliolata|c_chinensis,TTTCAAAGACTCCGCCCACTTC,TTGATTTACCAGAAGCCGAGGAA,61.069,59.991,216,TTCCTCGGCTTCTGGTAAATCAA
13,c_ramosa|c_teeta|c_omeiensis|c_brevisepala|c_quinquesecta|c_groenlandica|c_deltoidea|c_asplenifolia|c_trifolia|c_quinquefolia|c_trifoliolata|c_chinensis,CCTATAGGTTGACGCCACAGATT,TCATAGTTTGAAGCGGGTACAAA,60.181,58.357,622,TTTGTACCCGCTTCAAACTATGA
14,c_ramosa|c_teeta|c_omeiensis|c_brevisepala|c_quinquesecta|c_groenlandica|c_deltoidea|c_asplenifolia|c_trifolia|c_quinquefolia|c_trifoliolata|c_chinensis,ATTTGACCGCTGTACATTGCTAA,GATTTCTTGAGTGTCCGGGTTTAT,58.993,59.058,560,ATAAACCCGGACACTCAAGAAATC
15,c_ramosa|c_teeta|c_omeiensis|c_brevisepala|c_quinquesecta|c_groenlandica|c_deltoidea|c_asplenifolia|c_trifolia|c_quinquefolia|c_trifoliolata|c_chinensis,ACTAATTCTTCCTCGGCTTCTGG,GCAATAGCGATGGGAATAGTGATG,60.119,59.906,210,CATCACTATTCCCATCGCTATTGC
16,c_ramosa|c_teeta|c_omeiensis|c_brevisepala|c_quinquesecta|c_groenlandica|c_deltoidea|c_asplenifolia|c_trifolia|c_quinquefolia|c_trifoliolata|c_chinensis,TCGTGGTAAAGGCAAGATACACT,GGTCAATGATGCTCGAACATGTAC,59.740,60.260,921,GTACATGTTCGAGCATCATTGACC
17,c_ramosa|c_teeta|c_omeiensis|c_brevisepala|c_quinquesecta|c_groenlandica|c_deltoidea|c_asplenifolia|c_trifolia|c_quinquefolia|c_trifoliolata|c_chinensis,TAAACCCGGACACTCAAGAAATC,TCCATATTCCATCGAACTCCCATTT,58.679,60.163,1362,AAATGGGAGTTCGATGGAATATGGA
18,c_ramosa|c_teeta|c_omeiensis|c_brevisepala|c_quinquesecta|c_groenlandica|c_deltoidea|c_asplenifolia|c_trifolia|c_quinquefolia|c_trifoliolata|c_chinensis,AGTACAAACGTTTCTTCCCTCCC,ACTCACGGGATTCATCACTACTT,60.496,59.230,215,AAGTAGTGATGAATCCCGTGAGT
19,c_ramosa|c_teeta|c_omeiensis|c_brevisepala|c_quinquesecta|c_groenlandica|c_deltoidea|c_asplenifolia|c_trifolia|c_quinquefolia|c_trifoliolata|c_chinensis,AACCCTATTGATTGACCAAACCG,GCGGTAACTGCGTTGAGTATTG,59.238,60.223,537,CAATACTCAACGCAGTTACCGC
20,c_ramosa|c_teeta|c_omeiensis|c_brevisepala|c_quinquesecta|c_groenlandica|c_deltoidea|c_asplenifolia|c_trifolia|c_quinquefolia|c_trifoliolata|c_chinensis,GTAACCGACCCAAAGCAATTTG,GAATAAATGAAGTGGGCGGAGTC,58.686,59.687,729,GACTCCGCCCACTTCATTTATTC
21,c_ramosa|c_teeta|c_omeiensis|c_brevisepala|c_quinquesecta|c_groenlandica|c_deltoidea|c_asplenifolia|c_trifolia|c_quinquefolia|c_trifoliolata|c_chinensis,TGCGCCTCAACTATATCAACTGT,CGTGCGATTCGTTAGGACATGA,60.119,61.046,774,TCATGTCCTAACGAATCGCACG
22,c_ramosa|c_teeta|c_omeiensis|c_brevisepala|c_quinquesecta|c_groenlandica|c_deltoidea|c_asplenifolia|c_trifolia|c_quinquefolia|c_trifoliolata|c_chinensis,AGTAGTGATGAATCCCGTGAGTAAA,GTCCGGGTTTATTTATGGCATGAG,59.579,60.023,465,CTCATGCCATAAATAAACCCGGAC
23,c_ramosa|c_teeta|c_omeiensis|c_brevisepala|c_quinquesecta|c_groenlandica|c_deltoidea|c_asplenifolia|c_trifolia|c_quinquefolia|c_trifoliolata|c_chinensis,CCCATCGATTCCTAGTCTCCAGT,CGGTTTGGTCAATCAATAGGGTTAT,61.006,59.407,1982,ATAACCCTATTGATTGACCAAACCG
24,c_ramosa|c_teeta|c_omeiensis|c_brevisepala|c_quinquesecta|c_groenlandica|c_deltoidea|c_asplenifolia|c_trifolia|c_quinquefolia|c_trifoliolata|c_chinensis,CCTCCATGGCCACAAATAAATCT,TCAATATCTCTACGTGCGATTCG,59.037,58.536,671,CGAATCGCACGTAGAGATATTGA
25,c_ramosa|c_teeta|c_omeiensis|c_brevisepala|c_quinquesecta|c_groenlandica|c_deltoidea|c_asplenifolia|c_trifolia|c_quinquefolia|c_trifoliolata|c_chinensis,TGAATCTCGAGTAACTGGCCAAG,AGTGTATCTTGCCTTTACCACGA,60.368,59.740,352,TCGTGGTAAAGGCAAGATACACT
26,c_ramosa|c_teeta|c_omeiensis|c_brevisepala|c_quinquesecta|c_groenlandica|c_deltoidea|c_asplenifolia|c_trifolia|c_quinquefolia|c_trifoliolata|c_chinensis,CCATAAATAAACCCGGACACTCAAG,CCGGTTTGGTCAATCAATAGGGT,59.934,60.876,1578,ACCCTATTGATTGACCAAACCGG
27,c_ramosa|c_teeta|c_omeiensis|c_brevisepala|c_quinquesecta|c_groenlandica|c_deltoidea|c_asplenifolia|c_trifolia|c_quinquefolia|c_trifoliolata|c_chinensis,GCTACTAATTCTTCCTCGGCTTC,AGCGATGGGAATAGTGATGTTATC,58.947,58.517,208,GATAACATCACTATTCCCATCGCT
28,c_ramosa|c_teeta|c_omeiensis|c_brevisepala|c_quinquesecta|c_groenlandica|c_deltoidea|c_asplenifolia|c_trifolia|c_quinquefolia|c_trifoliolata|c_chinensis,ACATCACTATTCCCATCGCTATTG,TGAGTCTCATTCCCTAGGTACAA,58.759,58.057,598,TTGTACCTAGGGAATGAGACTCA
29,c_ramosa|c_teeta|c_omeiensis|c_brevisepala|c_quinquesecta|c_groenlandica|c_deltoidea|c_asplenifolia|c_trifolia|c_quinquefolia|c_trifoliolata|c_chinensis,CACATAAATAAGGAGCTGTGCGG,GAAGTGGGCGGAGTCTTTGAAA,59.997,61.069,1382,TTTCAAAGACTCCGCCCACTTC
30,c_ramosa|c_teeta|c_omeiensis|c_brevisepala|c_quinquesecta|c_groenlandica|c_deltoidea|c_asplenifolia|c_trifolia|c_quinquefolia|c_trifoliolata|c_chinensis,GGCAGGCTCGTACACATTGA,GGTAACTGCGTTGAGTATTGTCC,60.391,59.630,1943,GGACAATACTCAACGCAGTTACC
31,c_ramosa|c_teeta|c_omeiensis|c_brevisepala|c_quinquesecta|c_groenlandica|c_deltoidea|c_asplenifolia|c_trifolia|c_quinquefolia|c_trifoliolata|c_chinensis,GTGGCTAAAGTAGTGATGAATCCC,TGAGTGTCCGGGTTTATTTATGG,59.183,58.481,478,CCATAAATAAACCCGGACACTCA
32,c_ramosa|c_teeta|c_omeiensis|c_brevisepala|c_quinquesecta|c_groenlandica|c_deltoidea|c_asplenifolia|c_trifolia|c_quinquefolia|c_trifoliolata|c_chinensis,AGTTGATCCATTCTCATCCTAGGT,AGAAGCCGAGGAAGAATTAGTAGC,58.777,60.202,306,GCTACTAATTCTTCCTCGGCTTCT
33,c_ramosa|c_teeta|c_omeiensis|c_brevisepala|c_quinquesecta|c_groenlandica|c_deltoidea|c_asplenifolia|c_trifolia|c_quinquefolia|c_trifoliolata|c_chinensis,GCTAGACCCATGCTACGAGTT,TTCCATATTCCATCGAACTCCCA,59.591,59.286,1399,TGGGAGTTCGATGGAATATGGAA
34,c_ramosa|c_teeta|c_omeiensis|c_brevisepala|c_quinquesecta|c_groenlandica|c_deltoidea|c_asplenifolia|c_trifolia|c_quinquefolia|c_trifoliolata|c_chinensis,CGAATCGCACGTAGAGATATTGA,TCAGTATTGGACCGTCTATAGCG,58.536,59.499,271,CGCTATAGACGGTCCAATACTGA
35,c_ramosa|c_teeta|c_omeiensis|c_brevisepala|c_quinquesecta|c_groenlandica|c_deltoidea|c_asplenifolia|c_trifolia|c_quinquefolia|c_trifoliolata|c_chinensis,ATAGGTTGACGCCACAGATTCCA,AGTCTCATTCCCTAGGTACAAGAGT,61.952,60.282,697,ACTCTTGTACCTAGGGAATGAGACT
36,c_ramosa|c_teeta|c_omeiensis|c_brevisepala|c_quinquesecta|c_groenlandica|c_deltoidea|c_asplenifolia|c_trifolia|c_quinquefolia|c_trifoliolata|c_chinensis,GCTAAAGTGGCTAAAGTAGTGATGAA,GTGTATCTTGCCTTTACCACGAATAA,59.406,59.686,326,TTATTCGTGGTAAAGGCAAGATACAC
37,c_ramosa|c_teeta|c_omeiensis|c_brevisepala|c_quinquesecta|c_groenlandica|c_deltoidea|c_asplenifolia|c_trifolia|c_quinquefolia|c_trifoliolata|c_chinensis,TGCATTCAGTATAAGCTCAAGACAC,TGCATTGCTTGTGAAGTATGTGTT,59.418,59.962,1582,AACACATACTTCACAAGCAATGCA
38,c_ramosa|c_teeta|c_omeiensis|c_brevisepala|c_quinquesecta|c_groenlandica|c_deltoidea|c_asplenifolia|c_trifolia|c_quinquefolia|c_trifoliolata|c_chinensis,GCTAAAGTAGTGATGAATCCCGTG,GCATGGGTCTAGCTTATTGATACG,59.492,59.373,436,CGTATCAATAAGCTAGACCCATGC
39,c_ramosa|c_teeta|c_omeiensis|c_brevisepala|c_quinquesecta|c_groenlandica|c_deltoidea|c_asplenifolia|c_trifolia|c_quinquefolia|c_trifoliolata|c_chinensis,CTCATGCCATAAATAAACCCGGAC,TGCCGCACAGCTCCTTATT,60.023,59.700,1344,AATAAGGAGCTGTGCGGCA
40,c_ramosa|c_teeta|c_omeiensis|c_brevisepala|c_quinquesecta|c_groenlandica|c_deltoidea|c_asplenifolia|c_trifolia|c_quinquefolia|c_trifoliolata|c_chinensis,GCGCCTCAACTATATCAACTGTACT,GTCTCATTCCCTAGGTACAAGAGTTAA,60.736,59.876,650,TTAACTCTTGTACCTAGGGAATGAGAC
41,c_ramosa|c_teeta|c_omeiensis|c_brevisepala|c_quinquesecta|c_groenlandica|c_deltoidea|c_asplenifolia|c_trifolia|c_quinquefolia|c_trifoliolata|c_chinensis,CGTATCAATAAGCTAGACCCATGC,GGAGATGGAGCCACTTCACTG,59.373,60.407,1269,CAGTGAAGTGGCTCCATCTCC
42,c_ramosa|c_teeta|c_omeiensis|c_brevisepala|c_quinquesecta|c_groenlandica|c_deltoidea|c_asplenifolia|c_trifolia|c_quinquefolia|c_trifoliolata|c_chinensis,ACACATTGAGTACACCCTATACATGT,TGTGTCTTGAGCTTATACTGAATGC,59.844,59.418,508,GCATTCAGTATAAGCTCAAGACACA
43,c_ramosa|c_teeta|c_omeiensis|c_brevisepala|c_quinquesecta|c_groenlandica|c_deltoidea|c_asplenifolia|c_trifolia|c_quinquefolia|c_trifoliolata|c_chinensis,TGGCGATCATAAGTAGAAAGTTCATAC,TTGGAATAAATGAAGTGGGCGGA,59.348,60.562,694,TCCGCCCACTTCATTTATTCCAA
44,c_ramosa|c_teeta|c_omeiensis|c_brevisepala|c_quinquesecta|c_groenlandica|c_deltoidea|c_asplenifolia|c_trifolia|c_quinquefolia|c_trifoliolata|c_chinensis,TGGCGATCATAAGTAGAAAGTTCA,AAATGCATTGCTTGTGAAGTATGT,58.027,58.214,212,ACATACTTCACAAGCAATGCATTT
45,c_ramosa|c_teeta|c_omeiensis|c_brevisepala|c_quinquesecta|c_groenlandica|c_deltoidea|c_asplenifolia|c_trifolia|c_quinquefolia|c_trifoliolata|c_chinensis,AGTTGATCCATTCTCATCCTAGGTAAA,GGTGGAATCTGTGGCGTCAA,59.652,60.605,394,TTGACGCCACAGATTCCACC
46,c_ramosa|c_teeta|c_omeiensis|c_brevisepala|c_quinquesecta|c_groenlandica|c_deltoidea|c_asplenifolia|c_trifolia|c_quinquefolia|c_trifoliolata|c_chinensis,CCCTATAGGTTGACGCCACAG,ACCAAGGTACACAAAGGATTAGTAATG,60.203,59.390,520,CATTACTAATCCTTTGTGTACCTTGGT
47,c_ramosa|c_teeta|c_omeiensis|c_brevisepala|c_quinquesecta|c_groenlandica|c_deltoidea|c_asplenifolia|c_trifolia|c_quinquefolia|c_trifoliolata|c_chinensis,GCATTCAGTATAAGCTCAAGACACATA,TGGACTTTACCTAGGATGAGAATGG,59.561,59.633,1965,CCATTCTCATCCTAGGTAAAGTCCA
48,c_ramosa|c_teeta|c_omeiensis|c_brevisepala|c_quinquesecta|c_groenlandica|c_deltoidea|c_asplenifolia|c_trifolia|c_quinquefolia|c_trifoliolata|c_chinensis,CCATTCTCATCCTAGGTAAAGTCCA,ACAGTTGATATAGTTGAGGCGCA,59.633,60.119,430,TGCGCCTCAACTATATCAACTGT
49,c_ramosa|c_teeta|c_omeiensis|c_brevisepala|c_quinquesecta|c_groenlandica|c_deltoidea|c_asplenifolia|c_trifolia|c_quinquefolia|c_trifoliolata|c_chinensis,ACTTCACAAGCAATGCATTTATCAA,GGAATCTGTGGCGTCAACCT,58.543,60.322,760,AGGTTGACGCCACAGATTCC
50,c_ramosa|c_teeta|c_omeiensis|c_brevisepala|c_quinquesecta|c_groenlandica|c_deltoidea|c_asplenifolia|c_trifolia|c_quinquefolia|c_trifoliolata|c_chinensis,TGTCTCATGCCATAAATAAACCCG,GGTTTGGTCAATCAATAGGGTTATGAA,59.421,59.876,1585,TTCATAACCCTATTGATTGACCAAACC
51,c_ramosa|c_teeta|c_omeiensis|c_brevisepala|c_quinquesecta|c_groenlandica|c_deltoidea|c_asplenifolia|c_trifolia|c_quinquefolia|c_trifoliolata|c_chinensis,TTTGAATCTCGAGTAACTGGCC,TTCTTGAGTGTCCGGGTTTATTTA,58.404,58.133,515,TAAATAAACCCGGACACTCAAGAA
52,c_ramosa|c_teeta|c_omeiensis|c_brevisepala|c_quinquesecta|c_groenlandica|c_deltoidea|c_asplenifolia|c_trifolia|c_quinquefolia|c_trifoliolata|c_chinensis,AAATTATTCGTGGTAAAGGCAAGATAC,TACTCAATGTGTACGAGCCTGC,58.597,60.417,333,GCAGGCTCGTACACATTGAGTA
53,c_ramosa|c_teeta|c_omeiensis|c_brevisepala|c_quinquesecta|c_groenlandica|c_deltoidea|c_asplenifolia|c_trifolia|c_quinquefolia|c_trifoliolata|c_chinensis,TCCTTTGTGTACCTTGGTATTCC,TGTGTTATCAATATCTCTACGTGCG,58.086,59.087,340,CGCACGTAGAGATATTGATAACACA
54,c_ramosa|c_teeta|c_omeiensis|c_brevisepala|c_quinquesecta|c_groenlandica|c_deltoidea|c_asplenifolia|c_trifolia|c_quinquefolia|c_trifoliolata|c_chinensis,AATCTGGTTTGATCTTGTAGTCCAA,ACCTAGGATGAGAATGGATCAACT,58.457,58.777,1479,AGTTGATCCATTCTCATCCTAGGT
55,c_ramosa|c_teeta|c_omeiensis|c_brevisepala|c_quinquesecta|c_groenlandica|c_deltoidea|c_asplenifolia|c_trifolia|c_quinquefolia|c_trifoliolata|c_chinensis,ACTGTAATTAAGCAATCGTTTCTTTCG,GGGCGGAGTCTTTGAAACGA,59.255,60.602,574,TCGTTTCAAAGACTCCGCCC
56,c_ramosa|c_teeta|c_omeiensis|c_brevisepala|c_quinquesecta|c_groenlandica|c_deltoidea|c_asplenifolia|c_trifolia|c_quinquefolia|c_trifoliolata|c_chinensis,GGGCAGGCTCGTACACAT,TGGACTACAAGATCAAACCAGATTAT,59.415,58.138,997,ATAATCTGGTTTGATCTTGTAGTCCA
57,c_ramosa|c_teeta|c_omeiensis|c_brevisepala|c_quinquesecta|c_groenlandica|c_deltoidea|c_asplenifolia|c_trifolia|c_quinquefolia|c_trifoliolata|c_chinensis,TCACAAGCAATGCATTTATCAAATTC,GACTTTACCTAGGATGAGAATGGATCA,58.034,59.984,396,TGATCCATTCTCATCCTAGGTAAAGTC
58,c_ramosa|c_teeta|c_omeiensis|c_brevisepala|c_quinquesecta|c_groenlandica|c_deltoidea|c_asplenifolia|c_trifolia|c_quinquefolia|c_trifoliolata|c_chinensis,CCATGATGTATCTGGGATAGTAGTAATT,TTGATAAATGCATTGCTTGTGAAGT,58.320,58.543,1075,ACTTCACAAGCAATGCATTTATCAA
59,c_ramosa|c_teeta|c_omeiensis|c_brevisepala|c_quinquesecta|c_groenlandica|c_deltoidea|c_asplenifolia|c_trifolia|c_quinquefolia|c_trifoliolata|c_chinensis,GATAACATCACTATTCCCATCGCT,AGTATGCTCTTACCCACTTATTAAACA,58.517,58.455,288,TGTTTAATAAGTGGGTAAGAGCATACT
60,c_ramosa|c_teeta|c_omeiensis|c_brevisepala|c_quinquesecta|c_groenlandica|c_deltoidea|c_asplenifolia|c_trifolia|c_quinquefolia|c_trifoliolata|c_chinensis,ACATTTATTGCTCCCACATAAATAAGG,CGAAAGAAACGATTGCTTAATTACAGT,58.358,59.255,844,ACTGTAATTAAGCAATCGTTTCTTTCG
61,c_ramosa|c_teeta|c_omeiensis|c_brevisepala|c_quinquesecta|c_groenlandica|c_deltoidea|c_asplenifolia|c_trifolia|c_quinquefolia|c_trifoliolata|c_chinensis,GTTTCAAAGACTCCGCCCAC,TGCTCTTACCCACTTATTAAACAAATTACT,59.408,59.858,651,AGTAATTTGTTTAATAAGTGGGTAAGAGCA
62,c_ramosa|c_teeta|c_omeiensis|c_brevisepala|c_quinquesecta|c_groenlandica|c_deltoidea|c_asplenifolia|c_trifolia|c_quinquefolia|c_trifoliolata|c_chinensis,GACGCCACAGATTCCACCC,AGTATGCTCTTACCCACTTATTAAACAAAT,60.745,59.710,378,ATTTGTTTAATAAGTGGGTAAGAGCATACT
63,c_ramosa|c_teeta|c_omeiensis|c_brevisepala|c_quinquesecta|c_groenlandica|c_deltoidea|c_asplenifolia|c_trifolia|c_quinquefolia|c_trifoliolata|c_chinensis,CATGATGTATCTGGGATAGTAGTAATTAGT,TCCTTATTCCATATTCCATCGAACTC,58.481,58.613,221,GAGTTCGATGGAATATGGAATAAGGA
64,c_ramosa|c_teeta|c_omeiensis|c_brevisepala|c_quinquesecta|c_groenlandica|c_deltoidea|c_asplenifolia|c_trifolia|c_quinquefolia|c_trifoliolata|c_chinensis,TGGCTCCATCTCCAACGG,CGAAAGAAACGATTGCTTAATTACAGTATT,59.010,59.820,927,AATACTGTAATTAAGCAATCGTTTCTTTCG
