ID,SEQUENCE_ID,PRIMER_LEFT_SEQUENCE,PRIMER_RIGHT_SEQUENCE,PRIMER_LEFT_TM,PRIMER_RIGHT_TM,LENGTH_INTERMEDIATE_SEQUENCE,REV_RIGHT_SEQUENCE
1,c_chinensis|c_brevisepala|c_groenlandica|c_omeiensis|c_trifolia|c_ramosa|c_quinquefolia|c_asplenifolia|c_trifoliolata|c_deltoidea|c_quinquesecta|c_teeta,TTGCTTCTTCTCCGCCAATAATT,ATGCATGGTGTTCTTCGACTCAT,58.984,60.621,580,ATGAGTCGAAGAACACCATGCAT
2,c_chinensis|c_brevisepala|c_groenlandica|c_omeiensis|c_trifolia|c_ramosa|c_quinquefolia|c_asplenifolia|c_trifoliolata|c_deltoidea|c_quinquesecta|c_teeta,TCAAAGCGTCGTACCTCTAAATT,TGGGAATTATTGGCGGAGAAGAA,58.187,60.054,271,TTCTTCTCCGCCAATAATTCCCA
3,c_chinensis|c_brevisepala|c_groenlandica|c_omeiensis|c_trifolia|c_ramosa|c_quinquefolia|c_asplenifolia|c_trifoliolata|c_deltoidea|c_quinquesecta|c_teeta,TCTATCAAAGCGTCGTACCTCTAA,TTGGCGGAGAAGAAGCAATAAAT,59.122,58.984,266,ATTTATTGCTTCTTCTCCGCCAA
4,c_chinensis|c_brevisepala|c_groenlandica|c_omeiensis|c_trifolia|c_ramosa|c_quinquefolia|c_asplenifolia|c_trifoliolata|c_deltoidea|c_quinquesecta|c_teeta,TGGGCTCACAGTCAATAACATCT,TATCTCAGCGAGGTCTACGGAAA,59.736,60.684,367,TTTCCGTAGACCTCGCTGAGATA
5,c_chinensis|c_brevisepala|c_groenlandica|c_omeiensis|c_trifolia|c_ramosa|c_quinquefolia|c_asplenifolia|c_trifoliolata|c_deltoidea|c_quinquesecta|c_teeta,GCGCACCGATATCTGCCATAAA,ATCAATGCATGGTGTTCTTCGAC,61.441,59.872,323,GTCGAAGAACACCATGCATTGAT
6,c_chinensis|c_brevisepala|c_groenlandica|c_omeiensis|c_trifolia|c_ramosa|c_quinquefolia|c_asplenifolia|c_trifoliolata|c_deltoidea|c_quinquesecta|c_teeta,CCCGCAGATATTTGTCTTTCTAACC,AGAGGTACGACGCTTTGATAGAA,59.992,59.307,484,TTCTATCAAAGCGTCGTACCTCT
7,c_chinensis|c_brevisepala|c_groenlandica|c_omeiensis|c_trifolia|c_ramosa|c_quinquefolia|c_asplenifolia|c_trifoliolata|c_deltoidea|c_quinquesecta|c_teeta,CCGTAGACCTCGCTGAGATAAAT,GCTTGTATGAATCGCTATTGGTTTG,59.746,59.317,611,CAAACCAATAGCGATTCATACAAGC
8,c_chinensis|c_brevisepala|c_groenlandica|c_omeiensis|c_trifolia|c_ramosa|c_quinquefolia|c_asplenifolia|c_trifoliolata|c_deltoidea|c_quinquesecta|c_teeta,CCCACCGTGTTACATAAGGAAGA,ATTTATCTCAGCGAGGTCTACGG,60.056,59.746,454,CCGTAGACCTCGCTGAGATAAAT
9,c_chinensis|c_brevisepala|c_groenlandica|c_omeiensis|c_trifolia|c_ramosa|c_quinquefolia|c_asplenifolia|c_trifoliolata|c_deltoidea|c_quinquesecta|c_teeta,CTCGTAGCATTGGTCCTGATAAAC,TCCTTATGTAACACGGTGGGATTA,59.492,59.284,485,TAATCCCACCGTGTTACATAAGGA
10,c_chinensis|c_brevisepala|c_groenlandica|c_omeiensis|c_trifolia|c_ramosa|c_quinquefolia|c_asplenifolia|c_trifoliolata|c_deltoidea|c_quinquesecta|c_teeta,TTTCCGTAGACCTCGCTGAGATA,AATCTTGGATCAACTGCGCAAA,60.684,59.442,1418,TTTGCGCAGTTGATCCAAGATT
11,c_chinensis|c_brevisepala|c_groenlandica|c_omeiensis|c_trifolia|c_ramosa|c_quinquefolia|c_asplenifolia|c_trifoliolata|c_deltoidea|c_quinquesecta|c_teeta,TCGAAGAACACCATGCATTGATG,AGTCAATTGGATATTCGGGAGCC,59.873,60.497,226,GGCTCCCGAATATCCAATTGACT
12,c_chinensis|c_brevisepala|c_groenlandica|c_omeiensis|c_trifolia|c_ramosa|c_quinquefolia|c_asplenifolia|c_trifoliolata|c_deltoidea|c_quinquesecta|c_teeta,TTATTGCTTCTTCTCCGCCAATA,TGTTATTGACTGTGAGCCCATATT,58.224,58.245,539,AATATGGGCTCACAGTCAATAACA
13,c_chinensis|c_brevisepala|c_groenlandica|c_omeiensis|c_trifolia|c_ramosa|c_quinquefolia|c_asplenifolia|c_trifoliolata|c_deltoidea|c_quinquesecta|c_teeta,CGTCATTTCACTGATTCGGACTAAA,AGCTTCTCATTTGTTATGGCTTGG,59.652,59.841,475,CCAAGCCATAACAAATGAGAAGCT
14,c_chinensis|c_brevisepala|c_groenlandica|c_omeiensis|c_trifolia|c_ramosa|c_quinquefolia|c_asplenifolia|c_trifoliolata|c_deltoidea|c_quinquesecta|c_teeta,TGGATTCCGTCATTTCACTGATTC,ACACGGTGGGATTATTTAGCTACT,59.364,59.592,613,AGTAGCTAAATAATCCCACCGTGT
15,c_chinensis|c_brevisepala|c_groenlandica|c_omeiensis|c_trifolia|c_ramosa|c_quinquefolia|c_asplenifolia|c_trifoliolata|c_deltoidea|c_quinquesecta|c_teeta,TTCAACGATCAACTTCTCCCATAAT,TGACGAGTTTGATTGGGAAGTACA,58.585,60.202,458,TGTACTTCCCAATCAAACTCGTCA
16,c_chinensis|c_brevisepala|c_groenlandica|c_omeiensis|c_trifolia|c_ramosa|c_quinquefolia|c_asplenifolia|c_trifoliolata|c_deltoidea|c_quinquesecta|c_teeta,TTCTTCTCCGCCAATAATTCCCA,AGATGTTATTGACTGTGAGCCCAT,60.054,60.080,535,ATGGGCTCACAGTCAATAACATCT
17,c_chinensis|c_brevisepala|c_groenlandica|c_omeiensis|c_trifolia|c_ramosa|c_quinquefolia|c_asplenifolia|c_trifoliolata|c_deltoidea|c_quinquesecta|c_teeta,ACTTCCCAATCAAACTCGTCATAAC,TCTTCCTTATGTAACACGGTGGG,59.588,60.056,558,CCCACCGTGTTACATAAGGAAGA
18,c_chinensis|c_brevisepala|c_groenlandica|c_omeiensis|c_trifolia|c_ramosa|c_quinquefolia|c_asplenifolia|c_trifoliolata|c_deltoidea|c_quinquesecta|c_teeta,GGCTCCCGAATATCCAATTGACTA,AGCTTGTATGAATCGCTATTGGT,60.263,58.292,710,ACCAATAGCGATTCATACAAGCT
19,c_chinensis|c_brevisepala|c_groenlandica|c_omeiensis|c_trifolia|c_ramosa|c_quinquefolia|c_asplenifolia|c_trifoliolata|c_deltoidea|c_quinquesecta|c_teeta,CATTTCAACGATCAACTTCTCCCA,TCCGGAATTCAATGGGATCTTCG,59.544,60.744,508,CGAAGATCCCATTGAATTCCGGA
20,c_chinensis|c_brevisepala|c_groenlandica|c_omeiensis|c_trifolia|c_ramosa|c_quinquefolia|c_asplenifolia|c_trifoliolata|c_deltoidea|c_quinquesecta|c_teeta,CCAAAGGACCTGCGTATTCAG,TGGGAGAAGTTGATCGTTGAAATG,58.990,59.544,232,CATTTCAACGATCAACTTCTCCCA
21,c_chinensis|c_brevisepala|c_groenlandica|c_omeiensis|c_trifolia|c_ramosa|c_quinquefolia|c_asplenifolia|c_trifoliolata|c_deltoidea|c_quinquesecta|c_teeta,GCTAAATAATCCCACCGTGTTACA,ACGTAGACTTACTTCCCATTTGG,59.123,58.171,505,CCAAATGGGAAGTAAGTCTACGT
22,c_chinensis|c_brevisepala|c_groenlandica|c_omeiensis|c_trifolia|c_ramosa|c_quinquefolia|c_asplenifolia|c_trifoliolata|c_deltoidea|c_quinquesecta|c_teeta,GTACTTCCCAATCAAACTCGTCAT,ACGGTGGGATTATTTAGCTACTATGT,59.064,59.731,545,ACATAGTAGCTAAATAATCCCACCGT
23,c_chinensis|c_brevisepala|c_groenlandica|c_omeiensis|c_trifolia|c_ramosa|c_quinquefolia|c_asplenifolia|c_trifoliolata|c_deltoidea|c_quinquesecta|c_teeta,TGGCTCCCGAATATCCAATTGA,ATCGATGTAATGCTGATTCCGAA,59.559,58.369,1205,TTCGGAATCAGCATTACATCGAT
24,c_chinensis|c_brevisepala|c_groenlandica|c_omeiensis|c_trifolia|c_ramosa|c_quinquefolia|c_asplenifolia|c_trifoliolata|c_deltoidea|c_quinquesecta|c_teeta,TCAACGATCAACTTCTCCCATAATAAT,TTATTGGCGGAGAAGAAGCAATA,58.789,58.224,560,TATTGCTTCTTCTCCGCCAATAA
25,c_chinensis|c_brevisepala|c_groenlandica|c_omeiensis|c_trifolia|c_ramosa|c_quinquefolia|c_asplenifolia|c_trifoliolata|c_deltoidea|c_quinquesecta|c_teeta,GCCAAGCCATAACAAATGAGAAG,CCTCATGATAGTCAATATGGGTCCT,58.573,59.513,331,AGGACCCATATTGACTATCATGAGG
26,c_chinensis|c_brevisepala|c_groenlandica|c_omeiensis|c_trifolia|c_ramosa|c_quinquefolia|c_asplenifolia|c_trifoliolata|c_deltoidea|c_quinquesecta|c_teeta,CGAAGATCCCATTGAATTCCGGA,CCTTATGTAACACGGTGGGATTATTT,60.744,59.455,509,AAATAATCCCACCGTGTTACATAAGG
27,c_chinensis|c_brevisepala|c_groenlandica|c_omeiensis|c_trifolia|c_ramosa|c_quinquefolia|c_asplenifolia|c_trifoliolata|c_deltoidea|c_quinquesecta|c_teeta,TCGATCCATATCCTGACATAAGAAGT,GCTTCCGGAATTCAATGGGATCT,59.278,61.000,965,AGATCCCATTGAATTCCGGAAGC
28,c_chinensis|c_brevisepala|c_groenlandica|c_omeiensis|c_trifolia|c_ramosa|c_quinquefolia|c_asplenifolia|c_trifoliolata|c_deltoidea|c_quinquesecta|c_teeta,CCCAATCAAACTCGTCATAACATTCA,TGTAACACGGTGGGATTATTTAGC,60.128,59.123,545,GCTAAATAATCCCACCGTGTTACA
29,c_chinensis|c_brevisepala|c_groenlandica|c_omeiensis|c_trifolia|c_ramosa|c_quinquefolia|c_asplenifolia|c_trifoliolata|c_deltoidea|c_quinquesecta|c_teeta,TCCACTCTCACATAAAGTTCTTGTT,GAATTATTGGCGGAGAAGAAGCA,58.408,59.372,373,TGCTTCTTCTCCGCCAATAATTC
30,c_chinensis|c_brevisepala|c_groenlandica|c_omeiensis|c_trifolia|c_ramosa|c_quinquefolia|c_asplenifolia|c_trifoliolata|c_deltoidea|c_quinquesecta|c_teeta,TGTCTTTCTAACCACACAATTACCA,CGGAATTCAATGGGATCTTCGTAAA,58.642,59.704,661,TTTACGAAGATCCCATTGAATTCCG
31,c_chinensis|c_brevisepala|c_groenlandica|c_omeiensis|c_trifolia|c_ramosa|c_quinquefolia|c_asplenifolia|c_trifoliolata|c_deltoidea|c_quinquesecta|c_teeta,AATCCCACCGTGTTACATAAGGA,AGACTATTTATCTCAGCGAGGTCTA,59.480,58.464,462,TAGACCTCGCTGAGATAAATAGTCT
32,c_chinensis|c_brevisepala|c_groenlandica|c_omeiensis|c_trifolia|c_ramosa|c_quinquefolia|c_asplenifolia|c_trifoliolata|c_deltoidea|c_quinquesecta|c_teeta,CCAAGCCATAACAAATGAGAAGCTATA,GTCCTCACCACCCATCAATGC,59.771,61.290,310,GCATTGATGGGTGGTGAGGAC
33,c_chinensis|c_brevisepala|c_groenlandica|c_omeiensis|c_trifolia|c_ramosa|c_quinquefolia|c_asplenifolia|c_trifoliolata|c_deltoidea|c_quinquesecta|c_teeta,GAGTCTGCGCACCGATATCTG,CCTCACCACCCATCAATGCATG,60.928,61.851,340,CATGCATTGATGGGTGGTGAGG
34,c_chinensis|c_brevisepala|c_groenlandica|c_omeiensis|c_trifolia|c_ramosa|c_quinquefolia|c_asplenifolia|c_trifoliolata|c_deltoidea|c_quinquesecta|c_teeta,CGTATTCAGGCCCAACACGTT,CTACGAGCTTCCGGAATTCAATG,61.211,59.754,713,CATTGAATTCCGGAAGCTCGTAG
35,c_chinensis|c_brevisepala|c_groenlandica|c_omeiensis|c_trifolia|c_ramosa|c_quinquefolia|c_asplenifolia|c_trifoliolata|c_deltoidea|c_quinquesecta|c_teeta,CGTAGACCTCGCTGAGATAAATAGT,GCTTGTATGAATCGCTATTGGTTTGATA,59.820,60.527,610,TATCAAACCAATAGCGATTCATACAAGC
36,c_chinensis|c_brevisepala|c_groenlandica|c_omeiensis|c_trifolia|c_ramosa|c_quinquefolia|c_asplenifolia|c_trifoliolata|c_deltoidea|c_quinquesecta|c_teeta,CGCAGATATTTGTCTTTCTAACCACA,TCAGTGAAATGACGGAATCCATAAA,59.908,58.823,558,TTTATGGATTCCGTCATTTCACTGA
37,c_chinensis|c_brevisepala|c_groenlandica|c_omeiensis|c_trifolia|c_ramosa|c_quinquefolia|c_asplenifolia|c_trifoliolata|c_deltoidea|c_quinquesecta|c_teeta,TTGTACTTCCCAATCAAACTCGT,CCTCATGGCTGGATAGATAAATGT,58.290,58.187,249,ACATTTATCTATCCAGCCATGAGG
38,c_chinensis|c_brevisepala|c_groenlandica|c_omeiensis|c_trifolia|c_ramosa|c_quinquefolia|c_asplenifolia|c_trifoliolata|c_deltoidea|c_quinquesecta|c_teeta,TCCACTCTCACATAAAGTTCTTGTTTAG,GTTTATCAGGACCAATGCTACGA,59.597,58.561,340,TCGTAGCATTGGTCCTGATAAAC
39,c_chinensis|c_brevisepala|c_groenlandica|c_omeiensis|c_trifolia|c_ramosa|c_quinquefolia|c_asplenifolia|c_trifoliolata|c_deltoidea|c_quinquesecta|c_teeta,GTCTTTCTAACCACACAATTACCAGTA,AATTTAGAGGTACGACGCTTTGA,59.341,58.187,476,TCAAAGCGTCGTACCTCTAAATT
40,c_chinensis|c_brevisepala|c_groenlandica|c_omeiensis|c_trifolia|c_ramosa|c_quinquefolia|c_asplenifolia|c_trifoliolata|c_deltoidea|c_quinquesecta|c_teeta,GGAGTCTGCGCACCGATAT,TCATGATAGTCAATATGGGTCCTCAC,59.636,60.014,361,GTGAGGACCCATATTGACTATCATGA
41,c_chinensis|c_brevisepala|c_groenlandica|c_omeiensis|c_trifolia|c_ramosa|c_quinquefolia|c_asplenifolia|c_trifoliolata|c_deltoidea|c_quinquesecta|c_teeta,CGTCATTTCACTGATTCGGACTAAATAA,CAGATATCGGTGCGCAGACT,60.218,59.969,440,AGTCTGCGCACCGATATCTG
42,c_chinensis|c_brevisepala|c_groenlandica|c_omeiensis|c_trifolia|c_ramosa|c_quinquefolia|c_asplenifolia|c_trifoliolata|c_deltoidea|c_quinquesecta|c_teeta,CGTCATTTCACTGATTCGGACT,TGGCTGGATAGATAAATGTTTGGATTT,58.746,59.435,301,AAATCCAAACATTTATCTATCCAGCCA
43,c_chinensis|c_brevisepala|c_groenlandica|c_omeiensis|c_trifolia|c_ramosa|c_quinquefolia|c_asplenifolia|c_trifoliolata|c_deltoidea|c_quinquesecta|c_teeta,TTATGGATTCCGTCATTTCACTGA,TCATGGCTGGATAGATAAATGTTTGG,58.260,59.509,314,CCAAACATTTATCTATCCAGCCATGA
44,c_chinensis|c_brevisepala|c_groenlandica|c_omeiensis|c_trifolia|c_ramosa|c_quinquefolia|c_asplenifolia|c_trifoliolata|c_deltoidea|c_quinquesecta|c_teeta,GCGTATTCAGGCCCAACAC,AGCTCGTTATTTAGTCCGAATCAGT,59.199,60.164,610,ACTGATTCGGACTAAATAACGAGCT
45,c_chinensis|c_brevisepala|c_groenlandica|c_omeiensis|c_trifolia|c_ramosa|c_quinquefolia|c_asplenifolia|c_trifoliolata|c_deltoidea|c_quinquesecta|c_teeta,CATTGAATTCCGGAAGCTCGTAG,CTAGAACTGAGTCGTATAGCTTCTC,59.754,58.116,377,GAGAAGCTATACGACTCAGTTCTAG
46,c_chinensis|c_brevisepala|c_groenlandica|c_omeiensis|c_trifolia|c_ramosa|c_quinquefolia|c_asplenifolia|c_trifoliolata|c_deltoidea|c_quinquesecta|c_teeta,GCAGATATTTGTCTTTCTAACCACACAA,GTTATGACGAGTTTGATTGGGAAGT,60.528,59.588,629,ACTTCCCAATCAAACTCGTCATAAC
47,c_chinensis|c_brevisepala|c_groenlandica|c_omeiensis|c_trifolia|c_ramosa|c_quinquefolia|c_asplenifolia|c_trifoliolata|c_deltoidea|c_quinquesecta|c_teeta,TCGGAATCAGCATTACATCGATACT,AAATTGGTTAATGGGTAATGATCACTATC,60.048,58.513,979,GATAGTGATCATTACCCATTAACCAATTT
48,c_chinensis|c_brevisepala|c_groenlandica|c_omeiensis|c_trifolia|c_ramosa|c_quinquefolia|c_asplenifolia|c_trifoliolata|c_deltoidea|c_quinquesecta|c_teeta,CCAAACATTTATCTATCCAGCCATGA,AGTCGTATAGCTTCTCATTTGTTATGG,59.509,59.346,205,CCATAACAAATGAGAAGCTATACGACT
49,c_chinensis|c_brevisepala|c_groenlandica|c_omeiensis|c_trifolia|c_ramosa|c_quinquefolia|c_asplenifolia|c_trifoliolata|c_deltoidea|c_quinquesecta|c_teeta,AGTAGCTAAATAATCCCACCGTGTT,GGAAGTTGCTATATCCTCTATTCAAAGA,60.105,58.911,1591,TCTTTGAATAGAGGATATAGCAACTTCC
50,c_chinensis|c_brevisepala|c_groenlandica|c_omeiensis|c_trifolia|c_ramosa|c_quinquefolia|c_asplenifolia|c_trifoliolata|c_deltoidea|c_quinquesecta|c_teeta,CAATTTATTGCTTCTTCTCCGCCA,CGGTGGGATTATTTAGCTACTATGTTTAC,60.142,60.135,446,GTAAACATAGTAGCTAAATAATCCCACCG
51,c_chinensis|c_brevisepala|c_groenlandica|c_omeiensis|c_trifolia|c_ramosa|c_quinquefolia|c_asplenifolia|c_trifoliolata|c_deltoidea|c_quinquesecta|c_teeta,TCGGACTAAATAACGAGCTAATGAA,GCGAATGATGCATAATTATTTCCGT,58.202,58.914,340,ACGGAAATAATTATGCATCATTCGC
52,c_chinensis|c_brevisepala|c_groenlandica|c_omeiensis|c_trifolia|c_ramosa|c_quinquefolia|c_asplenifolia|c_trifoliolata|c_deltoidea|c_quinquesecta|c_teeta,CCCACCGTGTTACATAAGGAAGATAT,ACCAATAAGATACGTAGACTTACTTCCC,60.464,60.219,506,GGGAAGTAAGTCTACGTATCTTATTGGT
53,c_chinensis|c_brevisepala|c_groenlandica|c_omeiensis|c_trifolia|c_ramosa|c_quinquefolia|c_asplenifolia|c_trifoliolata|c_deltoidea|c_quinquesecta|c_teeta,ATTATTCGATCCATATCCTGACATAAGA,TTATGGGAGAAGTTGATCGTTGAA,58.108,58.200,486,TTCAACGATCAACTTCTCCCATAA
54,c_chinensis|c_brevisepala|c_groenlandica|c_omeiensis|c_trifolia|c_ramosa|c_quinquefolia|c_asplenifolia|c_trifoliolata|c_deltoidea|c_quinquesecta|c_teeta,ACCTAGTATTGTCATAATATCAGCCAATTT,TGTTATGACGAGTTTGATTGGGA,59.412,58.099,426,TCCCAATCAAACTCGTCATAACA
55,c_chinensis|c_brevisepala|c_groenlandica|c_omeiensis|c_trifolia|c_ramosa|c_quinquefolia|c_asplenifolia|c_trifoliolata|c_deltoidea|c_quinquesecta|c_teeta,CAGATATTTGTCTTTCTAACCACACAATTA,CTCGTTATTTAGTCCGAATCAGTGAAA,58.892,59.725,574,TTTCACTGATTCGGACTAAATAACGAG
56,c_chinensis|c_brevisepala|c_groenlandica|c_omeiensis|c_trifolia|c_ramosa|c_quinquefolia|c_asplenifolia|c_trifoliolata|c_deltoidea|c_quinquesecta|c_teeta,AATATGGGCTCACAGTCAATAACA,ACTAAGACTCGGACTAATTATTATCAAACA,58.245,58.930,1879,TGTTTGATAATAATTAGTCCGAGTCTTAGT
57,c_chinensis|c_brevisepala|c_groenlandica|c_omeiensis|c_trifolia|c_ramosa|c_quinquefolia|c_asplenifolia|c_trifoliolata|c_deltoidea|c_quinquesecta|c_teeta,TCAATTATCATTTCAACGATCAACTTCTC,GTGGGAATTATTGGCGGAGAA,59.143,58.350,579,TTCTCCGCCAATAATTCCCAC
58,c_chinensis|c_brevisepala|c_groenlandica|c_omeiensis|c_trifolia|c_ramosa|c_quinquefolia|c_asplenifolia|c_trifoliolata|c_deltoidea|c_quinquesecta|c_teeta,CGGACTAAATAACGAGCTAATGAATCT,ACAATATCTTCCTTATGTAACACGGT,59.404,58.438,609,ACCGTGTTACATAAGGAAGATATTGT
59,c_chinensis|c_brevisepala|c_groenlandica|c_omeiensis|c_trifolia|c_ramosa|c_quinquefolia|c_asplenifolia|c_trifoliolata|c_deltoidea|c_quinquesecta|c_teeta,ACCTAGTATTGTCATAATATCAGCCAA,TCATTAGCTCGTTATTTAGTCCGAATC,58.120,59.406,378,GATTCGGACTAAATAACGAGCTAATGA
60,c_chinensis|c_brevisepala|c_groenlandica|c_omeiensis|c_trifolia|c_ramosa|c_quinquefolia|c_asplenifolia|c_trifoliolata|c_deltoidea|c_quinquesecta|c_teeta,GATCCCATTGAATTCCGGAAGCT,TTTCCGAGAAAGAGAATTGATATATGATCT,61.000,59.024,296,AGATCATATATCAATTCTCTTTCTCGGAAA
61,c_chinensis|c_brevisepala|c_groenlandica|c_omeiensis|c_trifolia|c_ramosa|c_quinquefolia|c_asplenifolia|c_trifoliolata|c_deltoidea|c_quinquesecta|c_teeta,CATGCATTGATGGGTGGTGAG,CAATAAGATACGTAGACTTACTTCCCATT,59.592,59.180,363,AATGGGAAGTAAGTCTACGTATCTTATTG
62,c_chinensis|c_brevisepala|c_groenlandica|c_omeiensis|c_trifolia|c_ramosa|c_quinquefolia|c_asplenifolia|c_trifoliolata|c_deltoidea|c_quinquesecta|c_teeta,TTCACTGATTCGGACTAAATAACGA,GTGGGATTATTTAGCTACTATGTTTACAGA,58.377,59.421,595,TCTGTAAACATAGTAGCTAAATAATCCCAC
63,c_chinensis|c_brevisepala|c_groenlandica|c_omeiensis|c_trifolia|c_ramosa|c_quinquefolia|c_asplenifolia|c_trifoliolata|c_deltoidea|c_quinquesecta|c_teeta,CCCAATCAAACTCGTCATAACATTCATAA,GCAGATATCGGTGCGCAG,60.634,58.762,376,CTGCGCACCGATATCTGC
