ID,SEQUENCE_ID,PRIMER_LEFT_SEQUENCE,PRIMER_RIGHT_SEQUENCE,PRIMER_LEFT_TM,PRIMER_RIGHT_TM,LENGTH_INTERMEDIATE_SEQUENCE,REV_RIGHT_SEQUENCE
1,c_asplenifolia|c_chinensis|c_brevisepala|c_deltoidea|c_groenlandica|c_quinquesecta|c_trifoliolata|c_omeiensis|c_teeta|c_ramosa|c_quinquefolia|c_trifolia,ATCATGAGCTGTCCCGCAATAAA,CATCCCGAACTTGGTGGTTAAAC,60.685,60.058,1586,GTTTAACCACCAAGTTCGGGATG
2,c_asplenifolia|c_chinensis|c_brevisepala|c_deltoidea|c_groenlandica|c_quinquesecta|c_trifoliolata|c_omeiensis|c_teeta|c_ramosa|c_quinquefolia|c_trifolia,GGATCCCTCTTGTTCCTGTTTAGT,GTCGTTGTGGTCGGACTCTATTA,60.019,59.872,765,TAATAGAGTCCGACCACAACGAC
3,c_asplenifolia|c_chinensis|c_brevisepala|c_deltoidea|c_groenlandica|c_quinquesecta|c_trifoliolata|c_omeiensis|c_teeta|c_ramosa|c_quinquefolia|c_trifolia,GACCACAACGACCGAATTGATTA,TCCGTTCCATGCCTCATTTCATA,59.319,60.118,294,TATGAAATGAGGCATGGAACGGA
4,c_asplenifolia|c_chinensis|c_brevisepala|c_deltoidea|c_groenlandica|c_quinquesecta|c_trifoliolata|c_omeiensis|c_teeta|c_ramosa|c_quinquefolia|c_trifolia,CCCGTTCCCTGTCTTTGTTTCTA,ACATCCCTTCTCTCCCACTTTAC,60.495,59.480,754,GTAAAGTGGGAGAGAAGGGATGT
5,c_asplenifolia|c_chinensis|c_brevisepala|c_deltoidea|c_groenlandica|c_quinquesecta|c_trifoliolata|c_omeiensis|c_teeta|c_ramosa|c_quinquefolia|c_trifolia,AGTGGGAGAGAAGGGATGTCATA,GCCTCACAATCACTAGCCAATAT,60.052,58.607,278,ATATTGGCTAGTGATTGTGAGGC
6,c_asplenifolia|c_chinensis|c_brevisepala|c_deltoidea|c_groenlandica|c_quinquesecta|c_trifoliolata|c_omeiensis|c_teeta|c_ramosa|c_quinquefolia|c_trifolia,CCTTCTCGGTTCCTTCTTCCATAA,GCTACTGAGGAACAACGGGAAAT,60.081,60.869,499,ATTTCCCGTTGTTCCTCAGTAGC
7,c_asplenifolia|c_chinensis|c_brevisepala|c_deltoidea|c_groenlandica|c_quinquesecta|c_trifoliolata|c_omeiensis|c_teeta|c_ramosa|c_quinquefolia|c_trifolia,TTCCTCAGTAGCTCAGTGGTAGA,CGAAATGGCTGAGGAGAGGAAAG,59.990,61.234,811,CTTTCCTCTCCTCAGCCATTTCG
8,c_asplenifolia|c_chinensis|c_brevisepala|c_deltoidea|c_groenlandica|c_quinquesecta|c_trifoliolata|c_omeiensis|c_teeta|c_ramosa|c_quinquefolia|c_trifolia,ATGGGTTGAGAACGGGAATTGAA,AAACAAAGACAGGGAACGGGTTA,60.500,60.372,208,TAACCCGTTCCCTGTCTTTGTTT
9,c_asplenifolia|c_chinensis|c_brevisepala|c_deltoidea|c_groenlandica|c_quinquesecta|c_trifoliolata|c_omeiensis|c_teeta|c_ramosa|c_quinquefolia|c_trifolia,CCTTTCCTCTCCTCAGCCATTTC,TATTCTGGTGTCCTAGGCGTAGA,60.935,60.118,307,TCTACGCCTAGGACACCAGAATA
10,c_asplenifolia|c_chinensis|c_brevisepala|c_deltoidea|c_groenlandica|c_quinquesecta|c_trifoliolata|c_omeiensis|c_teeta|c_ramosa|c_quinquefolia|c_trifolia,CGGTTGATAAGTTCGTTGCTCAG,CGAGAAGGAGGTATCAGCAACAA,60.182,60.368,1221,TTGTTGCTGATACCTCCTTCTCG
11,c_asplenifolia|c_chinensis|c_brevisepala|c_deltoidea|c_groenlandica|c_quinquesecta|c_trifoliolata|c_omeiensis|c_teeta|c_ramosa|c_quinquefolia|c_trifolia,TAACCCGTTCCCTGTCTTTGTTT,GGAAGGCACCGTTCTTATAGAGA,60.372,59.616,729,TCTCTATAAGAACGGTGCCTTCC
12,c_asplenifolia|c_chinensis|c_brevisepala|c_deltoidea|c_groenlandica|c_quinquesecta|c_trifoliolata|c_omeiensis|c_teeta|c_ramosa|c_quinquefolia|c_trifolia,GTGGATCCCTCTTGTTCCTGTTT,CCAAGTTCAACGTTAGCCAGATT,60.499,59.498,398,AATCTGGCTAACGTTGAACTTGG
13,c_asplenifolia|c_chinensis|c_brevisepala|c_deltoidea|c_groenlandica|c_quinquesecta|c_trifoliolata|c_omeiensis|c_teeta|c_ramosa|c_quinquefolia|c_trifolia,CCCTATGGAGAATGTGGTCAGAAA,ACTGAGGAACAACGGGAAATTAGA,60.080,59.959,441,TCTAATTTCCCGTTGTTCCTCAGT
14,c_asplenifolia|c_chinensis|c_brevisepala|c_deltoidea|c_groenlandica|c_quinquesecta|c_trifoliolata|c_omeiensis|c_teeta|c_ramosa|c_quinquefolia|c_trifolia,CGAGGTGTAAAGTGGGAGAGAAG,CATGCCTTTCTTCGTTCATGGTT,60.367,60.057,255,AACCATGAACGAAGAAAGGCATG
15,c_asplenifolia|c_chinensis|c_brevisepala|c_deltoidea|c_groenlandica|c_quinquesecta|c_trifoliolata|c_omeiensis|c_teeta|c_ramosa|c_quinquefolia|c_trifolia,TCATGGGTTGAGAACGGGAATT,ATGACATCCCTTCTCTCCCACTT,59.959,60.828,947,AAGTGGGAGAGAAGGGATGTCAT
16,c_asplenifolia|c_chinensis|c_brevisepala|c_deltoidea|c_groenlandica|c_quinquesecta|c_trifoliolata|c_omeiensis|c_teeta|c_ramosa|c_quinquefolia|c_trifolia,GGTTGAGAACGGGAATTGAACTC,CCCGAACTTGGTGGTTAAACTCT,59.811,60.746,1098,AGAGTTTAACCACCAAGTTCGGG
17,c_asplenifolia|c_chinensis|c_brevisepala|c_deltoidea|c_groenlandica|c_quinquesecta|c_trifoliolata|c_omeiensis|c_teeta|c_ramosa|c_quinquefolia|c_trifolia,CCGATTGTTGTGAATAGCGTATCA,GGCCCTCTTATCTCTTCCTTCTC,59.494,59.676,1952,GAGAAGGAAGAGATAAGAGGGCC
18,c_asplenifolia|c_chinensis|c_brevisepala|c_deltoidea|c_groenlandica|c_quinquesecta|c_trifoliolata|c_omeiensis|c_teeta|c_ramosa|c_quinquefolia|c_trifolia,GGTCCGCTATTCCGATCATGATT,CCCGATTATGACATCCCTTCTCT,60.618,59.420,306,AGAGAAGGGATGTCATAATCGGG
19,c_asplenifolia|c_chinensis|c_brevisepala|c_deltoidea|c_groenlandica|c_quinquesecta|c_trifoliolata|c_omeiensis|c_teeta|c_ramosa|c_quinquefolia|c_trifolia,AGACCCACACCCAAGTTCCATAG,CCTTCTCTCCCACTTTACACCTC,61.903,60.056,319,GAGGTGTAAAGTGGGAGAGAAGG
20,c_asplenifolia|c_chinensis|c_brevisepala|c_deltoidea|c_groenlandica|c_quinquesecta|c_trifoliolata|c_omeiensis|c_teeta|c_ramosa|c_quinquefolia|c_trifolia,CGTCAATACCTCGGTGTAGATCC,CATGATCGGAATAGCGGACCAAA,60.305,61.050,403,TTTGGTCCGCTATTCCGATCATG
21,c_asplenifolia|c_chinensis|c_brevisepala|c_deltoidea|c_groenlandica|c_quinquesecta|c_trifoliolata|c_omeiensis|c_teeta|c_ramosa|c_quinquefolia|c_trifolia,AGTTGTTGCTGATACCTCCTTCT,GGTTACCTACTCCTAACGGTCAAA,59.415,59.779,646,TTTGACCGTTAGGAGTAGGTAACC
22,c_asplenifolia|c_chinensis|c_brevisepala|c_deltoidea|c_groenlandica|c_quinquesecta|c_trifoliolata|c_omeiensis|c_teeta|c_ramosa|c_quinquefolia|c_trifolia,CCACAACGACCGAATTGATTATCT,AGGTATTGACGGCGATTCTCAAA,59.429,60.369,617,TTTGAGAATCGCCGTCAATACCT
23,c_asplenifolia|c_chinensis|c_brevisepala|c_deltoidea|c_groenlandica|c_quinquesecta|c_trifoliolata|c_omeiensis|c_teeta|c_ramosa|c_quinquefolia|c_trifolia,TTTCCATCACTTCGGCATGTATAA,TCGAATAAGTACCTTGCGTCAGA,58.567,59.559,614,TCTGACGCAAGGTACTTATTCGA
24,c_asplenifolia|c_chinensis|c_brevisepala|c_deltoidea|c_groenlandica|c_quinquesecta|c_trifoliolata|c_omeiensis|c_teeta|c_ramosa|c_quinquefolia|c_trifolia,TGGAACGGAGCCATTACAAGTT,TATGGAACTTGGGTGTGGGTCTT,60.225,61.535,700,AAGACCCACACCCAAGTTCCATA
25,c_asplenifolia|c_chinensis|c_brevisepala|c_deltoidea|c_groenlandica|c_quinquesecta|c_trifoliolata|c_omeiensis|c_teeta|c_ramosa|c_quinquefolia|c_trifolia,TGGGAGAGAAGGGATGTCATAATC,GGTTCGATATTCTGGTGTCCTAGG,59.405,60.262,224,CCTAGGACACCAGAATATCGAACC
26,c_asplenifolia|c_chinensis|c_brevisepala|c_deltoidea|c_groenlandica|c_quinquesecta|c_trifoliolata|c_omeiensis|c_teeta|c_ramosa|c_quinquefolia|c_trifolia,CCTCCTTCTCGGTTCCTTCTTC,GAGTTCAATTCCCGTTCTCAACC,60.094,59.811,468,GGTTGAGAACGGGAATTGAACTC
27,c_asplenifolia|c_chinensis|c_brevisepala|c_deltoidea|c_groenlandica|c_quinquesecta|c_trifoliolata|c_omeiensis|c_teeta|c_ramosa|c_quinquefolia|c_trifolia,TTTGGTCCGCTATTCCGATCAT,GCGCTTTCACATCTTCTTAACCC,59.896,60.426,238,GGGTTAAGAAGATGTGAAAGCGC
28,c_asplenifolia|c_chinensis|c_brevisepala|c_deltoidea|c_groenlandica|c_quinquesecta|c_trifoliolata|c_omeiensis|c_teeta|c_ramosa|c_quinquefolia|c_trifolia,TCTGGCTAACGTTGAACTTGGTA,TTCTGACCACATTCTCCATAGGG,59.930,59.544,362,CCCTATGGAGAATGTGGTCAGAA
29,c_asplenifolia|c_chinensis|c_brevisepala|c_deltoidea|c_groenlandica|c_quinquesecta|c_trifoliolata|c_omeiensis|c_teeta|c_ramosa|c_quinquefolia|c_trifolia,GTAAAGTGGGAGAGAAGGGATGT,ATCTCATGCCTTTCTTCGTTCAT,59.480,58.479,253,ATGAACGAAGAAAGGCATGAGAT
30,c_asplenifolia|c_chinensis|c_brevisepala|c_deltoidea|c_groenlandica|c_quinquesecta|c_trifoliolata|c_omeiensis|c_teeta|c_ramosa|c_quinquefolia|c_trifolia,TTCCCTATGAAATGAGGCATGGA,TGGTTAAACTCTACTGCGGTGAC,59.537,60.554,1169,GTCACCGCAGTAGAGTTTAACCA
31,c_asplenifolia|c_chinensis|c_brevisepala|c_deltoidea|c_groenlandica|c_quinquesecta|c_trifoliolata|c_omeiensis|c_teeta|c_ramosa|c_quinquefolia|c_trifolia,TTCTTCGGTGGATCCCTCTTGTT,AGCTCGGGTTATGGAAGAAGGAA,61.584,61.394,700,TTCCTTCTTCCATAACCCGAGCT
32,c_asplenifolia|c_chinensis|c_brevisepala|c_deltoidea|c_groenlandica|c_quinquesecta|c_trifoliolata|c_omeiensis|c_teeta|c_ramosa|c_quinquefolia|c_trifolia,CCGTTCCCTGTCTTTGTTTCTATTG,TCTCCCACTTTACACCTCGGAAG,60.335,61.629,743,CTTCCGAGGTGTAAAGTGGGAGA
33,c_asplenifolia|c_chinensis|c_brevisepala|c_deltoidea|c_groenlandica|c_quinquesecta|c_trifoliolata|c_omeiensis|c_teeta|c_ramosa|c_quinquefolia|c_trifolia,ATTTCCCGTTGTTCCTCAGTAGC,GGATCTACACCGAGGTATTGACG,60.869,60.305,249,CGTCAATACCTCGGTGTAGATCC
34,c_asplenifolia|c_chinensis|c_brevisepala|c_deltoidea|c_groenlandica|c_quinquesecta|c_trifoliolata|c_omeiensis|c_teeta|c_ramosa|c_quinquefolia|c_trifolia,GTCTTCTTCGGTGGATCCCTCTT,TTCAATTCCCGTTCTCAACCCAT,61.697,60.500,1133,ATGGGTTGAGAACGGGAATTGAA
35,c_asplenifolia|c_chinensis|c_brevisepala|c_deltoidea|c_groenlandica|c_quinquesecta|c_trifoliolata|c_omeiensis|c_teeta|c_ramosa|c_quinquefolia|c_trifolia,CCACACCCAAGTTCCATAGCTTT,AATGGCTGAGGAGAGGAAAGGTT,61.067,61.599,234,AACCTTTCCTCTCCTCAGCCATT
36,c_asplenifolia|c_chinensis|c_brevisepala|c_deltoidea|c_groenlandica|c_quinquesecta|c_trifoliolata|c_omeiensis|c_teeta|c_ramosa|c_quinquefolia|c_trifolia,TGTGACCAATTAACCAACCAACAA,TGGATTTCTGACCACATTCTCCA,59.534,59.670,449,TGGAGAATGTGGTCAGAAATCCA
37,c_asplenifolia|c_chinensis|c_brevisepala|c_deltoidea|c_groenlandica|c_quinquesecta|c_trifoliolata|c_omeiensis|c_teeta|c_ramosa|c_quinquefolia|c_trifolia,TCTCTATAAGAACGGTGCCTTCC,ATGGTTCGATATTCTGGTGTCCT,59.616,59.288,260,AGGACACCAGAATATCGAACCAT
38,c_asplenifolia|c_chinensis|c_brevisepala|c_deltoidea|c_groenlandica|c_quinquesecta|c_trifoliolata|c_omeiensis|c_teeta|c_ramosa|c_quinquefolia|c_trifolia,GCTCATAGTGGTCATGGGTTGA,GCCTTTCTTCGTTCATGGTTCGA,60.093,61.656,1178,TCGAACCATGAACGAAGAAAGGC
39,c_asplenifolia|c_chinensis|c_brevisepala|c_deltoidea|c_groenlandica|c_quinquesecta|c_trifoliolata|c_omeiensis|c_teeta|c_ramosa|c_quinquefolia|c_trifolia,TCCCTTGATTAGATCTCGACGAAA,AGCAACGAACTTATCAACCGAATT,59.357,59.545,728,AATTCGGTTGATAAGTTCGTTGCT
40,c_asplenifolia|c_chinensis|c_brevisepala|c_deltoidea|c_groenlandica|c_quinquesecta|c_trifoliolata|c_omeiensis|c_teeta|c_ramosa|c_quinquefolia|c_trifolia,TCCATAATAGAGTCCGACCACAAC,TCCATCCATATCCCAATTCCATTCA,59.901,59.924,254,TGAATGGAATTGGGATATGGATGGA
41,c_asplenifolia|c_chinensis|c_brevisepala|c_deltoidea|c_groenlandica|c_quinquesecta|c_trifoliolata|c_omeiensis|c_teeta|c_ramosa|c_quinquefolia|c_trifolia,CCTATGAAATGAGGCATGGAACG,CCATCCCGAACTTGGTGGTTA,59.748,59.996,1181,TAACCACCAAGTTCGGGATGG
42,c_asplenifolia|c_chinensis|c_brevisepala|c_deltoidea|c_groenlandica|c_quinquesecta|c_trifoliolata|c_omeiensis|c_teeta|c_ramosa|c_quinquefolia|c_trifolia,TGAGAACGGGAATTGAACTCTATGA,GGTATTGACGGCGATTCTCAAATAT,59.813,59.591,267,ATATTTGAGAATCGCCGTCAATACC
43,c_asplenifolia|c_chinensis|c_brevisepala|c_deltoidea|c_groenlandica|c_quinquesecta|c_trifoliolata|c_omeiensis|c_teeta|c_ramosa|c_quinquefolia|c_trifolia,CGTTGTTCCTCAGTAGCTCAGTG,AAAGCTATGGAACTTGGGTGTGG,61.159,61.067,602,CCACACCCAAGTTCCATAGCTTT
44,c_asplenifolia|c_chinensis|c_brevisepala|c_deltoidea|c_groenlandica|c_quinquesecta|c_trifoliolata|c_omeiensis|c_teeta|c_ramosa|c_quinquefolia|c_trifolia,TAATAGAGTCCGACCACAACGAC,TGAGGAACAACGGGAAATTAGATCT,59.872,60.046,411,AGATCTAATTTCCCGTTGTTCCTCA
45,c_asplenifolia|c_chinensis|c_brevisepala|c_deltoidea|c_groenlandica|c_quinquesecta|c_trifoliolata|c_omeiensis|c_teeta|c_ramosa|c_quinquefolia|c_trifolia,GTTGATAAGTTCGTTGCTCAGGTT,CGAATAAGTACCTTGCGTCAGAATT,59.787,59.709,782,AATTCTGACGCAAGGTACTTATTCG
46,c_asplenifolia|c_chinensis|c_brevisepala|c_deltoidea|c_groenlandica|c_quinquesecta|c_trifoliolata|c_omeiensis|c_teeta|c_ramosa|c_quinquefolia|c_trifolia,TTCCGAGGTGTAAAGTGGGAGAG,TCGTTCATGGTTCGATATTCTGGT,61.629,60.142,247,ACCAGAATATCGAACCATGAACGA
47,c_asplenifolia|c_chinensis|c_brevisepala|c_deltoidea|c_groenlandica|c_quinquesecta|c_trifoliolata|c_omeiensis|c_teeta|c_ramosa|c_quinquefolia|c_trifolia,TCTAATTTCCCGTTGTTCCTCAGT,CGAACTTGGTGGTTAAACTCTACTG,59.959,59.823,1066,CAGTAGAGTTTAACCACCAAGTTCG
48,c_asplenifolia|c_chinensis|c_brevisepala|c_deltoidea|c_groenlandica|c_quinquesecta|c_trifoliolata|c_omeiensis|c_teeta|c_ramosa|c_quinquefolia|c_trifolia,GCAGAGGCGCATAATAGATCGAT,CACTGAGCTACTGAGGAACAACG,60.736,61.159,577,CGTTGTTCCTCAGTAGCTCAGTG
49,c_asplenifolia|c_chinensis|c_brevisepala|c_deltoidea|c_groenlandica|c_quinquesecta|c_trifoliolata|c_omeiensis|c_teeta|c_ramosa|c_quinquefolia|c_trifolia,ACATCTTGTTGTTGCATCGAAAC,GTTGTGGTCGGACTCTATTATGGA,58.710,59.901,427,TCCATAATAGAGTCCGACCACAAC
50,c_asplenifolia|c_chinensis|c_brevisepala|c_deltoidea|c_groenlandica|c_quinquesecta|c_trifoliolata|c_omeiensis|c_teeta|c_ramosa|c_quinquefolia|c_trifolia,ACCAATCCAACCCATTTCATGAA,GCGTAATCTCAGCATTCAATGTGT,58.833,60.202,201,ACACATTGAATGCTGAGATTACGC
51,c_asplenifolia|c_chinensis|c_brevisepala|c_deltoidea|c_groenlandica|c_quinquesecta|c_trifoliolata|c_omeiensis|c_teeta|c_ramosa|c_quinquefolia|c_trifolia,CCCTCTTGTTCCTGTTTAGTCCC,CAAGTTCAACGTTAGCCAGATTAGT,60.559,59.591,391,ACTAATCTGGCTAACGTTGAACTTG
52,c_asplenifolia|c_chinensis|c_brevisepala|c_deltoidea|c_groenlandica|c_quinquesecta|c_trifoliolata|c_omeiensis|c_teeta|c_ramosa|c_quinquefolia|c_trifolia,CGTATCACATTCTGTTCTGCGATATT,AATCATGATCGGAATAGCGGACC,59.855,60.618,442,GGTCCGCTATTCCGATCATGATT
53,c_asplenifolia|c_chinensis|c_brevisepala|c_deltoidea|c_groenlandica|c_quinquesecta|c_trifoliolata|c_omeiensis|c_teeta|c_ramosa|c_quinquefolia|c_trifolia,CTTCGGGCTCATAGTGGTCATG,CATCTTTGATGCACTGCTAGTACT,60.805,58.885,398,AGTACTAGCAGTGCATCAAAGATG
54,c_asplenifolia|c_chinensis|c_brevisepala|c_deltoidea|c_groenlandica|c_quinquesecta|c_trifoliolata|c_omeiensis|c_teeta|c_ramosa|c_quinquefolia|c_trifolia,GCCCTATGGAGAATGTGGTCAG,CTCCGTTCCATGCCTCATTTC,60.486,59.327,335,GAAATGAGGCATGGAACGGAG
55,c_asplenifolia|c_chinensis|c_brevisepala|c_deltoidea|c_groenlandica|c_quinquesecta|c_trifoliolata|c_omeiensis|c_teeta|c_ramosa|c_quinquefolia|c_trifolia,ATTCGGTTGATAAGTTCGTTGCT,GGACTAAACAGGAACAAGAGGGA,58.999,59.673,583,TCCCTCTTGTTCCTGTTTAGTCC
56,c_asplenifolia|c_chinensis|c_brevisepala|c_deltoidea|c_groenlandica|c_quinquesecta|c_trifoliolata|c_omeiensis|c_teeta|c_ramosa|c_quinquefolia|c_trifolia,GGTAACCCGTTCCCTGTCTTTG,GCTTTCACATCTTCTTAACCCGAAAT,61.132,60.349,696,ATTTCGGGTTAAGAAGATGTGAAAGC
57,c_asplenifolia|c_chinensis|c_brevisepala|c_deltoidea|c_groenlandica|c_quinquesecta|c_trifoliolata|c_omeiensis|c_teeta|c_ramosa|c_quinquefolia|c_trifolia,TGCTGAGATTACGCATTGAATTTCT,TAATCAATTCGGTCGTTGTGGTC,59.645,59.319,324,GACCACAACGACCGAATTGATTA
58,c_asplenifolia|c_chinensis|c_brevisepala|c_deltoidea|c_groenlandica|c_quinquesecta|c_trifoliolata|c_omeiensis|c_teeta|c_ramosa|c_quinquefolia|c_trifolia,TCCATTCAAATTCACTCGGATCTCT,TGTTGGTTGGTTAATTGGTCACATT,60.105,59.871,412,AATGTGACCAATTAACCAACCAACA
59,c_asplenifolia|c_chinensis|c_brevisepala|c_deltoidea|c_groenlandica|c_quinquesecta|c_trifoliolata|c_omeiensis|c_teeta|c_ramosa|c_quinquefolia|c_trifolia,AATCCGATTGTTGTGAATAGCGT,CCTGAGCAACGAACTTATCAACC,59.061,59.875,709,GGTTGATAAGTTCGTTGCTCAGG
60,c_asplenifolia|c_chinensis|c_brevisepala|c_deltoidea|c_groenlandica|c_quinquesecta|c_trifoliolata|c_omeiensis|c_teeta|c_ramosa|c_quinquefolia|c_trifolia,TTCCTTCTTCCATAACCCGAGCT,AAGCGAGCCCTTTCATTCTGA,61.394,59.996,598,TCAGAATGAAAGGGCTCGCTT
61,c_asplenifolia|c_chinensis|c_brevisepala|c_deltoidea|c_groenlandica|c_quinquesecta|c_trifoliolata|c_omeiensis|c_teeta|c_ramosa|c_quinquefolia|c_trifolia,CGGCTGTTAACTGATTGGTCGTA,CGAGGTATTGACGGCGATTCT,60.920,60.269,200,AGAATCGCCGTCAATACCTCG
62,c_asplenifolia|c_chinensis|c_brevisepala|c_deltoidea|c_groenlandica|c_quinquesecta|c_trifoliolata|c_omeiensis|c_teeta|c_ramosa|c_quinquefolia|c_trifolia,ACCAATCCAACCCATTTCATGAATAA,ATCGATCTATTATGCGCCTCTGC,59.557,60.736,345,GCAGAGGCGCATAATAGATCGAT
63,c_asplenifolia|c_chinensis|c_brevisepala|c_deltoidea|c_groenlandica|c_quinquesecta|c_trifoliolata|c_omeiensis|c_teeta|c_ramosa|c_quinquefolia|c_trifolia,CGGAGAAGGAAGAGATAAGAGGG,CATGACCACTATGAGCCCGAAG,59.428,60.805,410,CTTCGGGCTCATAGTGGTCATG
64,c_asplenifolia|c_chinensis|c_brevisepala|c_deltoidea|c_groenlandica|c_quinquesecta|c_trifoliolata|c_omeiensis|c_teeta|c_ramosa|c_quinquefolia|c_trifolia,AGTGTTTGTGATTGTTCCAGAAGAA,TGTGGTCGGACTCTATTATGGATTT,59.348,59.634,260,AAATCCATAATAGAGTCCGACCACA
