ID,SEQUENCE_ID,PRIMER_LEFT_SEQUENCE,PRIMER_RIGHT_SEQUENCE,PRIMER_LEFT_TM,PRIMER_RIGHT_TM,LENGTH_INTERMEDIATE_SEQUENCE,REV_RIGHT_SEQUENCE
1,c_asplenifolia|c_teeta|c_omeiensis|c_groenlandica|c_deltoidea|c_ramosa|c_quinquesecta|c_quinquefolia|c_trifoliolata|c_chinensis|c_brevisepala|c_trifolia,ATCGTCACCGCAGTAGAGTTTAA,TCAAGTGGAAGTGCAGTGATGTA,59.808,59.929,355,TACATCACTGCACTTCCACTTGA
2,c_asplenifolia|c_teeta|c_omeiensis|c_groenlandica|c_deltoidea|c_ramosa|c_quinquesecta|c_quinquefolia|c_trifoliolata|c_chinensis|c_brevisepala|c_trifolia,GCCATCCTAAGGTGCTGCTAAAT,TGTCTAATTGTCCAGGCGGTAAT,61.000,59.801,922,ATTACCGCCTGGACAATTAGACA
3,c_asplenifolia|c_teeta|c_omeiensis|c_groenlandica|c_deltoidea|c_ramosa|c_quinquesecta|c_quinquefolia|c_trifoliolata|c_chinensis|c_brevisepala|c_trifolia,CCTCACGGTACTACTTCGCTATC,TGGGCAGTTGGTCAGATCTAGTA,60.059,60.566,1278,TACTAGATCTGACCAACTGCCCA
4,c_asplenifolia|c_teeta|c_omeiensis|c_groenlandica|c_deltoidea|c_ramosa|c_quinquesecta|c_quinquefolia|c_trifoliolata|c_chinensis|c_brevisepala|c_trifolia,CTATCGGTCACCCAGGAGTATTT,ACCTGGCGAACTGAAACATCTTA,59.358,60.244,296,TAAGATGTTTCAGTTCGCCAGGT
5,c_asplenifolia|c_teeta|c_omeiensis|c_groenlandica|c_deltoidea|c_ramosa|c_quinquesecta|c_quinquefolia|c_trifoliolata|c_chinensis|c_brevisepala|c_trifolia,TGCACTTCCACTTGACACCTATC,CCCTAAATGACCGCTCAGTGATA,60.557,59.930,1933,TATCACTGAGCGGTCATTTAGGG
6,c_asplenifolia|c_teeta|c_omeiensis|c_groenlandica|c_deltoidea|c_ramosa|c_quinquesecta|c_quinquefolia|c_trifoliolata|c_chinensis|c_brevisepala|c_trifolia,TCCCTCTCGACGATGAAGCTTAT,GGTTCAAACGAGGAAAGGCTTAC,60.999,60.058,1009,GTAAGCCTTTCCTCGTTTGAACC
7,c_asplenifolia|c_teeta|c_omeiensis|c_groenlandica|c_deltoidea|c_ramosa|c_quinquesecta|c_quinquefolia|c_trifoliolata|c_chinensis|c_brevisepala|c_trifolia,TCTACGCCTAGGACACCAGAATA,CACCTGGACAGAAAGACCCTATG,60.118,60.370,1189,CATAGGGTCTTTCTGTCCAGGTG
8,c_asplenifolia|c_teeta|c_omeiensis|c_groenlandica|c_deltoidea|c_ramosa|c_quinquesecta|c_quinquefolia|c_trifoliolata|c_chinensis|c_brevisepala|c_trifolia,AGAACCAGGAACGGAGAGCTTTA,ATTGTCCAGGCGGTAATGATAGT,61.324,59.609,549,ACTATCATTACCGCCTGGACAAT
9,c_asplenifolia|c_teeta|c_omeiensis|c_groenlandica|c_deltoidea|c_ramosa|c_quinquesecta|c_quinquefolia|c_trifoliolata|c_chinensis|c_brevisepala|c_trifolia,TGTTTCGGTCCTCTTTCCCATTA,TCAGTGCAATGGGATGTGTCTAT,59.672,59.799,545,ATAGACACATCCCATTGCACTGA
10,c_asplenifolia|c_teeta|c_omeiensis|c_groenlandica|c_deltoidea|c_ramosa|c_quinquesecta|c_quinquefolia|c_trifoliolata|c_chinensis|c_brevisepala|c_trifolia,CCCAGGGAACAGTAAAGCTTCAT,AAGCGAGTCTTCATAGGGCAATT,60.562,60.371,1461,AATTGCCCTATGAAGACTCGCTT
11,c_asplenifolia|c_teeta|c_omeiensis|c_groenlandica|c_deltoidea|c_ramosa|c_quinquesecta|c_quinquefolia|c_trifoliolata|c_chinensis|c_brevisepala|c_trifolia,GGGTCCATAAGCAGTGACAATTG,AGCTCGTGAACTTAACCGATACA,59.871,59.808,837,TGTATCGGTTAAGTTCACGAGCT
12,c_asplenifolia|c_teeta|c_omeiensis|c_groenlandica|c_deltoidea|c_ramosa|c_quinquesecta|c_quinquefolia|c_trifoliolata|c_chinensis|c_brevisepala|c_trifolia,GTTTGAACCTCGCCGTTAACTTT,GGAGAAGGGCAATCACTCATTCT,60.243,60.371,474,AGAATGAGTGATTGCCCTTCTCC
13,c_asplenifolia|c_teeta|c_omeiensis|c_groenlandica|c_deltoidea|c_ramosa|c_quinquesecta|c_quinquefolia|c_trifoliolata|c_chinensis|c_brevisepala|c_trifolia,TCGCTACCTTAGGACCGTTATAG,GAGGAAAGGCTTACGGTGGATAC,58.932,60.740,1944,GTATCCACCGTAAGCCTTTCCTC
14,c_asplenifolia|c_teeta|c_omeiensis|c_groenlandica|c_deltoidea|c_ramosa|c_quinquesecta|c_quinquefolia|c_trifoliolata|c_chinensis|c_brevisepala|c_trifolia,TGAACCTCGCCGTTAACTTTAAG,TTTGGAGAGCACAGTACGATGAA,59.258,59.994,309,TTCATCGTACTGTGCTCTCCAAA
15,c_asplenifolia|c_teeta|c_omeiensis|c_groenlandica|c_deltoidea|c_ramosa|c_quinquesecta|c_quinquefolia|c_trifoliolata|c_chinensis|c_brevisepala|c_trifolia,GGTTAAGTTCACGAGCTGGAGAT,AATGGGAAAGAGGACCGAAACAT,60.369,60.245,744,ATGTTTCGGTCCTCTTTCCCATT
16,c_asplenifolia|c_teeta|c_omeiensis|c_groenlandica|c_deltoidea|c_ramosa|c_quinquesecta|c_quinquefolia|c_trifoliolata|c_chinensis|c_brevisepala|c_trifolia,CTTGCGTCCTTGAACCGATAAC,CCTTCCATTTAGCAGCACCTTAG,59.906,59.371,1551,CTAAGGTGCTGCTAAATGGAAGG
17,c_asplenifolia|c_teeta|c_omeiensis|c_groenlandica|c_deltoidea|c_ramosa|c_quinquesecta|c_quinquefolia|c_trifoliolata|c_chinensis|c_brevisepala|c_trifolia,CTACAGTATCGTCACCGCAGTAG,CACAGGTGGGTAGGTAGAGAATAC,60.303,59.658,1661,GTATTCTCTACCTACCCACCTGTG
18,c_asplenifolia|c_teeta|c_omeiensis|c_groenlandica|c_deltoidea|c_ramosa|c_quinquesecta|c_quinquefolia|c_trifoliolata|c_chinensis|c_brevisepala|c_trifolia,CCGAACACAGCTTACAACTTTCA,GATGGGCTGTCAAGAACGTAGAG,59.689,60.981,567,CTCTACGTTCTTGACAGCCCATC
19,c_asplenifolia|c_teeta|c_omeiensis|c_groenlandica|c_deltoidea|c_ramosa|c_quinquesecta|c_quinquefolia|c_trifoliolata|c_chinensis|c_brevisepala|c_trifolia,CGTCCTTGAACCGATAACCATCT,GGAGAGCACAGTACGATGAAAGT,60.430,60.367,1796,ACTTTCATCGTACTGTGCTCTCC
20,c_asplenifolia|c_teeta|c_omeiensis|c_groenlandica|c_deltoidea|c_ramosa|c_quinquesecta|c_quinquefolia|c_trifoliolata|c_chinensis|c_brevisepala|c_trifolia,TTGGGAGCTTACGGTTTCATGTT,ATCTCCAGCTCGTGAACTTAACC,60.749,60.369,699,GGTTAAGTTCACGAGCTGGAGAT
21,c_asplenifolia|c_teeta|c_omeiensis|c_groenlandica|c_deltoidea|c_ramosa|c_quinquesecta|c_quinquefolia|c_trifoliolata|c_chinensis|c_brevisepala|c_trifolia,CAGCTCACGTACCGCTTTAATG,CCGAACCGACTGATGTTGAAGAA,59.971,61.105,1858,TTCTTCAACATCAGTCGGTTCGG
22,c_asplenifolia|c_teeta|c_omeiensis|c_groenlandica|c_deltoidea|c_ramosa|c_quinquesecta|c_quinquefolia|c_trifoliolata|c_chinensis|c_brevisepala|c_trifolia,GGTGCTGCTAAATGGAAGGATCT,GGATGGGCAGTTGGTCAGATCTA,60.687,61.768,767,TAGATCTGACCAACTGCCCATCC
23,c_asplenifolia|c_teeta|c_omeiensis|c_groenlandica|c_deltoidea|c_ramosa|c_quinquesecta|c_quinquefolia|c_trifoliolata|c_chinensis|c_brevisepala|c_trifolia,TACATCACTGCACTTCCACTTGA,AACGCAAACATTGGTGAGAATCC,59.929,60.305,1685,GGATTCTCACCAATGTTTGCGTT
24,c_asplenifolia|c_teeta|c_omeiensis|c_groenlandica|c_deltoidea|c_ramosa|c_quinquesecta|c_quinquefolia|c_trifoliolata|c_chinensis|c_brevisepala|c_trifolia,TCAAAGGGTGCTGAGTTGGAATC,CCGACCATAGAACCCTGTTCAAT,61.062,60.371,212,ATTGAACAGGGTTCTATGGTCGG
25,c_asplenifolia|c_teeta|c_omeiensis|c_groenlandica|c_deltoidea|c_ramosa|c_quinquesecta|c_quinquefolia|c_trifoliolata|c_chinensis|c_brevisepala|c_trifolia,GACCCTTACTGCCCAACCTAAGA,TCAAGAACGTAGAGGAGGTAGGA,61.646,59.735,354,TCCTACCTCCTCTACGTTCTTGA
26,c_asplenifolia|c_teeta|c_omeiensis|c_groenlandica|c_deltoidea|c_ramosa|c_quinquesecta|c_quinquefolia|c_trifoliolata|c_chinensis|c_brevisepala|c_trifolia,TCTCACCAATGTTTGCGTTACTC,GCACTATCTCCCTTCAACCCTTT,59.503,60.308,1978,AAAGGGTTGAAGGGAGATAGTGC
27,c_asplenifolia|c_teeta|c_omeiensis|c_groenlandica|c_deltoidea|c_ramosa|c_quinquesecta|c_quinquefolia|c_trifoliolata|c_chinensis|c_brevisepala|c_trifolia,ACAGCCCATCTTTGTCTCAGTAG,ATAACTCGCTTCTTGGTCTTCGA,60.056,59.807,634,TCGAAGACCAAGAAGCGAGTTAT
28,c_asplenifolia|c_teeta|c_omeiensis|c_groenlandica|c_deltoidea|c_ramosa|c_quinquesecta|c_quinquefolia|c_trifoliolata|c_chinensis|c_brevisepala|c_trifolia,AAGGTCCTCTCAATGCTCTAACG,CGCTCAGTGATAAAGGAGGTAGG,60.119,60.244,1623,CCTACCTCCTTTATCACTGAGCG
29,c_asplenifolia|c_teeta|c_omeiensis|c_groenlandica|c_deltoidea|c_ramosa|c_quinquesecta|c_quinquefolia|c_trifoliolata|c_chinensis|c_brevisepala|c_trifolia,TCTTTCAAGGGTGGCTGCTTCTA,GATTCCAACTCAGCACCCTTTGA,61.838,61.062,1464,TCAAAGGGTGCTGAGTTGGAATC
30,c_asplenifolia|c_teeta|c_omeiensis|c_groenlandica|c_deltoidea|c_ramosa|c_quinquesecta|c_quinquefolia|c_trifoliolata|c_chinensis|c_brevisepala|c_trifolia,CGTGACCTTCTCTTGGATTCTCA,GAGGCTCGGTGAAATAGACATGT,60.057,60.431,902,ACATGTCTATTTCACCGAGCCTC
31,c_asplenifolia|c_teeta|c_omeiensis|c_groenlandica|c_deltoidea|c_ramosa|c_quinquesecta|c_quinquefolia|c_trifoliolata|c_chinensis|c_brevisepala|c_trifolia,ATGTCTATTTCACCGAGCCTCTC,CTAGAAGCAGCCACCCTTGAAAG,59.931,61.425,945,CTTTCAAGGGTGGCTGCTTCTAG
32,c_asplenifolia|c_teeta|c_omeiensis|c_groenlandica|c_deltoidea|c_ramosa|c_quinquesecta|c_quinquefolia|c_trifoliolata|c_chinensis|c_brevisepala|c_trifolia,TACGTTCTTGACAGCCCATCTTT,CGTAGGTGCGATGATTTACTTCAC,60.244,60.027,318,GTGAAGTAAATCATCGCACCTACG
33,c_asplenifolia|c_teeta|c_omeiensis|c_groenlandica|c_deltoidea|c_ramosa|c_quinquesecta|c_quinquefolia|c_trifoliolata|c_chinensis|c_brevisepala|c_trifolia,TTCATCGTACTGTGCTCTCCAAA,TCTAATTGTCCAGGCGGTAATGAT,59.994,59.897,662,ATCATTACCGCCTGGACAATTAGA
34,c_asplenifolia|c_teeta|c_omeiensis|c_groenlandica|c_deltoidea|c_ramosa|c_quinquesecta|c_quinquefolia|c_trifoliolata|c_chinensis|c_brevisepala|c_trifolia,GTAGTCCGCATCTTCACAGACAT,AACCTGGGTGATCTATCCATGAC,60.430,59.607,1373,GTCATGGATAGATCACCCAGGTT
35,c_asplenifolia|c_teeta|c_omeiensis|c_groenlandica|c_deltoidea|c_ramosa|c_quinquesecta|c_quinquefolia|c_trifoliolata|c_chinensis|c_brevisepala|c_trifolia,GCCGAGTTCCTTAGAGAGAGTTG,GGGATAAGCTTCATCGTCGAGAG,60.428,60.611,731,CTCTCGACGATGAAGCTTATCCC
36,c_asplenifolia|c_teeta|c_omeiensis|c_groenlandica|c_deltoidea|c_ramosa|c_quinquesecta|c_quinquefolia|c_trifoliolata|c_chinensis|c_brevisepala|c_trifolia,CGTAAGCCTTTCCTCGTTTGAAC,GTACATGGACGGTAGTTGGAGTC,60.364,60.429,791,GACTCCAACTACCGTCCATGTAC
37,c_asplenifolia|c_teeta|c_omeiensis|c_groenlandica|c_deltoidea|c_ramosa|c_quinquesecta|c_quinquefolia|c_trifoliolata|c_chinensis|c_brevisepala|c_trifolia,TTTGCCGAGTTCCTTAGAGAGAG,AATGACCGCTCAGTGATAAAGGA,59.806,59.802,678,TCCTTTATCACTGAGCGGTCATT
38,c_asplenifolia|c_teeta|c_omeiensis|c_groenlandica|c_deltoidea|c_ramosa|c_quinquesecta|c_quinquefolia|c_trifoliolata|c_chinensis|c_brevisepala|c_trifolia,GTTTAACCACCAAGTTCGGGATG,GGTCCTAAGGTAGCGAAATTCCT,60.058,59.866,1353,AGGAATTTCGCTACCTTAGGACC
39,c_asplenifolia|c_teeta|c_omeiensis|c_groenlandica|c_deltoidea|c_ramosa|c_quinquesecta|c_quinquefolia|c_trifoliolata|c_chinensis|c_brevisepala|c_trifolia,GGGAGCTTACGGTTTCATGTTCTA,AAAGATGGGCTGTCAAGAACGTA,60.622,60.244,1371,TACGTTCTTGACAGCCCATCTTT
40,c_asplenifolia|c_teeta|c_omeiensis|c_groenlandica|c_deltoidea|c_ramosa|c_quinquesecta|c_quinquefolia|c_trifoliolata|c_chinensis|c_brevisepala|c_trifolia,CGATAACCATCTTTCGGCTAACC,CGGCTTGAGTAACGCAAACATTG,59.506,61.444,205,CAATGTTTGCGTTACTCAAGCCG
41,c_asplenifolia|c_teeta|c_omeiensis|c_groenlandica|c_deltoidea|c_ramosa|c_quinquesecta|c_quinquefolia|c_trifoliolata|c_chinensis|c_brevisepala|c_trifolia,GTCATCAGGTCACCAACTTCCTT,AAGCTCGAACGACCTTCAACAAA,60.497,61.233,281,TTTGTTGAAGGTCGTTCGAGCTT
42,c_asplenifolia|c_teeta|c_omeiensis|c_groenlandica|c_deltoidea|c_ramosa|c_quinquesecta|c_quinquefolia|c_trifoliolata|c_chinensis|c_brevisepala|c_trifolia,AGTATCGTCACCGCAGTAGAGTT,CGTTAGAGCATTGAGAGGACCTT,61.179,60.119,665,AAGGTCCTCTCAATGCTCTAACG
43,c_asplenifolia|c_teeta|c_omeiensis|c_groenlandica|c_deltoidea|c_ramosa|c_quinquesecta|c_quinquefolia|c_trifoliolata|c_chinensis|c_brevisepala|c_trifolia,CTGTTTCCCTCTCGACGATGAA,GGGTTGTGGGAGAGCAATACAA,60.095,60.554,744,TTGTATTGCTCTCCCACAACCC
44,c_asplenifolia|c_teeta|c_omeiensis|c_groenlandica|c_deltoidea|c_ramosa|c_quinquesecta|c_quinquefolia|c_trifoliolata|c_chinensis|c_brevisepala|c_trifolia,CTTGCTGATTCACACGGGATTC,AGAACGTAGAGGAGGTAGGATGG,59.904,60.435,1240,CCATCCTACCTCCTCTACGTTCT
45,c_asplenifolia|c_teeta|c_omeiensis|c_groenlandica|c_deltoidea|c_ramosa|c_quinquesecta|c_quinquefolia|c_trifoliolata|c_chinensis|c_brevisepala|c_trifolia,TTCGGTCCTCTTTCCCATTACTT,GGGAACTAGCACACTTGGAGAG,59.414,60.354,379,CTCTCCAAGTGTGCTAGTTCCC
46,c_asplenifolia|c_teeta|c_omeiensis|c_groenlandica|c_deltoidea|c_ramosa|c_quinquesecta|c_quinquefolia|c_trifoliolata|c_chinensis|c_brevisepala|c_trifolia,TTTGCGTTACTCAAGCCGACATT,CTTCATCGTCGAGAGGGAAACAG,61.601,60.977,307,CTGTTTCCCTCTCGACGATGAAG
47,c_asplenifolia|c_teeta|c_omeiensis|c_groenlandica|c_deltoidea|c_ramosa|c_quinquesecta|c_quinquefolia|c_trifoliolata|c_chinensis|c_brevisepala|c_trifolia,TAGTTTCACCCAAGCTTCATCCT,TAAAGCTCTCCGTTCCTGGTTCT,59.669,61.324,1146,AGAACCAGGAACGGAGAGCTTTA
48,c_asplenifolia|c_teeta|c_omeiensis|c_groenlandica|c_deltoidea|c_ramosa|c_quinquesecta|c_quinquefolia|c_trifoliolata|c_chinensis|c_brevisepala|c_trifolia,CTTCCCGGTCCTCTCGTACTA,CGAAATTCCTTGTCGGGTAAGTT,60.134,59.250,743,AACTTACCCGACAAGGAATTTCG
49,c_asplenifolia|c_teeta|c_omeiensis|c_groenlandica|c_deltoidea|c_ramosa|c_quinquesecta|c_quinquefolia|c_trifoliolata|c_chinensis|c_brevisepala|c_trifolia,GACTCCAACTACCGTCCATGTAC,ACGGGTTGGATGTCTAATTGTCC,60.429,60.621,210,GGACAATTAGACATCCAACCCGT
50,c_asplenifolia|c_teeta|c_omeiensis|c_groenlandica|c_deltoidea|c_ramosa|c_quinquesecta|c_quinquefolia|c_trifoliolata|c_chinensis|c_brevisepala|c_trifolia,ATTCTCTACCTACCCACCTGTGT,ACCCTTGAAAGAGTGCGTAATAG,60.246,58.495,569,CTATTACGCACTCTTTCAAGGGT
51,c_asplenifolia|c_teeta|c_omeiensis|c_groenlandica|c_deltoidea|c_ramosa|c_quinquesecta|c_quinquefolia|c_trifoliolata|c_chinensis|c_brevisepala|c_trifolia,ACCTCCACTTAGTTTCACCCAAG,GACAACCTGGCGAACTGAAACAT,60.181,61.851,579,ATGTTTCAGTTCGCCAGGTTGTC
52,c_asplenifolia|c_teeta|c_omeiensis|c_groenlandica|c_deltoidea|c_ramosa|c_quinquesecta|c_quinquefolia|c_trifoliolata|c_chinensis|c_brevisepala|c_trifolia,TGGATTCAGCAGCAGTTCGAAAG,TGTCCAGGCGGTAATGATAGTATC,61.661,59.780,1087,GATACTATCATTACCGCCTGGACA
53,c_asplenifolia|c_teeta|c_omeiensis|c_groenlandica|c_deltoidea|c_ramosa|c_quinquesecta|c_quinquefolia|c_trifoliolata|c_chinensis|c_brevisepala|c_trifolia,TAAGGTGCTGCTAAATGGAAGGA,CGCTCTTAGGTTGGGCAGTAAG,59.734,60.996,462,CTTACTGCCCAACCTAAGAGCG
54,c_asplenifolia|c_teeta|c_omeiensis|c_groenlandica|c_deltoidea|c_ramosa|c_quinquesecta|c_quinquefolia|c_trifoliolata|c_chinensis|c_brevisepala|c_trifolia,TCCACTTAGTTTCACCCAAGCTT,AAGGCTAAATACTCCTGGGTGAC,60.118,59.800,305,GTCACCCAGGAGTATTTAGCCTT
55,c_asplenifolia|c_teeta|c_omeiensis|c_groenlandica|c_deltoidea|c_ramosa|c_quinquesecta|c_quinquefolia|c_trifoliolata|c_chinensis|c_brevisepala|c_trifolia,CCATCCTACCTCCTCTACGTTCT,CAGTGCAATGGGATGTGTCTATTTA,60.435,59.410,607,TAAATAGACACATCCCATTGCACTG
56,c_asplenifolia|c_teeta|c_omeiensis|c_groenlandica|c_deltoidea|c_ramosa|c_quinquesecta|c_quinquefolia|c_trifoliolata|c_chinensis|c_brevisepala|c_trifolia,GAGACAGTGCCCAGATCGTTAC,TGAGTAACGCAAACATTGGTGAG,60.736,59.750,728,CTCACCAATGTTTGCGTTACTCA
57,c_asplenifolia|c_teeta|c_omeiensis|c_groenlandica|c_deltoidea|c_ramosa|c_quinquesecta|c_quinquefolia|c_trifoliolata|c_chinensis|c_brevisepala|c_trifolia,CCCTTCCCTCACGGTACTACTT,GGCAGTTGGTCAGATCTAGTATGG,60.887,60.502,1282,CCATACTAGATCTGACCAACTGCC
58,c_asplenifolia|c_teeta|c_omeiensis|c_groenlandica|c_deltoidea|c_ramosa|c_quinquesecta|c_quinquefolia|c_trifoliolata|c_chinensis|c_brevisepala|c_trifolia,GTCACCGCAGTAGAGTTTAACCA,TGGACAGAAAGACCCTATGAAGC,60.554,60.055,1237,GCTTCATAGGGTCTTTCTGTCCA
59,c_asplenifolia|c_teeta|c_omeiensis|c_groenlandica|c_deltoidea|c_ramosa|c_quinquesecta|c_quinquefolia|c_trifoliolata|c_chinensis|c_brevisepala|c_trifolia,TCACCCAGGAGTATTTAGCCTTG,TCCATTTAGCAGCACCTTAGGAT,59.800,59.540,505,ATCCTAAGGTGCTGCTAAATGGA
60,c_asplenifolia|c_teeta|c_omeiensis|c_groenlandica|c_deltoidea|c_ramosa|c_quinquesecta|c_quinquefolia|c_trifoliolata|c_chinensis|c_brevisepala|c_trifolia,CATCCGCTGATTCTTCAACATCA,TAGCAGCACCTTAGGATGGCATA,59.376,61.267,818,TATGCCATCCTAAGGTGCTGCTA
61,c_asplenifolia|c_teeta|c_omeiensis|c_groenlandica|c_deltoidea|c_ramosa|c_quinquesecta|c_quinquefolia|c_trifoliolata|c_chinensis|c_brevisepala|c_trifolia,GGAAGATCAGCCTGTTATCCCTAG,CCAAGGGACAGTCTCAGGTAGA,60.021,60.558,248,TCTACCTGAGACTGTCCCTTGG
62,c_asplenifolia|c_teeta|c_omeiensis|c_groenlandica|c_deltoidea|c_ramosa|c_quinquesecta|c_quinquefolia|c_trifoliolata|c_chinensis|c_brevisepala|c_trifolia,TCCTACCTCCTCTACGTTCTTGA,CTGCGCCAGGGAATAGAAGAAG,59.735,61.062,270,CTTCTTCTATTCCCTGGCGCAG
63,c_asplenifolia|c_teeta|c_omeiensis|c_groenlandica|c_deltoidea|c_ramosa|c_quinquesecta|c_quinquefolia|c_trifoliolata|c_chinensis|c_brevisepala|c_trifolia,CGCAGTAGAGTTTAACCACCAAG,GTGTCAAGTGGAAGTGCAGTGAT,59.568,61.300,350,ATCACTGCACTTCCACTTGACAC
64,c_asplenifolia|c_teeta|c_omeiensis|c_groenlandica|c_deltoidea|c_ramosa|c_quinquesecta|c_quinquefolia|c_trifoliolata|c_chinensis|c_brevisepala|c_trifolia,TCCTAAGGTGCTGCTAAATGGAA,AGTAATGGGAAAGAGGACCGAAA,59.734,59.414,855,TTTCGGTCCTCTTTCCCATTACT
