ID,SEQUENCE_ID,PRIMER_LEFT_SEQUENCE,PRIMER_RIGHT_SEQUENCE,PRIMER_LEFT_TM,PRIMER_RIGHT_TM,LENGTH_INTERMEDIATE_SEQUENCE,REV_RIGHT_SEQUENCE
1,c_deltoidea|c_teeta|c_quinquefolia|c_trifolia|c_chinensis|c_omeiensis|c_quinquesecta|c_groenlandica|c_brevisepala|c_trifoliolata|c_ramosa|c_asplenifolia,TTACGCCCAATCATTCCGGATAA,ATGGAGGCAGGGAAGGGATATAA,60.181,60.443,833,TTATATCCCTTCCCTGCCTCCAT
2,c_deltoidea|c_teeta|c_quinquefolia|c_trifolia|c_chinensis|c_omeiensis|c_quinquesecta|c_groenlandica|c_brevisepala|c_trifoliolata|c_ramosa|c_asplenifolia,TCGAAGACCAAGAAGCGAGTTAT,AAGACAGAGGATGCAAGCGTTAT,59.807,60.370,1956,ATAACGCTTGCATCCTCTGTCTT
3,c_deltoidea|c_teeta|c_quinquefolia|c_trifolia|c_chinensis|c_omeiensis|c_quinquesecta|c_groenlandica|c_brevisepala|c_trifoliolata|c_ramosa|c_asplenifolia,CGAGAAACTCAACGCCACTATTC,TGACTTGGTTCTGCTTCCTTTCT,59.939,60.118,308,AGAAAGGAAGCAGAACCAAGTCA
4,c_deltoidea|c_teeta|c_quinquefolia|c_trifolia|c_chinensis|c_omeiensis|c_quinquesecta|c_groenlandica|c_brevisepala|c_trifoliolata|c_ramosa|c_asplenifolia,GTCAATCCCACGAGCCTCTTATC,AGGAATAGTGGCGTTGAGTTTCT,60.801,59.992,227,AGAAACTCAACGCCACTATTCCT
5,c_deltoidea|c_teeta|c_quinquefolia|c_trifolia|c_chinensis|c_omeiensis|c_quinquesecta|c_groenlandica|c_brevisepala|c_trifoliolata|c_ramosa|c_asplenifolia,CAGCGCCTAGTATCCATCGTTTA,AGTTTCTCGACCCTTTGCCTTAG,60.305,60.557,1140,CTAAGGCAAAGGGTCGAGAAACT
6,c_deltoidea|c_teeta|c_quinquefolia|c_trifolia|c_chinensis|c_omeiensis|c_quinquesecta|c_groenlandica|c_brevisepala|c_trifoliolata|c_ramosa|c_asplenifolia,GGTCTGTGAAGATGCGTTGTTAG,CGGTGGAGCATGTGGTTTAATTC,59.876,60.428,1310,GAATTAAACCACATGCTCCACCG
7,c_deltoidea|c_teeta|c_quinquefolia|c_trifolia|c_chinensis|c_omeiensis|c_quinquesecta|c_groenlandica|c_brevisepala|c_trifoliolata|c_ramosa|c_asplenifolia,TAACGCTTGCATCCTCTGTCTTA,CGATCCGAATGAATCAGCCTTTC,59.805,60.059,1497,GAAAGGCTGATTCATTCGGATCG
8,c_deltoidea|c_teeta|c_quinquefolia|c_trifolia|c_chinensis|c_omeiensis|c_quinquesecta|c_groenlandica|c_brevisepala|c_trifoliolata|c_ramosa|c_asplenifolia,CGAGCCGGGATCACTAACTAATA,CCGAAGAGCAACTAGGACCAATT,59.495,60.620,817,AATTGGTCCTAGTTGCTCTTCGG
9,c_deltoidea|c_teeta|c_quinquefolia|c_trifolia|c_chinensis|c_omeiensis|c_quinquesecta|c_groenlandica|c_brevisepala|c_trifoliolata|c_ramosa|c_asplenifolia,AGGAAGCAGAACCAAGTCAAGAT,TCCCATAGGTACAGCGTTTGAAT,59.926,59.801,901,ATTCAAACGCTGTACCTATGGGA
10,c_deltoidea|c_teeta|c_quinquefolia|c_trifolia|c_chinensis|c_omeiensis|c_quinquesecta|c_groenlandica|c_brevisepala|c_trifoliolata|c_ramosa|c_asplenifolia,GAGTGGAAGAAGGGAGGAGATTC,AGCCGTACACTTCACATGTTTCT,59.866,60.494,456,AGAAACATGTGAAGTGTACGGCT
11,c_deltoidea|c_teeta|c_quinquefolia|c_trifolia|c_chinensis|c_omeiensis|c_quinquesecta|c_groenlandica|c_brevisepala|c_trifoliolata|c_ramosa|c_asplenifolia,TACGGCTACCTTGTTACGACTTC,TATCCGGAATGATTGGGCGTAAA,60.120,60.181,963,TTTACGCCCAATCATTCCGGATA
12,c_deltoidea|c_teeta|c_quinquefolia|c_trifolia|c_chinensis|c_omeiensis|c_quinquesecta|c_groenlandica|c_brevisepala|c_trifoliolata|c_ramosa|c_asplenifolia,TGATCATCGCCTTGGTAAGCTATT,AAGACAATTCCGAATCCGCTTTG,60.202,60.120,317,CAAAGCGGATTCGGAATTGTCTT
13,c_deltoidea|c_teeta|c_quinquefolia|c_trifolia|c_chinensis|c_omeiensis|c_quinquesecta|c_groenlandica|c_brevisepala|c_trifoliolata|c_ramosa|c_asplenifolia,CGGGAAGGGAGGATTAGGGAAAT,CCTAGGTCGGAGCAAGTTGATAG,61.531,60.244,692,CTATCAACTTGCTCCGACCTAGG
14,c_deltoidea|c_teeta|c_quinquefolia|c_trifolia|c_chinensis|c_omeiensis|c_quinquesecta|c_groenlandica|c_brevisepala|c_trifoliolata|c_ramosa|c_asplenifolia,CCTATCAACTTGCTCCGACCTAG,CTGAACAGACTGCCGGTGATAAG,60.244,61.226,567,CTTATCACCGGCAGTCTGTTCAG
15,c_deltoidea|c_teeta|c_quinquefolia|c_trifolia|c_chinensis|c_omeiensis|c_quinquesecta|c_groenlandica|c_brevisepala|c_trifoliolata|c_ramosa|c_asplenifolia,CAGTCTGTTCAGGGTTCCAAACT,ACACTGACACTGAGAGACGAAAG,60.686,60.243,414,CTTTCGTCTCTCAGTGTCAGTGT
16,c_deltoidea|c_teeta|c_quinquefolia|c_trifolia|c_chinensis|c_omeiensis|c_quinquesecta|c_groenlandica|c_brevisepala|c_trifoliolata|c_ramosa|c_asplenifolia,TTGCCTCACCAACTAGCTAATCA,TGAGTCCTTTCTTCCGTGATGAA,59.737,59.676,1409,TTCATCACGGAAGAAAGGACTCA
17,c_deltoidea|c_teeta|c_quinquefolia|c_trifolia|c_chinensis|c_omeiensis|c_quinquesecta|c_groenlandica|c_brevisepala|c_trifoliolata|c_ramosa|c_asplenifolia,CATGCTAATGTGCCTTGGATGAT,GTTTAGTTGCCACCGTTGAGTTT,59.427,60.181,862,AAACTCAACGGTGGCAACTAAAC
18,c_deltoidea|c_teeta|c_quinquefolia|c_trifolia|c_chinensis|c_omeiensis|c_quinquesecta|c_groenlandica|c_brevisepala|c_trifoliolata|c_ramosa|c_asplenifolia,TTGGGAGGTATCGGGAAGGAATT,TCCTCGTTCAACTCTTTCGAAGT,61.150,59.932,621,ACTTCGAAAGAGTTGAACGAGGA
19,c_deltoidea|c_teeta|c_quinquefolia|c_trifolia|c_chinensis|c_omeiensis|c_quinquesecta|c_groenlandica|c_brevisepala|c_trifoliolata|c_ramosa|c_asplenifolia,CCCAGATACCGTCATTGCTTCTT,TAGCTTACCAAGGCGATGATCAG,60.683,60.244,207,CTGATCATCGCCTTGGTAAGCTA
20,c_deltoidea|c_teeta|c_quinquefolia|c_trifolia|c_chinensis|c_omeiensis|c_quinquesecta|c_groenlandica|c_brevisepala|c_trifoliolata|c_ramosa|c_asplenifolia,CAGGCACAACGACGCAATTATC,CGATGCAAAGCGAAGAACCTTAC,60.788,60.725,929,GTAAGGTTCTTCGCTTTGCATCG
21,c_deltoidea|c_teeta|c_quinquefolia|c_trifolia|c_chinensis|c_omeiensis|c_quinquesecta|c_groenlandica|c_brevisepala|c_trifoliolata|c_ramosa|c_asplenifolia,ACGCCACTATTCCTGAACAACTT,CAATCCCTTTGCCCTTCATTCTT,60.496,59.483,1473,AAGAATGAAGGGCAAAGGGATTG
22,c_deltoidea|c_teeta|c_quinquefolia|c_trifolia|c_chinensis|c_omeiensis|c_quinquesecta|c_groenlandica|c_brevisepala|c_trifoliolata|c_ramosa|c_asplenifolia,CTAAGGCAAAGGGTCGAGAAACT,TCCTTAACCCTTCCTCCTCTTACT,60.557,59.953,1958,AGTAAGAGGAGGAAGGGTTAAGGA
23,c_deltoidea|c_teeta|c_quinquefolia|c_trifolia|c_chinensis|c_omeiensis|c_quinquesecta|c_groenlandica|c_brevisepala|c_trifoliolata|c_ramosa|c_asplenifolia,GCTACTGATCATCGCCTTGGTAA,TTCAGGAATAGTGGCGTTGAGTT,60.493,60.244,637,AACTCAACGCCACTATTCCTGAA
24,c_deltoidea|c_teeta|c_quinquefolia|c_trifolia|c_chinensis|c_omeiensis|c_quinquesecta|c_groenlandica|c_brevisepala|c_trifoliolata|c_ramosa|c_asplenifolia,TCCCACGAGCCTCTTATCCATTT,CCGACTCCAAGTTGTTCAGGAATA,61.458,60.563,239,TATTCCTGAACAACTTGGAGTCGG
25,c_deltoidea|c_teeta|c_quinquefolia|c_trifolia|c_chinensis|c_omeiensis|c_quinquesecta|c_groenlandica|c_brevisepala|c_trifoliolata|c_ramosa|c_asplenifolia,TCAACGCCACTATTCCTGAACAA,ACATGGATTGGATTCTGGCAATG,60.495,59.613,685,CATTGCCAGAATCCAATCCATGT
26,c_deltoidea|c_teeta|c_quinquefolia|c_trifolia|c_chinensis|c_omeiensis|c_quinquesecta|c_groenlandica|c_brevisepala|c_trifoliolata|c_ramosa|c_asplenifolia,ATCTTACCCTTTCCGAAGCAACT,CATGAGAGAAGCAAGGAGGTCAA,59.991,60.307,388,TTGACCTCCTTGCTTCTCTCATG
27,c_deltoidea|c_teeta|c_quinquefolia|c_trifolia|c_chinensis|c_omeiensis|c_quinquesecta|c_groenlandica|c_brevisepala|c_trifoliolata|c_ramosa|c_asplenifolia,AACTCAACGCCACTATTCCTGAA,TCTTGACTTGGTTCTGCTTCCTT,60.244,60.118,306,AAGGAAGCAGAACCAAGTCAAGA
28,c_deltoidea|c_teeta|c_quinquefolia|c_trifolia|c_chinensis|c_omeiensis|c_quinquesecta|c_groenlandica|c_brevisepala|c_trifoliolata|c_ramosa|c_asplenifolia,TTTGGGTGTGAAGCAGTGTCAAA,CCCAGTAGTCCTAGCCGTAAAC,61.376,59.900,804,GTTTACGGCTAGGACTACTGGG
29,c_deltoidea|c_teeta|c_quinquefolia|c_trifolia|c_chinensis|c_omeiensis|c_quinquesecta|c_groenlandica|c_brevisepala|c_trifoliolata|c_ramosa|c_asplenifolia,GTTGACCTCCTTGCTTCTCTCAT,GAATCTCCTCCCTTCTTCCACTC,60.307,59.866,963,GAGTGGAAGAAGGGAGGAGATTC
30,c_deltoidea|c_teeta|c_quinquefolia|c_trifolia|c_chinensis|c_omeiensis|c_quinquesecta|c_groenlandica|c_brevisepala|c_trifoliolata|c_ramosa|c_asplenifolia,GGCTACCTTGTTACGACTTCACT,CGGAGAAGAAGCAATGACGGTAT,60.306,60.738,1046,ATACCGTCATTGCTTCTTCTCCG
31,c_deltoidea|c_teeta|c_quinquefolia|c_trifolia|c_chinensis|c_omeiensis|c_quinquesecta|c_groenlandica|c_brevisepala|c_trifoliolata|c_ramosa|c_asplenifolia,CCAACAGTTCATCACGGAAGAAA,GTTAGCCGTACACTTCACATGTT,59.436,59.256,1311,AACATGTGAAGTGTACGGCTAAC
32,c_deltoidea|c_teeta|c_quinquefolia|c_trifolia|c_chinensis|c_omeiensis|c_quinquesecta|c_groenlandica|c_brevisepala|c_trifoliolata|c_ramosa|c_asplenifolia,CGTTGGTGTTCTTTCCGATCTCT,GGCAGGGAAGGGATATAACTCAG,60.861,59.992,979,CTGAGTTATATCCCTTCCCTGCC
33,c_deltoidea|c_teeta|c_quinquefolia|c_trifolia|c_chinensis|c_omeiensis|c_quinquesecta|c_groenlandica|c_brevisepala|c_trifoliolata|c_ramosa|c_asplenifolia,CTTTCGGGAAGGGAGGATTAGG,GTTGAGTTTGGAACCCTGAACAG,59.895,59.933,1254,CTGTTCAGGGTTCCAAACTCAAC
34,c_deltoidea|c_teeta|c_quinquefolia|c_trifolia|c_chinensis|c_omeiensis|c_quinquesecta|c_groenlandica|c_brevisepala|c_trifoliolata|c_ramosa|c_asplenifolia,CTTTCAAGAGGATTCGCGACATG,GACACTGAGAGACGAAAGCTAGG,60.242,60.427,267,CCTAGCTTTCGTCTCTCAGTGTC
35,c_deltoidea|c_teeta|c_quinquefolia|c_trifolia|c_chinensis|c_omeiensis|c_quinquesecta|c_groenlandica|c_brevisepala|c_trifoliolata|c_ramosa|c_asplenifolia,AGAAAGGAAGCAGAACCAAGTCA,GGATTCTGGCAATGCAATGTAGT,60.118,59.617,399,ACTACATTGCATTGCCAGAATCC
36,c_deltoidea|c_teeta|c_quinquefolia|c_trifolia|c_chinensis|c_omeiensis|c_quinquesecta|c_groenlandica|c_brevisepala|c_trifoliolata|c_ramosa|c_asplenifolia,TTCTTTCCGATCTCTGCGCATTT,CAATTCCGAATCCGCTTTGTCTA,61.175,59.379,721,TAGACAAAGCGGATTCGGAATTG
37,c_deltoidea|c_teeta|c_quinquefolia|c_trifolia|c_chinensis|c_omeiensis|c_quinquesecta|c_groenlandica|c_brevisepala|c_trifoliolata|c_ramosa|c_asplenifolia,ACAGTTCATCACGGAAGAAAGGA,TGTCACTCTACAGAACCGTACAT,59.929,58.923,963,ATGTACGGTTCTGTAGAGTGACA
38,c_deltoidea|c_teeta|c_quinquefolia|c_trifolia|c_chinensis|c_omeiensis|c_quinquesecta|c_groenlandica|c_brevisepala|c_trifoliolata|c_ramosa|c_asplenifolia,CTCGTAGTTCTTGGTCTGTGAAGA,ATGTCGCGAATCCTCTTGAAAGA,60.023,60.368,1266,TCTTTCAAGAGGATTCGCGACAT
39,c_deltoidea|c_teeta|c_quinquefolia|c_trifolia|c_chinensis|c_omeiensis|c_quinquesecta|c_groenlandica|c_brevisepala|c_trifoliolata|c_ramosa|c_asplenifolia,TAGCTTTCGTCTCTCAGTGTCAG,TTGTTCAGGAATAGTGGCGTTGA,59.811,60.495,1099,TCAACGCCACTATTCCTGAACAA
40,c_deltoidea|c_teeta|c_quinquefolia|c_trifolia|c_chinensis|c_omeiensis|c_quinquesecta|c_groenlandica|c_brevisepala|c_trifoliolata|c_ramosa|c_asplenifolia,TTGCCAGAATCCAATCCATGTTG,CATTCCAATTCCTTCCCGATACC,59.804,59.179,455,GGTATCGGGAAGGAATTGGAATG
41,c_deltoidea|c_teeta|c_quinquefolia|c_trifolia|c_chinensis|c_omeiensis|c_quinquesecta|c_groenlandica|c_brevisepala|c_trifoliolata|c_ramosa|c_asplenifolia,CTGTGAAGATGCGTTGTTAGGTG,GCGATTCAGGTGAGATCCAATGT,60.121,60.991,204,ACATTGGATCTCACCTGAATCGC
42,c_deltoidea|c_teeta|c_quinquefolia|c_trifolia|c_chinensis|c_omeiensis|c_quinquesecta|c_groenlandica|c_brevisepala|c_trifoliolata|c_ramosa|c_asplenifolia,TTATATCCCTTCCCTGCCTCCAT,TCCTTTCTTCCGTGATGAACTGT,60.443,59.929,882,ACAGTTCATCACGGAAGAAAGGA
43,c_deltoidea|c_teeta|c_quinquefolia|c_trifolia|c_chinensis|c_omeiensis|c_quinquesecta|c_groenlandica|c_brevisepala|c_trifoliolata|c_ramosa|c_asplenifolia,ATTGATTGCAGCTTTCTCCAGAC,GCCCACGAGCTTATTATCCTAGG,59.557,60.369,683,CCTAGGATAATAAGCTCGTGGGC
44,c_deltoidea|c_teeta|c_quinquefolia|c_trifolia|c_chinensis|c_omeiensis|c_quinquesecta|c_groenlandica|c_brevisepala|c_trifoliolata|c_ramosa|c_asplenifolia,CGAAGACCAAGAAGCGAGTTATTTA,GTCGTAACAAGGTAGCCGTACTG,59.424,60.972,992,CAGTACGGCTACCTTGTTACGAC
45,c_deltoidea|c_teeta|c_quinquefolia|c_trifolia|c_chinensis|c_omeiensis|c_quinquesecta|c_groenlandica|c_brevisepala|c_trifoliolata|c_ramosa|c_asplenifolia,CTTATCACCGGCAGTCTGTTCAG,AGTTCGAGCCTGATTATCCCTAAA,61.226,59.346,1368,TTTAGGGATAATCAGGCTCGAACT
46,c_deltoidea|c_teeta|c_quinquefolia|c_trifolia|c_chinensis|c_omeiensis|c_quinquesecta|c_groenlandica|c_brevisepala|c_trifoliolata|c_ramosa|c_asplenifolia,TCATCACGGAAGAAAGGACTCAC,GTCACCCTTACTGTCACTCTACA,60.306,59.175,969,TGTAGAGTGACAGTAAGGGTGAC
47,c_deltoidea|c_teeta|c_quinquefolia|c_trifolia|c_chinensis|c_omeiensis|c_quinquesecta|c_groenlandica|c_brevisepala|c_trifoliolata|c_ramosa|c_asplenifolia,CTCACCTTCCTCCGGCTTATC,GCTCGCGTCTGATTAGCTAGTT,59.931,60.542,932,AACTAGCTAATCAGACGCGAGC
48,c_deltoidea|c_teeta|c_quinquefolia|c_trifolia|c_chinensis|c_omeiensis|c_quinquesecta|c_groenlandica|c_brevisepala|c_trifoliolata|c_ramosa|c_asplenifolia,TTCGATACGGGTAGGAGAAGAAC,TGTACCATGAGAGAAGCAAGGAG,59.371,59.804,506,CTCCTTGCTTCTCTCATGGTACA
49,c_deltoidea|c_teeta|c_quinquefolia|c_trifolia|c_chinensis|c_omeiensis|c_quinquesecta|c_groenlandica|c_brevisepala|c_trifoliolata|c_ramosa|c_asplenifolia,GAGGTATCGGGAAGGAATTGGAA,AGAGCAACTAGGACCAATTCAGT,59.864,59.415,539,ACTGAATTGGTCCTAGTTGCTCT
50,c_deltoidea|c_teeta|c_quinquefolia|c_trifolia|c_chinensis|c_omeiensis|c_quinquesecta|c_groenlandica|c_brevisepala|c_trifoliolata|c_ramosa|c_asplenifolia,ACCTTGTTACGACTTCACTCCAG,CAATAGCTTACCAAGGCGATGAT,60.244,58.932,1224,ATCATCGCCTTGGTAAGCTATTG
51,c_deltoidea|c_teeta|c_quinquefolia|c_trifolia|c_chinensis|c_omeiensis|c_quinquesecta|c_groenlandica|c_brevisepala|c_trifoliolata|c_ramosa|c_asplenifolia,CCGTGGAAAGGCTGATTCATTC,GGTGAGTCCTTTCTTCCGTGAT,59.902,60.028,209,ATCACGGAAGAAAGGACTCACC
52,c_deltoidea|c_teeta|c_quinquefolia|c_trifolia|c_chinensis|c_omeiensis|c_quinquesecta|c_groenlandica|c_brevisepala|c_trifoliolata|c_ramosa|c_asplenifolia,GGGTGATCTCGTAGTTCTTGGTC,CTGGAGTGAAGTCGTAACAAGGT,60.429,60.244,785,ACCTTGTTACGACTTCACTCCAG
53,c_deltoidea|c_teeta|c_quinquefolia|c_trifolia|c_chinensis|c_omeiensis|c_quinquesecta|c_groenlandica|c_brevisepala|c_trifoliolata|c_ramosa|c_asplenifolia,ACTACATTGCATTGCCAGAATCC,AACGCCCTTGTTGACGATCTTT,59.617,61.069,1360,AAAGATCGTCAACAAGGGCGTT
54,c_deltoidea|c_teeta|c_quinquefolia|c_trifolia|c_chinensis|c_omeiensis|c_quinquesecta|c_groenlandica|c_brevisepala|c_trifoliolata|c_ramosa|c_asplenifolia,CTTTCGTCTCTCAGTGTCAGTGT,TCTTCTCCTACCCGTATCGAATAGA,60.243,59.988,1318,TCTATTCGATACGGGTAGGAGAAGA
55,c_deltoidea|c_teeta|c_quinquefolia|c_trifolia|c_chinensis|c_omeiensis|c_quinquesecta|c_groenlandica|c_brevisepala|c_trifoliolata|c_ramosa|c_asplenifolia,ACCAAGCATTCTTCTTATGGCTAGA,ACCTAACAACGCATCTTCACAGA,60.104,60.244,235,TCTGTGAAGATGCGTTGTTAGGT
56,c_deltoidea|c_teeta|c_quinquefolia|c_trifolia|c_chinensis|c_omeiensis|c_quinquesecta|c_groenlandica|c_brevisepala|c_trifoliolata|c_ramosa|c_asplenifolia,AGCCACCTACAGACGCTTTAC,AAGATCCTGGCTTTCGTGCTTTG,60.067,61.917,1894,CAAAGCACGAAAGCCAGGATCTT
57,c_deltoidea|c_teeta|c_quinquefolia|c_trifolia|c_chinensis|c_omeiensis|c_quinquesecta|c_groenlandica|c_brevisepala|c_trifoliolata|c_ramosa|c_asplenifolia,ACTGAATTGGTCCTAGTTGCTCTT,CGATTCACATGGCATCATCAAATG,59.958,59.320,462,CATTTGATGATGCCATGTGAATCG
58,c_deltoidea|c_teeta|c_quinquefolia|c_trifolia|c_chinensis|c_omeiensis|c_quinquesecta|c_groenlandica|c_brevisepala|c_trifoliolata|c_ramosa|c_asplenifolia,TCGCTTTGCATCGAATTAAACCA,TGATTAGCTAGTTGGTGAGGCAATA,59.811,59.870,712,TATTGCCTCACCAACTAGCTAATCA
59,c_deltoidea|c_teeta|c_quinquefolia|c_trifolia|c_chinensis|c_omeiensis|c_quinquesecta|c_groenlandica|c_brevisepala|c_trifoliolata|c_ramosa|c_asplenifolia,TAAGGTTCTTCGCTTTGCATCGA,CGAATCCGCTTTGTCTACGAACA,60.863,61.456,983,TGTTCGTAGACAAAGCGGATTCG
60,c_deltoidea|c_teeta|c_quinquefolia|c_trifolia|c_chinensis|c_omeiensis|c_quinquesecta|c_groenlandica|c_brevisepala|c_trifoliolata|c_ramosa|c_asplenifolia,CTCGTGGGCTTGGTCTTACTT,GACATGTCGCGAATCCTCTTGAA,59.998,61.224,690,TTCAAGAGGATTCGCGACATGTC
61,c_deltoidea|c_teeta|c_quinquefolia|c_trifolia|c_chinensis|c_omeiensis|c_quinquesecta|c_groenlandica|c_brevisepala|c_trifoliolata|c_ramosa|c_asplenifolia,GTCGAGAAACTCAACGCCACTA,ACCCGTATCGAATAGAACATGCT,60.606,59.679,246,AGCATGTTCTATTCGATACGGGT
62,c_deltoidea|c_teeta|c_quinquefolia|c_trifolia|c_chinensis|c_omeiensis|c_quinquesecta|c_groenlandica|c_brevisepala|c_trifoliolata|c_ramosa|c_asplenifolia,GAAGAATGAAGGGCAAAGGGATT,TGATATCTCACACCGGGTAAATCC,59.229,59.960,505,GGATTTACCCGGTGTGAGATATCA
63,c_deltoidea|c_teeta|c_quinquefolia|c_trifolia|c_chinensis|c_omeiensis|c_quinquesecta|c_groenlandica|c_brevisepala|c_trifoliolata|c_ramosa|c_asplenifolia,CTTGGTCTGTGAAGATGCGTTGT,TTTGGTTTGACACTGCTTCACAC,61.599,60.367,682,GTGTGAAGCAGTGTCAAACCAAA
64,c_deltoidea|c_teeta|c_quinquefolia|c_trifolia|c_chinensis|c_omeiensis|c_quinquesecta|c_groenlandica|c_brevisepala|c_trifoliolata|c_ramosa|c_asplenifolia,GCAAAGGGTCGAGAAACTCAAC,GGTTCTTCTCCTACCCGTATCGA,60.032,60.996,265,TCGATACGGGTAGGAGAAGAACC
