ID,SEQUENCE_ID,PRIMER_LEFT_SEQUENCE,PRIMER_RIGHT_SEQUENCE,PRIMER_LEFT_TM,PRIMER_RIGHT_TM,LENGTH_INTERMEDIATE_SEQUENCE,REV_RIGHT_SEQUENCE
1,c_quinquefolia|c_chinensis|c_groenlandica|c_asplenifolia|c_brevisepala|c_deltoidea|c_trifolia|c_quinquesecta|c_ramosa|c_trifoliolata|c_teeta|c_omeiensis,CCTTCAGAGACTGCGAGTGTAAT,GTGATCTGCTGCCGAACTTATTC,60.119,59.998,1939,GAATAAGTTCGGCAGCAGATCAC
2,c_quinquefolia|c_chinensis|c_groenlandica|c_asplenifolia|c_brevisepala|c_deltoidea|c_trifolia|c_quinquesecta|c_ramosa|c_trifoliolata|c_teeta|c_omeiensis,CCCGTAACCCAGCAGATAAAGTA,ATTCCAGTTGACCGAGCCTAATT,59.867,60.054,285,AATTAGGCTCGGTCAACTGGAAT
3,c_quinquefolia|c_chinensis|c_groenlandica|c_asplenifolia|c_brevisepala|c_deltoidea|c_trifolia|c_quinquesecta|c_ramosa|c_trifoliolata|c_teeta|c_omeiensis,GAGTGCGGTTCGTTCGATAAATT,CTGCCATCCACACCAGAATAGAT,59.938,60.181,1207,ATCTATTCTGGTGTGGATGGCAG
4,c_quinquefolia|c_chinensis|c_groenlandica|c_asplenifolia|c_brevisepala|c_deltoidea|c_trifolia|c_quinquesecta|c_ramosa|c_trifoliolata|c_teeta|c_omeiensis,GGCTTGGAGGGAGATCTTTCATA,CCTGACCCTGCTTCACCTTAATT,59.607,60.562,1766,AATTAAGGTGAAGCAGGGTCAGG
5,c_quinquefolia|c_chinensis|c_groenlandica|c_asplenifolia|c_brevisepala|c_deltoidea|c_trifolia|c_quinquesecta|c_ramosa|c_trifoliolata|c_teeta|c_omeiensis,TGATGCCATGTGAATCGCTAGAA,GGGCCGCTATGCTCATTATTAAA,60.432,59.244,1482,TTTAATAATGAGCATAGCGGCCC
6,c_quinquefolia|c_chinensis|c_groenlandica|c_asplenifolia|c_brevisepala|c_deltoidea|c_trifolia|c_quinquesecta|c_ramosa|c_trifoliolata|c_teeta|c_omeiensis,CACGAAATCTTGGCGATCTTCTC,GGCCGTTTCGTCCTATTCAGATA,59.999,60.244,373,TATCTGAATAGGACGAAACGGCC
7,c_quinquefolia|c_chinensis|c_groenlandica|c_asplenifolia|c_brevisepala|c_deltoidea|c_trifolia|c_quinquesecta|c_ramosa|c_trifoliolata|c_teeta|c_omeiensis,GGGAGAGATCGAGCTTCAAGAAA,TCAGCGGTTGTGAATGACTTACT,60.119,60.244,658,AGTAAGTCATTCACAACCGCTGA
8,c_quinquefolia|c_chinensis|c_groenlandica|c_asplenifolia|c_brevisepala|c_deltoidea|c_trifolia|c_quinquesecta|c_ramosa|c_trifoliolata|c_teeta|c_omeiensis,GGGCTGCTGGAATTGGAATAAGT,CCAGTTGACCGAGCCTAATTCTA,61.194,59.868,463,TAGAATTAGGCTCGGTCAACTGG
9,c_quinquefolia|c_chinensis|c_groenlandica|c_asplenifolia|c_brevisepala|c_deltoidea|c_trifolia|c_quinquesecta|c_ramosa|c_trifoliolata|c_teeta|c_omeiensis,CGACTCGGGCTTATATGACATGA,TGCTGCCGAACTTATTCCAATTC,60.058,59.871,359,GAATTGGAATAAGTTCGGCAGCA
10,c_quinquefolia|c_chinensis|c_groenlandica|c_asplenifolia|c_brevisepala|c_deltoidea|c_trifolia|c_quinquesecta|c_ramosa|c_trifoliolata|c_teeta|c_omeiensis,TGAAGTGTACGGCTAACCCAATAA,CGCCTCATTAGACCGTACATCTC,60.020,60.610,1768,GAGATGTACGGTCTAATGAGGCG
11,c_quinquefolia|c_chinensis|c_groenlandica|c_asplenifolia|c_brevisepala|c_deltoidea|c_trifolia|c_quinquesecta|c_ramosa|c_trifoliolata|c_teeta|c_omeiensis,CCACTCGGACCAAGACATAACTT,TTGATTACCTTCCTCGCGTATGT,60.307,59.868,491,ACATACGCGAGGAAGGTAATCAA
12,c_quinquefolia|c_chinensis|c_groenlandica|c_asplenifolia|c_brevisepala|c_deltoidea|c_trifolia|c_quinquesecta|c_ramosa|c_trifoliolata|c_teeta|c_omeiensis,GATGGATCCCTACGTCGTTACAT,GATCGCCGGAATACTTCGTATCA,59.745,60.366,516,TGATACGAAGTATTCCGGCGATC
13,c_quinquefolia|c_chinensis|c_groenlandica|c_asplenifolia|c_brevisepala|c_deltoidea|c_trifolia|c_quinquesecta|c_ramosa|c_trifoliolata|c_teeta|c_omeiensis,ACCCTAGATGCTGTCGGAGTAAA,GATCTCCCTCCAAGCCGTACATA,60.881,61.317,555,TATGTACGGCTTGGAGGGAGATC
14,c_quinquefolia|c_chinensis|c_groenlandica|c_asplenifolia|c_brevisepala|c_deltoidea|c_trifolia|c_quinquesecta|c_ramosa|c_trifoliolata|c_teeta|c_omeiensis,GATCACGAAATCTTGGCGATCTT,GCCAAAGTCACTGAATGGGTAAG,59.442,59.809,225,CTTACCCATTCAGTGACTTTGGC
15,c_quinquefolia|c_chinensis|c_groenlandica|c_asplenifolia|c_brevisepala|c_deltoidea|c_trifolia|c_quinquesecta|c_ramosa|c_trifoliolata|c_teeta|c_omeiensis,GCGTTCTAGTGCGTTGTAGATTC,GCTATTTGACTCGGACCTGTTCTA,60.001,60.142,294,TAGAACAGGTCCGAGTCAAATAGC
16,c_quinquefolia|c_chinensis|c_groenlandica|c_asplenifolia|c_brevisepala|c_deltoidea|c_trifolia|c_quinquesecta|c_ramosa|c_trifoliolata|c_teeta|c_omeiensis,AGGTCCGAGTCAAATAGCAATGA,GTCGCCTCATTAGACCGTACAT,59.802,59.966,1569,ATGTACGGTCTAATGAGGCGAC
17,c_quinquefolia|c_chinensis|c_groenlandica|c_asplenifolia|c_brevisepala|c_deltoidea|c_trifolia|c_quinquesecta|c_ramosa|c_trifoliolata|c_teeta|c_omeiensis,TCCTTACGAGCGTTGTTTCTATCT,AAAGGAGAAGGAAGGCTGGAATG,59.843,60.563,1325,CATTCCAGCCTTCCTTCTCCTTT
18,c_quinquefolia|c_chinensis|c_groenlandica|c_asplenifolia|c_brevisepala|c_deltoidea|c_trifolia|c_quinquesecta|c_ramosa|c_trifoliolata|c_teeta|c_omeiensis,TGCTTGCATATTCGTCCATAGGT,GAGTCTCGCGTGTCTACCATTTC,60.181,61.272,1159,GAAATGGTAGACACGCGAGACTC
19,c_quinquefolia|c_chinensis|c_groenlandica|c_asplenifolia|c_brevisepala|c_deltoidea|c_trifolia|c_quinquesecta|c_ramosa|c_trifoliolata|c_teeta|c_omeiensis,TTTCGGAAACCCAAGGACTCAAT,AATTTATCGAACGAACCGCACTC,60.436,59.938,1781,GAGTGCGGTTCGTTCGATAAATT
20,c_quinquefolia|c_chinensis|c_groenlandica|c_asplenifolia|c_brevisepala|c_deltoidea|c_trifolia|c_quinquesecta|c_ramosa|c_trifoliolata|c_teeta|c_omeiensis,GGGTCAGGAACAACGAATCTCTT,CGACGTAGGGATCCATCTGTAAA,60.557,59.683,1528,TTTACAGATGGATCCCTACGTCG
21,c_quinquefolia|c_chinensis|c_groenlandica|c_asplenifolia|c_brevisepala|c_deltoidea|c_trifolia|c_quinquesecta|c_ramosa|c_trifoliolata|c_teeta|c_omeiensis,GAATAAGTTCGGCAGCAGATCAC,ACTGAATGGGTAAGTCGCCAATC,59.998,60.931,233,GATTGGCGACTTACCCATTCAGT
22,c_quinquefolia|c_chinensis|c_groenlandica|c_asplenifolia|c_brevisepala|c_deltoidea|c_trifolia|c_quinquesecta|c_ramosa|c_trifoliolata|c_teeta|c_omeiensis,AACATGTGAAGTGTACGGCTAAC,TTGCTATTTGACTCGGACCTGTT,59.256,60.244,227,AACAGGTCCGAGTCAAATAGCAA
23,c_quinquefolia|c_chinensis|c_groenlandica|c_asplenifolia|c_brevisepala|c_deltoidea|c_trifolia|c_quinquesecta|c_ramosa|c_trifoliolata|c_teeta|c_omeiensis,TGCCATGTGAATCGCTAGAAACA,TACGATTGAGTCCTTGGGTTTCC,60.868,60.307,300,GGAAACCCAAGGACTCAATCGTA
24,c_quinquefolia|c_chinensis|c_groenlandica|c_asplenifolia|c_brevisepala|c_deltoidea|c_trifolia|c_quinquesecta|c_ramosa|c_trifoliolata|c_teeta|c_omeiensis,TCAGAGACTGCGAGTGTAATAGG,CTCGAACCTCCACGCTCTTTAG,59.372,60.733,1765,CTAAAGAGCGTGGAGGTTCGAG
25,c_quinquefolia|c_chinensis|c_groenlandica|c_asplenifolia|c_brevisepala|c_deltoidea|c_trifolia|c_quinquesecta|c_ramosa|c_trifoliolata|c_teeta|c_omeiensis,AACCCAAGGACTCAATCGTATGG,TAGCCAAGAGAAACCATGAACCA,60.371,59.926,1579,TGGTTCATGGTTTCTCTTGGCTA
26,c_quinquefolia|c_chinensis|c_groenlandica|c_asplenifolia|c_brevisepala|c_deltoidea|c_trifolia|c_quinquesecta|c_ramosa|c_trifoliolata|c_teeta|c_omeiensis,TGGTTCATGGTTTCTCTTGGCTATA,TGGAATGTAACGACGTAGGGATC,60.045,59.933,1911,GATCCCTACGTCGTTACATTCCA
27,c_quinquefolia|c_chinensis|c_groenlandica|c_asplenifolia|c_brevisepala|c_deltoidea|c_trifolia|c_quinquesecta|c_ramosa|c_trifoliolata|c_teeta|c_omeiensis,CCGATGGAGAGAAGAACCTATGA,TCATCAGCGGTTGTGAATGACTT,59.108,60.807,1048,AAGTCATTCACAACCGCTGATGA
28,c_quinquefolia|c_chinensis|c_groenlandica|c_asplenifolia|c_brevisepala|c_deltoidea|c_trifolia|c_quinquesecta|c_ramosa|c_trifoliolata|c_teeta|c_omeiensis,AGGAGGGAAACGGATACTCAATTT,GGCAGGAATTTATCGAACGAACC,59.772,60.243,1720,GGTTCGTTCGATAAATTCCTGCC
29,c_quinquefolia|c_chinensis|c_groenlandica|c_asplenifolia|c_brevisepala|c_deltoidea|c_trifolia|c_quinquesecta|c_ramosa|c_trifoliolata|c_teeta|c_omeiensis,TCCCTACGTCGTTACATTCCATTT,GTGGACGATTTCAAAGTGGACTC,60.082,59.813,622,GAGTCCACTTTGAAATCGTCCAC
30,c_quinquefolia|c_chinensis|c_groenlandica|c_asplenifolia|c_brevisepala|c_deltoidea|c_trifolia|c_quinquesecta|c_ramosa|c_trifoliolata|c_teeta|c_omeiensis,AGAACAGGTCCGAGTCAAATAGC,TTGTAGGGTGGATCTGGAAAGAT,60.369,58.888,275,ATCTTTCCAGATCCACCCTACAA
31,c_quinquefolia|c_chinensis|c_groenlandica|c_asplenifolia|c_brevisepala|c_deltoidea|c_trifolia|c_quinquesecta|c_ramosa|c_trifoliolata|c_teeta|c_omeiensis,TCATCAATGGACTCCTGACGTATAC,ATGCTCCTATTACACTCGCAGTC,59.990,60.244,380,GACTGCGAGTGTAATAGGAGCAT
32,c_quinquefolia|c_chinensis|c_groenlandica|c_asplenifolia|c_brevisepala|c_deltoidea|c_trifolia|c_quinquesecta|c_ramosa|c_trifoliolata|c_teeta|c_omeiensis,AAGTCATTCACAACCGCTGATGA,TGGGCGGAACAGATAATTCTTTG,60.807,59.306,1053,CAAAGAATTATCTGTTCCGCCCA
33,c_quinquefolia|c_chinensis|c_groenlandica|c_asplenifolia|c_brevisepala|c_deltoidea|c_trifolia|c_quinquesecta|c_ramosa|c_trifoliolata|c_teeta|c_omeiensis,TTCACAACCGCTGATGAAGGATT,GCGTGTCTACCATTTCACCATCA,60.810,61.173,1562,TGATGGTGAAATGGTAGACACGC
34,c_quinquefolia|c_chinensis|c_groenlandica|c_asplenifolia|c_brevisepala|c_deltoidea|c_trifolia|c_quinquesecta|c_ramosa|c_trifoliolata|c_teeta|c_omeiensis,GGATCCCTACGTCGTTACATTCC,TTCTCTTTCGGATAGGCCCTGAA,60.552,61.139,892,TTCAGGGCCTATCCGAAAGAGAA
35,c_quinquefolia|c_chinensis|c_groenlandica|c_asplenifolia|c_brevisepala|c_deltoidea|c_trifolia|c_quinquesecta|c_ramosa|c_trifoliolata|c_teeta|c_omeiensis,GATCGTCAACAAGGGCGTTCTA,TTGAGTATCCGTTTCCCTCCTTT,60.673,59.414,425,AAAGGAGGGAAACGGATACTCAA
36,c_quinquefolia|c_chinensis|c_groenlandica|c_asplenifolia|c_brevisepala|c_deltoidea|c_trifolia|c_quinquesecta|c_ramosa|c_trifoliolata|c_teeta|c_omeiensis,CAGGGTCAGGAACAACGAATCT,CAGAAGAAGATGCCATTCGTTTGA,60.290,59.845,650,TCAAACGAATGGCATCTTCTTCTG
37,c_quinquefolia|c_chinensis|c_groenlandica|c_asplenifolia|c_brevisepala|c_deltoidea|c_trifolia|c_quinquesecta|c_ramosa|c_trifoliolata|c_teeta|c_omeiensis,ACATACGCGAGGAAGGTAATCAA,ATCTGCTGCCGAACTTATTCCAA,59.868,60.622,1690,TTGGAATAAGTTCGGCAGCAGAT
38,c_quinquefolia|c_chinensis|c_groenlandica|c_asplenifolia|c_brevisepala|c_deltoidea|c_trifolia|c_quinquesecta|c_ramosa|c_trifoliolata|c_teeta|c_omeiensis,GCCCGTAACCCAGCAGATAAA,GCCGTTTCGTCCTATTCAGATATTC,60.408,59.881,227,GAATATCTGAATAGGACGAAACGGC
39,c_quinquefolia|c_chinensis|c_groenlandica|c_asplenifolia|c_brevisepala|c_deltoidea|c_trifolia|c_quinquesecta|c_ramosa|c_trifoliolata|c_teeta|c_omeiensis,GGAAACCCAAGGACTCAATCGTA,GACCCTGCTTCACCTTAATTGTT,60.307,59.173,1937,AACAATTAAGGTGAAGCAGGGTC
40,c_quinquefolia|c_chinensis|c_groenlandica|c_asplenifolia|c_brevisepala|c_deltoidea|c_trifolia|c_quinquesecta|c_ramosa|c_trifoliolata|c_teeta|c_omeiensis,GCGACTTACCCATTCAGTGACTT,GTCGACGGATCTTCTCAATTGGA,60.865,60.429,283,TCCAATTGAGAAGATCCGTCGAC
41,c_quinquefolia|c_chinensis|c_groenlandica|c_asplenifolia|c_brevisepala|c_deltoidea|c_trifolia|c_quinquesecta|c_ramosa|c_trifoliolata|c_teeta|c_omeiensis,TATGTACGGCTTGGAGGGAGATC,AGAGGCAGGAATTTATCGAACGA,61.317,59.868,1619,TCGTTCGATAAATTCCTGCCTCT
42,c_quinquefolia|c_chinensis|c_groenlandica|c_asplenifolia|c_brevisepala|c_deltoidea|c_trifolia|c_quinquesecta|c_ramosa|c_trifoliolata|c_teeta|c_omeiensis,TGTCCGTGTCAACAAACAATTCG,TCTTCTCTCCATCGGAACAATAGG,60.486,59.658,1321,CCTATTGTTCCGATGGAGAGAAGA
43,c_quinquefolia|c_chinensis|c_groenlandica|c_asplenifolia|c_brevisepala|c_deltoidea|c_trifolia|c_quinquesecta|c_ramosa|c_trifoliolata|c_teeta|c_omeiensis,TCGTCCATAGGTCAAATCGGATAT,ACTGGATTCTCTTTCGGATAGGC,59.229,59.930,1683,GCCTATCCGAAAGAGAATCCAGT
44,c_quinquefolia|c_chinensis|c_groenlandica|c_asplenifolia|c_brevisepala|c_deltoidea|c_trifolia|c_quinquesecta|c_ramosa|c_trifoliolata|c_teeta|c_omeiensis,ACGAATGGCATCTTCTTCTGGAA,TCAGTTCCAGTACGTAGACCAAAT,60.308,59.475,259,ATTTGGTCTACGTACTGGAACTGA
45,c_quinquefolia|c_chinensis|c_groenlandica|c_asplenifolia|c_brevisepala|c_deltoidea|c_trifolia|c_quinquesecta|c_ramosa|c_trifoliolata|c_teeta|c_omeiensis,TCGTTCGATAAATTCCTGCCTCT,ACCTTCCTCGCGTATGTATAAGA,59.868,58.860,574,TCTTATACATACGCGAGGAAGGT
46,c_quinquefolia|c_chinensis|c_groenlandica|c_asplenifolia|c_brevisepala|c_deltoidea|c_trifolia|c_quinquesecta|c_ramosa|c_trifoliolata|c_teeta|c_omeiensis,GTACGGCTAACCCAATAACGAAAG,TCATTGCTATTTGACTCGGACCT,59.967,59.802,218,AGGTCCGAGTCAAATAGCAATGA
47,c_quinquefolia|c_chinensis|c_groenlandica|c_asplenifolia|c_brevisepala|c_deltoidea|c_trifolia|c_quinquesecta|c_ramosa|c_trifoliolata|c_teeta|c_omeiensis,ACACTATTTCGGAAACCCAAGGA,TGTAGGGTGGATCTGGAAAGATATG,59.927,59.692,228,CATATCTTTCCAGATCCACCCTACA
48,c_quinquefolia|c_chinensis|c_groenlandica|c_asplenifolia|c_brevisepala|c_deltoidea|c_trifolia|c_quinquesecta|c_ramosa|c_trifoliolata|c_teeta|c_omeiensis,ACTCGGACCAAGACATAACTTTCT,ACCTATGGACGAATATGCAAGCA,59.716,60.181,819,TGCTTGCATATTCGTCCATAGGT
49,c_quinquefolia|c_chinensis|c_groenlandica|c_asplenifolia|c_brevisepala|c_deltoidea|c_trifolia|c_quinquesecta|c_ramosa|c_trifoliolata|c_teeta|c_omeiensis,TGCGGTTCGTTCGATAAATTCCT,CCTGCCATCCACACCAGAATA,60.924,59.787,1205,TATTCTGGTGTGGATGGCAGG
50,c_quinquefolia|c_chinensis|c_groenlandica|c_asplenifolia|c_brevisepala|c_deltoidea|c_trifolia|c_quinquesecta|c_ramosa|c_trifoliolata|c_teeta|c_omeiensis,AAAGGAGGGAAACGGATACTCAA,CAGTACCTCGACGTGACATGAG,59.414,60.476,254,CTCATGTCACGTCGAGGTACTG
51,c_quinquefolia|c_chinensis|c_groenlandica|c_asplenifolia|c_brevisepala|c_deltoidea|c_trifolia|c_quinquesecta|c_ramosa|c_trifoliolata|c_teeta|c_omeiensis,GGCAGGCCTATATTTCTTGGTTTC,GCCGGAATACTTCGTATCAACAG,59.962,59.510,995,CTGTTGATACGAAGTATTCCGGC
52,c_quinquefolia|c_chinensis|c_groenlandica|c_asplenifolia|c_brevisepala|c_deltoidea|c_trifolia|c_quinquesecta|c_ramosa|c_trifoliolata|c_teeta|c_omeiensis,GGGCAAGCTCTTCTATTCTGGTT,TCCAGAAGAAGATGCCATTCGTT,60.623,60.308,1041,AACGAATGGCATCTTCTTCTGGA
53,c_quinquefolia|c_chinensis|c_groenlandica|c_asplenifolia|c_brevisepala|c_deltoidea|c_trifolia|c_quinquesecta|c_ramosa|c_trifoliolata|c_teeta|c_omeiensis,TGGTCTACGTACTGGAACTGATAAC,TGGCTTCGTCCAGTCATTAATAAC,59.876,59.126,264,GTTATTAATGACTGGACGAAGCCA
54,c_quinquefolia|c_chinensis|c_groenlandica|c_asplenifolia|c_brevisepala|c_deltoidea|c_trifolia|c_quinquesecta|c_ramosa|c_trifoliolata|c_teeta|c_omeiensis,TACGGCTTGGAGGGAGATCTTTC,TTCCTGACCCTGCTTCACCTTA,61.756,61.030,1771,TAAGGTGAAGCAGGGTCAGGAA
55,c_quinquefolia|c_chinensis|c_groenlandica|c_asplenifolia|c_brevisepala|c_deltoidea|c_trifolia|c_quinquesecta|c_ramosa|c_trifoliolata|c_teeta|c_omeiensis,ACCAAGAGAGATGTACGGTCTAATG,TTGGGTTCATTGAGATTCCTGGT,59.932,59.924,1698,ACCAGGAATCTCAATGAACCCAA
56,c_quinquefolia|c_chinensis|c_groenlandica|c_asplenifolia|c_brevisepala|c_deltoidea|c_trifolia|c_quinquesecta|c_ramosa|c_trifoliolata|c_teeta|c_omeiensis,CTCATCAATGGACTCCTGACGTA,CGCGTATGTATAAGACCGAATCC,59.618,59.150,605,GGATTCGGTCTTATACATACGCG
57,c_quinquefolia|c_chinensis|c_groenlandica|c_asplenifolia|c_brevisepala|c_deltoidea|c_trifolia|c_quinquesecta|c_ramosa|c_trifoliolata|c_teeta|c_omeiensis,GAGCAGGCTACCATGAGACAAA,ATCCATACGATTGAGTCCTTGGG,60.355,59.928,234,CCCAAGGACTCAATCGTATGGAT
58,c_quinquefolia|c_chinensis|c_groenlandica|c_asplenifolia|c_brevisepala|c_deltoidea|c_trifolia|c_quinquesecta|c_ramosa|c_trifoliolata|c_teeta|c_omeiensis,ACAGATGGATCCCTACGTCGTTA,GGTCATGTCATATAAGCCCGAGT,60.686,59.993,233,ACTCGGGCTTATATGACATGACC
59,c_quinquefolia|c_chinensis|c_groenlandica|c_asplenifolia|c_brevisepala|c_deltoidea|c_trifolia|c_quinquesecta|c_ramosa|c_trifoliolata|c_teeta|c_omeiensis,CCCTTCTCATCAATGGACTCCTG,CTCCTATTACACTCGCAGTCTCT,60.433,59.120,383,AGAGACTGCGAGTGTAATAGGAG
60,c_quinquefolia|c_chinensis|c_groenlandica|c_asplenifolia|c_brevisepala|c_deltoidea|c_trifolia|c_quinquesecta|c_ramosa|c_trifoliolata|c_teeta|c_omeiensis,CAATTAAGGTGAAGCAGGGTCAG,GAATCCTTCATCAGCGGTTGTGA,59.558,61.175,348,TCACAACCGCTGATGAAGGATTC
61,c_quinquefolia|c_chinensis|c_groenlandica|c_asplenifolia|c_brevisepala|c_deltoidea|c_trifolia|c_quinquesecta|c_ramosa|c_trifoliolata|c_teeta|c_omeiensis,GACCCATACATCTCGATCGGAAA,GAGTGGGAGAGTCAGAGTCGAAA,59.995,61.368,1669,TTTCGACTCTGACTCTCCCACTC
62,c_quinquefolia|c_chinensis|c_groenlandica|c_asplenifolia|c_brevisepala|c_deltoidea|c_trifolia|c_quinquesecta|c_ramosa|c_trifoliolata|c_teeta|c_omeiensis,CCGTGTCAACAAACAATTCGAAAT,TTTCTTGAAGCTCGATCTCTCCC,59.262,60.119,1713,GGGAGAGATCGAGCTTCAAGAAA
63,c_quinquefolia|c_chinensis|c_groenlandica|c_asplenifolia|c_brevisepala|c_deltoidea|c_trifolia|c_quinquesecta|c_ramosa|c_trifoliolata|c_teeta|c_omeiensis,AGCCCTATGTCTCTTATCCCTAGG,TGGGTTCATTGAGATTCCTGGTATA,60.265,59.330,307,TATACCAGGAATCTCAATGAACCCA
64,c_quinquefolia|c_chinensis|c_groenlandica|c_asplenifolia|c_brevisepala|c_deltoidea|c_trifolia|c_quinquesecta|c_ramosa|c_trifoliolata|c_teeta|c_omeiensis,GGAGTGCGGTTCGTTCGATAA,ATCCGATTTGACCTATGGACGAA,60.733,59.613,930,TTCGTCCATAGGTCAAATCGGAT
