ID,SEQUENCE_ID,PRIMER_LEFT_SEQUENCE,PRIMER_RIGHT_SEQUENCE,PRIMER_LEFT_TM,PRIMER_RIGHT_TM,LENGTH_INTERMEDIATE_SEQUENCE,REV_RIGHT_SEQUENCE
1,c_ramosa|c_omeiensis|c_asplenifolia|c_deltoidea|c_quinquesecta|c_chinensis|c_trifoliolata|c_quinquefolia|c_groenlandica|c_teeta|c_brevisepala|c_trifolia,GGTCGGAATGGTTTGTGGATTTC,TTCCAGCCAATGATGACGCTATA,60.367,59.929,512,TATAGCGTCATCATTGGCTGGAA
2,c_ramosa|c_omeiensis|c_asplenifolia|c_deltoidea|c_quinquesecta|c_chinensis|c_trifoliolata|c_quinquefolia|c_groenlandica|c_teeta|c_brevisepala|c_trifolia,TGTTACTGCATGGATCGGGATTA,ATCCTGCCATTCTCGACGATAAT,59.610,59.741,1434,ATTATCGTCGAGAATGGCAGGAT
3,c_ramosa|c_omeiensis|c_asplenifolia|c_deltoidea|c_quinquesecta|c_chinensis|c_trifoliolata|c_quinquefolia|c_groenlandica|c_teeta|c_brevisepala|c_trifolia,CAGGCCTTTCAACCAATCGATAC,CGATCCATGCAGTAACACGATTT,59.935,59.690,826,AAATCGTGTTACTGCATGGATCG
4,c_ramosa|c_omeiensis|c_asplenifolia|c_deltoidea|c_quinquesecta|c_chinensis|c_trifoliolata|c_quinquefolia|c_groenlandica|c_teeta|c_brevisepala|c_trifolia,AAATGAACTCCCGCTTCCATCAT,AGGGCGTCTCTGAATACTCAAAG,60.626,60.119,603,CTTTGAGTATTCAGAGACGCCCT
5,c_ramosa|c_omeiensis|c_asplenifolia|c_deltoidea|c_quinquesecta|c_chinensis|c_trifoliolata|c_quinquefolia|c_groenlandica|c_teeta|c_brevisepala|c_trifolia,TCTGTACTCCCTGGGATCGATAA,TCCCGAGGAAGTGCATATCTTAC,59.860,59.679,1628,GTAAGATATGCACTTCCTCGGGA
6,c_ramosa|c_omeiensis|c_asplenifolia|c_deltoidea|c_quinquesecta|c_chinensis|c_trifoliolata|c_quinquefolia|c_groenlandica|c_teeta|c_brevisepala|c_trifolia,TGTCTCTTCAACATTGCCGTATCT,ATGATGGAAGCGGGAGTTCATTT,60.323,60.626,395,AAATGAACTCCCGCTTCCATCAT
7,c_ramosa|c_omeiensis|c_asplenifolia|c_deltoidea|c_quinquesecta|c_chinensis|c_trifoliolata|c_quinquefolia|c_groenlandica|c_teeta|c_brevisepala|c_trifolia,GACGCATGAACCTCCTCTATAGA,TGGGACTTTAGAGGTGCATTCAA,59.178,59.926,675,TTGAATGCACCTCTAAAGTCCCA
8,c_ramosa|c_omeiensis|c_asplenifolia|c_deltoidea|c_quinquesecta|c_chinensis|c_trifoliolata|c_quinquefolia|c_groenlandica|c_teeta|c_brevisepala|c_trifolia,GTCATCATTGGCTGGAATCGAAAT,TAATCCCGATCCATGCAGTAACA,59.963,59.610,1892,TGTTACTGCATGGATCGGGATTA
9,c_ramosa|c_omeiensis|c_asplenifolia|c_deltoidea|c_quinquesecta|c_chinensis|c_trifoliolata|c_quinquefolia|c_groenlandica|c_teeta|c_brevisepala|c_trifolia,TCTTTCAGGCCTTTCAACCAATC,CGGGTCAGGCTCTAATTGTTCAT,59.426,60.683,679,ATGAACAATTAGAGCCTGACCCG
10,c_ramosa|c_omeiensis|c_asplenifolia|c_deltoidea|c_quinquesecta|c_chinensis|c_trifoliolata|c_quinquefolia|c_groenlandica|c_teeta|c_brevisepala|c_trifolia,GGAACCCAAGGACCATATTCTTCT,GCAATTTGTGAGGGTCGTTCTAG,60.080,59.875,542,CTAGAACGACCCTCACAAATTGC
11,c_ramosa|c_omeiensis|c_asplenifolia|c_deltoidea|c_quinquesecta|c_chinensis|c_trifoliolata|c_quinquefolia|c_groenlandica|c_teeta|c_brevisepala|c_trifolia,CGCTTCCATCATCTCTTCCAAAT,GTTGAAGGTTGGAACGAACGTATAA,59.118,59.823,913,TTATACGTTCGTTCCAACCTTCAAC
12,c_ramosa|c_omeiensis|c_asplenifolia|c_deltoidea|c_quinquesecta|c_chinensis|c_trifoliolata|c_quinquefolia|c_groenlandica|c_teeta|c_brevisepala|c_trifolia,CTAGAACGACCCTCACAAATTGC,TGCAATAAGGGCTCGATGTCATT,59.875,60.685,432,AATGACATCGAGCCCTTATTGCA
13,c_ramosa|c_omeiensis|c_asplenifolia|c_deltoidea|c_quinquesecta|c_chinensis|c_trifoliolata|c_quinquefolia|c_groenlandica|c_teeta|c_brevisepala|c_trifolia,AACTCCCGCTTCCATCATCTCTT,CGATTGGTTGAAAGGCCTGAAAG,61.708,60.612,506,CTTTCAGGCCTTTCAACCAATCG
14,c_ramosa|c_omeiensis|c_asplenifolia|c_deltoidea|c_quinquesecta|c_chinensis|c_trifoliolata|c_quinquefolia|c_groenlandica|c_teeta|c_brevisepala|c_trifolia,TTGTGGATTTCGAACTGCTATGG,CCGTTTAAGTCAACACAGCAACA,59.311,60.182,1481,TGTTGCTGTGTTGACTTAAACGG
15,c_ramosa|c_omeiensis|c_asplenifolia|c_deltoidea|c_quinquesecta|c_chinensis|c_trifoliolata|c_quinquefolia|c_groenlandica|c_teeta|c_brevisepala|c_trifolia,TTCTCTTTCAGGCCTTTCAACCA,AGTGCATATCTTACCCGGATCTT,60.373,59.096,1917,AAGATCCGGGTAAGATATGCACT
16,c_ramosa|c_omeiensis|c_asplenifolia|c_deltoidea|c_quinquesecta|c_chinensis|c_trifoliolata|c_quinquefolia|c_groenlandica|c_teeta|c_brevisepala|c_trifolia,ATCCGGGTAAGATATGCACTTCC,CCTGCCATTCTCGACGATAATTCT,59.992,60.798,352,AGAATTATCGTCGAGAATGGCAGG
17,c_ramosa|c_omeiensis|c_asplenifolia|c_deltoidea|c_quinquesecta|c_chinensis|c_trifoliolata|c_quinquefolia|c_groenlandica|c_teeta|c_brevisepala|c_trifolia,ACAACATTCTCTTTCAGGCCTTTC,AACCATAGCGCAAAGTCGTATAT,59.721,58.372,375,ATATACGACTTTGCGCTATGGTT
18,c_ramosa|c_omeiensis|c_asplenifolia|c_deltoidea|c_quinquesecta|c_chinensis|c_trifoliolata|c_quinquefolia|c_groenlandica|c_teeta|c_brevisepala|c_trifolia,TCCCAAAGTGACACATTCTCGAA,TCTGTTACCGAGCCGCCTTATT,60.181,61.795,1128,AATAAGGCGGCTCGGTAACAGA
19,c_ramosa|c_omeiensis|c_asplenifolia|c_deltoidea|c_quinquesecta|c_chinensis|c_trifoliolata|c_quinquefolia|c_groenlandica|c_teeta|c_brevisepala|c_trifolia,CCCAAGGACCATATTCTTCTCCA,TTTCGATTCCAGCCAATGATGAC,59.540,59.622,603,GTCATCATTGGCTGGAATCGAAA
20,c_ramosa|c_omeiensis|c_asplenifolia|c_deltoidea|c_quinquesecta|c_chinensis|c_trifoliolata|c_quinquefolia|c_groenlandica|c_teeta|c_brevisepala|c_trifolia,GCGTCATCATTGGCTGGAATC,CCCTACATCTCTGCAAAGCGTAA,60.002,60.679,533,TTACGCTTTGCAGAGATGTAGGG
21,c_ramosa|c_omeiensis|c_asplenifolia|c_deltoidea|c_quinquesecta|c_chinensis|c_trifoliolata|c_quinquefolia|c_groenlandica|c_teeta|c_brevisepala|c_trifolia,ATACGTTCGTTCCAACCTTCAAC,GGAAGTGCATATCTTACCCGGAT,59.504,59.992,1503,ATCCGGGTAAGATATGCACTTCC
22,c_ramosa|c_omeiensis|c_asplenifolia|c_deltoidea|c_quinquesecta|c_chinensis|c_trifoliolata|c_quinquefolia|c_groenlandica|c_teeta|c_brevisepala|c_trifolia,AAATCGTGTTACTGCATGGATCG,TGCATATCTTACCCGGATCTTCTT,59.690,59.407,1104,AAGAAGATCCGGGTAAGATATGCA
23,c_ramosa|c_omeiensis|c_asplenifolia|c_deltoidea|c_quinquesecta|c_chinensis|c_trifoliolata|c_quinquefolia|c_groenlandica|c_teeta|c_brevisepala|c_trifolia,TTACGCTTTGCAGAGATGTAGGG,TATCGATTGGTTGAAAGGCCTGA,60.679,60.055,574,TCAGGCCTTTCAACCAATCGATA
24,c_ramosa|c_omeiensis|c_asplenifolia|c_deltoidea|c_quinquesecta|c_chinensis|c_trifoliolata|c_quinquefolia|c_groenlandica|c_teeta|c_brevisepala|c_trifolia,ATTGGTGCGATCTGATCCATTAG,GGACTTTAGAGGTGCATTCAATCG,58.678,59.965,815,CGATTGAATGCACCTCTAAAGTCC
25,c_ramosa|c_omeiensis|c_asplenifolia|c_deltoidea|c_quinquesecta|c_chinensis|c_trifoliolata|c_quinquefolia|c_groenlandica|c_teeta|c_brevisepala|c_trifolia,AATGACATCGAGCCCTTATTGCA,AAGAGATGATGGAAGCGGGAGTT,60.685,61.708,252,AACTCCCGCTTCCATCATCTCTT
26,c_ramosa|c_omeiensis|c_asplenifolia|c_deltoidea|c_quinquesecta|c_chinensis|c_trifoliolata|c_quinquefolia|c_groenlandica|c_teeta|c_brevisepala|c_trifolia,CTCCCTGGGATCGATAAACCTTT,TCCAACGGATCACACCTACCAAA,59.863,61.830,1338,TTTGGTAGGTGTGATCCGTTGGA
27,c_ramosa|c_omeiensis|c_asplenifolia|c_deltoidea|c_quinquesecta|c_chinensis|c_trifoliolata|c_quinquefolia|c_groenlandica|c_teeta|c_brevisepala|c_trifolia,TCCAAAGAAATGTTGCTGTGTTGA,GGTTGAAGGTTGGAACGAACGTA,59.841,61.291,528,TACGTTCGTTCCAACCTTCAACC
28,c_ramosa|c_omeiensis|c_asplenifolia|c_deltoidea|c_quinquesecta|c_chinensis|c_trifoliolata|c_quinquefolia|c_groenlandica|c_teeta|c_brevisepala|c_trifolia,TGACGATTGAATGCACCTCTAAAG,TATATCCTGCCATTCTCGACGAT,59.369,58.983,246,ATCGTCGAGAATGGCAGGATATA
29,c_ramosa|c_omeiensis|c_asplenifolia|c_deltoidea|c_quinquesecta|c_chinensis|c_trifoliolata|c_quinquefolia|c_groenlandica|c_teeta|c_brevisepala|c_trifolia,TGGCTGGAATCGAAATATCTGCA,AGAGATACGGCAATGTTGAAGAGA,60.433,59.840,214,TCTCTTCAACATTGCCGTATCTCT
30,c_ramosa|c_omeiensis|c_asplenifolia|c_deltoidea|c_quinquesecta|c_chinensis|c_trifoliolata|c_quinquefolia|c_groenlandica|c_teeta|c_brevisepala|c_trifolia,GTACTCCCTGGGATCGATAAACC,GGTCAGGCTCTAATTGTTCATGTT,59.993,59.298,379,AACATGAACAATTAGAGCCTGACC
31,c_ramosa|c_omeiensis|c_asplenifolia|c_deltoidea|c_quinquesecta|c_chinensis|c_trifoliolata|c_quinquefolia|c_groenlandica|c_teeta|c_brevisepala|c_trifolia,GCGTTGCTAAATTTATCCCGTTTG,TAGAGGTGCATTCAATCGTCAAA,59.736,58.425,480,TTTGACGATTGAATGCACCTCTA
32,c_ramosa|c_omeiensis|c_asplenifolia|c_deltoidea|c_quinquesecta|c_chinensis|c_trifoliolata|c_quinquefolia|c_groenlandica|c_teeta|c_brevisepala|c_trifolia,AAATAGCTTATCTGAACCGCCCA,GCAGTTCGAAATCCACAAACCAT,60.118,60.305,640,ATGGTTTGTGGATTTCGAACTGC
33,c_ramosa|c_omeiensis|c_asplenifolia|c_deltoidea|c_quinquesecta|c_chinensis|c_trifoliolata|c_quinquefolia|c_groenlandica|c_teeta|c_brevisepala|c_trifolia,TCATCATTGGCTGGAATCGAAATATC,GGCGTCTCTGAATACTCAAAGTTT,59.850,59.309,1168,AAACTTTGAGTATTCAGAGACGCC
34,c_ramosa|c_omeiensis|c_asplenifolia|c_deltoidea|c_quinquesecta|c_chinensis|c_trifoliolata|c_quinquefolia|c_groenlandica|c_teeta|c_brevisepala|c_trifolia,GGAATGGTTTGTGGATTTCGAAC,CGAGAATGTGTCACTTTGGGAATT,58.765,59.784,587,AATTCCCAAAGTGACACATTCTCG
35,c_ramosa|c_omeiensis|c_asplenifolia|c_deltoidea|c_quinquesecta|c_chinensis|c_trifoliolata|c_quinquefolia|c_groenlandica|c_teeta|c_brevisepala|c_trifolia,CCAAGGACCATATTCTTCTCCAATTT,GGCTCTTCGAGAATGTGTCACTT,59.391,60.863,682,AAGTGACACATTCTCGAAGAGCC
36,c_ramosa|c_omeiensis|c_asplenifolia|c_deltoidea|c_quinquesecta|c_chinensis|c_trifoliolata|c_quinquefolia|c_groenlandica|c_teeta|c_brevisepala|c_trifolia,ACATAATGACATCGAGCCCTTATT,GTCAACACAGCAACATTTCTTTGG,58.130,59.732,650,CCAAAGAAATGTTGCTGTGTTGAC
37,c_ramosa|c_omeiensis|c_asplenifolia|c_deltoidea|c_quinquesecta|c_chinensis|c_trifoliolata|c_quinquefolia|c_groenlandica|c_teeta|c_brevisepala|c_trifolia,CTCTTCAACATTGCCGTATCTCTTT,GGCACCCTACATCTCTGCAAAG,59.647,61.261,336,CTTTGCAGAGATGTAGGGTGCC
38,c_ramosa|c_omeiensis|c_asplenifolia|c_deltoidea|c_quinquesecta|c_chinensis|c_trifoliolata|c_quinquefolia|c_groenlandica|c_teeta|c_brevisepala|c_trifolia,TGAATGAAATCAAGTGAAATGGGAATAGT,TGGGCGGTTCAGATAAGCTATTT,60.083,60.118,317,AAATAGCTTATCTGAACCGCCCA
39,c_ramosa|c_omeiensis|c_asplenifolia|c_deltoidea|c_quinquesecta|c_chinensis|c_trifoliolata|c_quinquefolia|c_groenlandica|c_teeta|c_brevisepala|c_trifolia,GACCAATCCACCTACTCGACTT,TTCTTGCTTATTTCGACGATCCC,59.504,59.131,287,GGGATCGTCGAAATAAGCAAGAA
40,c_ramosa|c_omeiensis|c_asplenifolia|c_deltoidea|c_quinquesecta|c_chinensis|c_trifoliolata|c_quinquefolia|c_groenlandica|c_teeta|c_brevisepala|c_trifolia,TGAATGCACCTCTAAAGTCCCATAT,CTGCCATTCTCGACGATAATTCTTAT,59.867,59.412,233,ATAAGAATTATCGTCGAGAATGGCAG
41,c_ramosa|c_omeiensis|c_asplenifolia|c_deltoidea|c_quinquesecta|c_chinensis|c_trifoliolata|c_quinquefolia|c_groenlandica|c_teeta|c_brevisepala|c_trifolia,GAACATTCATATTGCCCTCTGACA,ATACGGCTCTTCGAGAATGTGTC,59.116,60.489,414,GACACATTCTCGAAGAGCCGTAT
42,c_ramosa|c_omeiensis|c_asplenifolia|c_deltoidea|c_quinquesecta|c_chinensis|c_trifoliolata|c_quinquefolia|c_groenlandica|c_teeta|c_brevisepala|c_trifolia,TTTGCTCAAGTCTCGAATGAATTC,GCAGATATTTCGATTCCAGCCAAT,58.068,59.783,579,ATTGGCTGGAATCGAAATATCTGC
43,c_ramosa|c_omeiensis|c_asplenifolia|c_deltoidea|c_quinquesecta|c_chinensis|c_trifoliolata|c_quinquefolia|c_groenlandica|c_teeta|c_brevisepala|c_trifolia,GCAGAGATGTAGGGTGCCATT,CGTTTAAGTCAACACAGCAACATTT,60.134,59.485,480,AAATGTTGCTGTGTTGACTTAAACG
44,c_ramosa|c_omeiensis|c_asplenifolia|c_deltoidea|c_quinquesecta|c_chinensis|c_trifoliolata|c_quinquefolia|c_groenlandica|c_teeta|c_brevisepala|c_trifolia,GCTCAGCGCCAATCAAGAATC,GCAGGAAAGGGATAGTGTGCAA,60.268,60.880,1160,TTGCACACTATCCCTTTCCTGC
45,c_ramosa|c_omeiensis|c_asplenifolia|c_deltoidea|c_quinquesecta|c_chinensis|c_trifoliolata|c_quinquefolia|c_groenlandica|c_teeta|c_brevisepala|c_trifolia,TGGTAGAACATTCATATTGCCCTCT,GATACGGCAATGTTGAAGAGACAA,59.867,59.608,531,TTGTCTCTTCAACATTGCCGTATC
46,c_ramosa|c_omeiensis|c_asplenifolia|c_deltoidea|c_quinquesecta|c_chinensis|c_trifoliolata|c_quinquefolia|c_groenlandica|c_teeta|c_brevisepala|c_trifolia,GTAGACCAATTCGTTGACATACCC,TACACCGTTTAAGTCAACACAGC,59.430,59.443,704,GCTGTGTTGACTTAAACGGTGTA
47,c_ramosa|c_omeiensis|c_asplenifolia|c_deltoidea|c_quinquesecta|c_chinensis|c_trifoliolata|c_quinquefolia|c_groenlandica|c_teeta|c_brevisepala|c_trifolia,CGCATGAACCTCCTCTATAGAAGA,AAGTCGAGTAGGTGGATTGGTC,59.479,59.504,466,GACCAATCCACCTACTCGACTT
48,c_ramosa|c_omeiensis|c_asplenifolia|c_deltoidea|c_quinquesecta|c_chinensis|c_trifoliolata|c_quinquefolia|c_groenlandica|c_teeta|c_brevisepala|c_trifolia,ATTTATATCATTCGTGGGTGCGG,AGTTCGAAATCCACAAACCATTCC,59.249,60.022,235,GGAATGGTTTGTGGATTTCGAACT
49,c_ramosa|c_omeiensis|c_asplenifolia|c_deltoidea|c_quinquesecta|c_chinensis|c_trifoliolata|c_quinquefolia|c_groenlandica|c_teeta|c_brevisepala|c_trifolia,TTTGGTAGGTGTGATCCGTTGG,CGAGGAAGTGCATATCTTACCCG,60.551,60.857,304,CGGGTAAGATATGCACTTCCTCG
50,c_ramosa|c_omeiensis|c_asplenifolia|c_deltoidea|c_quinquesecta|c_chinensis|c_trifoliolata|c_quinquefolia|c_groenlandica|c_teeta|c_brevisepala|c_trifolia,TCGAACGAACTTCTAACACTTGT,CGACAATAATTAGCCTTGGACAGTT,58.324,59.646,282,AACTGTCCAAGGCTAATTATTGTCG
51,c_ramosa|c_omeiensis|c_asplenifolia|c_deltoidea|c_quinquesecta|c_chinensis|c_trifoliolata|c_quinquefolia|c_groenlandica|c_teeta|c_brevisepala|c_trifolia,CAATAAGGCGGCTCGGTAACA,GGGATTCTTGATTGGCGCTGAG,60.741,61.894,265,CTCAGCGCCAATCAAGAATCCC
52,c_ramosa|c_omeiensis|c_asplenifolia|c_deltoidea|c_quinquesecta|c_chinensis|c_trifoliolata|c_quinquefolia|c_groenlandica|c_teeta|c_brevisepala|c_trifolia,TCCCGAACTCTTTCTTCTGTATCG,TTCATATATCCTGCCATTCTCGAC,60.142,58.276,210,GTCGAGAATGGCAGGATATATGAA
53,c_ramosa|c_omeiensis|c_asplenifolia|c_deltoidea|c_quinquesecta|c_chinensis|c_trifoliolata|c_quinquefolia|c_groenlandica|c_teeta|c_brevisepala|c_trifolia,GAATTCCCAAAGTGACACATTCTC,AGGGCTCGATGTCATTATGTTAAT,58.296,58.130,289,ATTAACATAATGACATCGAGCCCT
54,c_ramosa|c_omeiensis|c_asplenifolia|c_deltoidea|c_quinquesecta|c_chinensis|c_trifoliolata|c_quinquefolia|c_groenlandica|c_teeta|c_brevisepala|c_trifolia,CATGAACAATTAGAGCCTGACCC,TCTATAGAGGAGGTTCATGCGTC,59.371,59.178,727,GACGCATGAACCTCCTCTATAGA
55,c_ramosa|c_omeiensis|c_asplenifolia|c_deltoidea|c_quinquesecta|c_chinensis|c_trifoliolata|c_quinquefolia|c_groenlandica|c_teeta|c_brevisepala|c_trifolia,TTCCGCTCTCAAGTCCCTGAA,ATTTGGAAGAGATGATGGAAGCG,61.102,59.118,347,CGCTTCCATCATCTCTTCCAAAT
56,c_ramosa|c_omeiensis|c_asplenifolia|c_deltoidea|c_quinquesecta|c_chinensis|c_trifoliolata|c_quinquefolia|c_groenlandica|c_teeta|c_brevisepala|c_trifolia,ACAACAACTACTAATTCATCAGCCAATAT,CCATAGCAGTTCGAAATCCACAAA,59.729,59.844,445,TTTGTGGATTTCGAACTGCTATGG
57,c_ramosa|c_omeiensis|c_asplenifolia|c_deltoidea|c_quinquesecta|c_chinensis|c_trifoliolata|c_quinquefolia|c_groenlandica|c_teeta|c_brevisepala|c_trifolia,AGATAGCAATTACGAACCAAGAAGT,CTTCGAGAATGTGTCACTTTGGG,58.593,59.813,544,CCCAAAGTGACACATTCTCGAAG
58,c_ramosa|c_omeiensis|c_asplenifolia|c_deltoidea|c_quinquesecta|c_chinensis|c_trifoliolata|c_quinquefolia|c_groenlandica|c_teeta|c_brevisepala|c_trifolia,CCGCTTCCATCATCTCTTCCA,TCGTATCGATTGGTTGAAAGGCC,59.860,61.233,507,GGCCTTTCAACCAATCGATACGA
59,c_ramosa|c_omeiensis|c_asplenifolia|c_deltoidea|c_quinquesecta|c_chinensis|c_trifoliolata|c_quinquefolia|c_groenlandica|c_teeta|c_brevisepala|c_trifolia,ATAAGGCGGCTCGGTAACAGAT,AAACGGGTTGAAGGTTGGAACG,61.604,61.837,316,CGTTCCAACCTTCAACCCGTTT
60,c_ramosa|c_omeiensis|c_asplenifolia|c_deltoidea|c_quinquesecta|c_chinensis|c_trifoliolata|c_quinquefolia|c_groenlandica|c_teeta|c_brevisepala|c_trifolia,TTGAATGCACCTCTAAAGTCCCA,TGCCATTCTCGACGATAATTCTTATTTA,59.926,59.391,233,TAAATAAGAATTATCGTCGAGAATGGCA
61,c_ramosa|c_omeiensis|c_asplenifolia|c_deltoidea|c_quinquesecta|c_chinensis|c_trifoliolata|c_quinquefolia|c_groenlandica|c_teeta|c_brevisepala|c_trifolia,ACAGAAGTGGACCAAATTAAATCTTAGG,CAAGTCCATGCCCAAGTACTTATT,59.853,59.050,850,AATAAGTACTTGGGCATGGACTTG
62,c_ramosa|c_omeiensis|c_asplenifolia|c_deltoidea|c_quinquesecta|c_chinensis|c_trifoliolata|c_quinquefolia|c_groenlandica|c_teeta|c_brevisepala|c_trifolia,ATTGTCTCTTCAACATTGCCGTA,CCGGATTCAAAGGATTAGTACACC,58.677,59.185,826,GGTGTACTAATCCTTTGAATCCGG
63,c_ramosa|c_omeiensis|c_asplenifolia|c_deltoidea|c_quinquesecta|c_chinensis|c_trifoliolata|c_quinquefolia|c_groenlandica|c_teeta|c_brevisepala|c_trifolia,CAAAGAAATGTTGCTGTGTTGACTT,CGGTGATATAACGCAGGGTCT,59.422,59.660,613,AGACCCTGCGTTATATCACCG
64,c_ramosa|c_omeiensis|c_asplenifolia|c_deltoidea|c_quinquesecta|c_chinensis|c_trifoliolata|c_quinquefolia|c_groenlandica|c_teeta|c_brevisepala|c_trifolia,TGTTATACGTTCGTTCCAACCTTC,CCGATCCATGCAGTAACACGA,59.314,60.471,422,TCGTGTTACTGCATGGATCGG
