ID,SEQUENCE_ID,PRIMER_LEFT_SEQUENCE,PRIMER_RIGHT_SEQUENCE,PRIMER_LEFT_TM,PRIMER_RIGHT_TM,LENGTH_INTERMEDIATE_SEQUENCE,REV_RIGHT_SEQUENCE
1,c_chinensis|c_quinquesecta|c_quinquefolia|c_trifolia|c_ramosa|c_omeiensis|c_groenlandica|c_asplenifolia|c_teeta|c_deltoidea|c_brevisepala|c_trifoliolata,GGTGATCTCAGATGTGCCCATAT,ACTTCGACAGGGTGCAAATATCT,59.991,60.055,290,AGATATTTGCACCCTGTCGAAGT
2,c_chinensis|c_quinquesecta|c_quinquefolia|c_trifolia|c_ramosa|c_omeiensis|c_groenlandica|c_asplenifolia|c_teeta|c_deltoidea|c_brevisepala|c_trifoliolata,TTCTGAGGAATTGGCCGTGATAT,CACCAATCGAGTCACAGGTATCT,59.864,59.869,607,AGATACCTGTGACTCGATTGGTG
3,c_chinensis|c_quinquesecta|c_quinquefolia|c_trifolia|c_ramosa|c_omeiensis|c_groenlandica|c_asplenifolia|c_teeta|c_deltoidea|c_brevisepala|c_trifoliolata,GCAACAGCCCTTCCTATCTGATA,TGAGTCACCCGTTCCATTGATAT,59.928,59.546,1746,ATATCAATGGAACGGGTGACTCA
4,c_chinensis|c_quinquesecta|c_quinquefolia|c_trifolia|c_ramosa|c_omeiensis|c_groenlandica|c_asplenifolia|c_teeta|c_deltoidea|c_brevisepala|c_trifoliolata,CCCGGTCAATTCTGTTCCACTTA,CATGCAGTACCAGACACGAGATA,60.558,59.933,532,TATCTCGTGTCTGGTACTGCATG
5,c_chinensis|c_quinquesecta|c_quinquefolia|c_trifolia|c_ramosa|c_omeiensis|c_groenlandica|c_asplenifolia|c_teeta|c_deltoidea|c_brevisepala|c_trifoliolata,TCCCTGGAGAGATGGTTCACTAA,GGCACATCTGAGATCACCAAATG,60.246,59.934,1305,CATTTGGTGATCTCAGATGTGCC
6,c_chinensis|c_quinquesecta|c_quinquefolia|c_trifolia|c_ramosa|c_omeiensis|c_groenlandica|c_asplenifolia|c_teeta|c_deltoidea|c_brevisepala|c_trifoliolata,CCGGCTAAGGAATGGGAAATCTT,CCACAACAGCTAGAGGAGGATTT,60.688,60.055,688,AAATCCTCCTCTAGCTGTTGTGG
7,c_chinensis|c_quinquesecta|c_quinquefolia|c_trifolia|c_ramosa|c_omeiensis|c_groenlandica|c_asplenifolia|c_teeta|c_deltoidea|c_brevisepala|c_trifoliolata,GTTCGCGACCCAGGATTCTATTT,GATCACCAAATGCTCGGGAGTTA,60.988,60.682,536,TAACTCCCGAGCATTTGGTGATC
8,c_chinensis|c_quinquesecta|c_quinquefolia|c_trifolia|c_ramosa|c_omeiensis|c_groenlandica|c_asplenifolia|c_teeta|c_deltoidea|c_brevisepala|c_trifoliolata,TCAATGGAACGGGTGACTCATTA,CCTTACTTCGACAGGGTGCAAATA,59.738,60.862,272,TATTTGCACCCTGTCGAAGTAAGG
9,c_chinensis|c_quinquesecta|c_quinquefolia|c_trifolia|c_ramosa|c_omeiensis|c_groenlandica|c_asplenifolia|c_teeta|c_deltoidea|c_brevisepala|c_trifoliolata,CAGCTCCGTATCAAGGTCATCAT,TGAACAACCGGGATCAGTTTACT,60.244,59.928,430,AGTAAACTGATCCCGGTTGTTCA
10,c_chinensis|c_quinquesecta|c_quinquefolia|c_trifolia|c_ramosa|c_omeiensis|c_groenlandica|c_asplenifolia|c_teeta|c_deltoidea|c_brevisepala|c_trifoliolata,GCCATATTCTAGGAGCCCAAACT,CCTTGATACGGAGCTGCTAACTA,60.181,59.682,1160,TAGTTAGCAGCTCCGTATCAAGG
11,c_chinensis|c_quinquesecta|c_quinquefolia|c_trifolia|c_ramosa|c_omeiensis|c_groenlandica|c_asplenifolia|c_teeta|c_deltoidea|c_brevisepala|c_trifoliolata,ACTGATCCCGGTTGTTCAATCAT,CTCTTTGTTTCCCGAGCCTCTAG,60.308,60.677,614,CTAGAGGCTCGGGAAACAAAGAG
12,c_chinensis|c_quinquesecta|c_quinquefolia|c_trifolia|c_ramosa|c_omeiensis|c_groenlandica|c_asplenifolia|c_teeta|c_deltoidea|c_brevisepala|c_trifoliolata,GCTCGGTCAACTGGAATGTGTAT,GCAGTACCAGACACGAGATAGAT,60.927,59.434,928,ATCTATCTCGTGTCTGGTACTGC
13,c_chinensis|c_quinquesecta|c_quinquefolia|c_trifolia|c_ramosa|c_omeiensis|c_groenlandica|c_asplenifolia|c_teeta|c_deltoidea|c_brevisepala|c_trifoliolata,TCCAAGCTCGAAGTACCATTTGT,CCATCTCTCCAGGGATTGTGAAA,60.244,60.054,544,TTTCACAATCCCTGGAGAGATGG
14,c_chinensis|c_quinquesecta|c_quinquefolia|c_trifolia|c_ramosa|c_omeiensis|c_groenlandica|c_asplenifolia|c_teeta|c_deltoidea|c_brevisepala|c_trifoliolata,AGTGCTTTCGTTGTTGTGGAATAA,TAATGAGTCACCCGTTCCATTGA,59.663,59.738,1478,TCAATGGAACGGGTGACTCATTA
15,c_chinensis|c_quinquesecta|c_quinquefolia|c_trifolia|c_ramosa|c_omeiensis|c_groenlandica|c_asplenifolia|c_teeta|c_deltoidea|c_brevisepala|c_trifoliolata,ACCTGTGACTCGATTGGTGAAAT,ATTCGATTGATTGGTCCGAGGTT,60.245,60.371,694,AACCTCGGACCAATCAATCGAAT
16,c_chinensis|c_quinquesecta|c_quinquefolia|c_trifolia|c_ramosa|c_omeiensis|c_groenlandica|c_asplenifolia|c_teeta|c_deltoidea|c_brevisepala|c_trifoliolata,CGTCATAGTTAGCAGCTCCGTAT,TGCTGGATATCTCGTTCGTACAC,60.058,60.243,1066,GTGTACGAACGAGATATCCAGCA
17,c_chinensis|c_quinquesecta|c_quinquefolia|c_trifolia|c_ramosa|c_omeiensis|c_groenlandica|c_asplenifolia|c_teeta|c_deltoidea|c_brevisepala|c_trifoliolata,AATTAGGCTCGGTCAACTGGAAT,ATGATTCGGAGTTCTTGCAGAGT,60.054,60.056,965,ACTCTGCAAGAACTCCGAATCAT
18,c_chinensis|c_quinquesecta|c_quinquefolia|c_trifolia|c_ramosa|c_omeiensis|c_groenlandica|c_asplenifolia|c_teeta|c_deltoidea|c_brevisepala|c_trifoliolata,ATCTGCAGGGTCCCAAATGAATT,GTGAACCATCTCTCCAGGGATTG,60.567,60.684,1206,CAATCCCTGGAGAGATGGTTCAC
19,c_chinensis|c_quinquesecta|c_quinquefolia|c_trifolia|c_ramosa|c_omeiensis|c_groenlandica|c_asplenifolia|c_teeta|c_deltoidea|c_brevisepala|c_trifoliolata,ACTGATGCAAGTTCTTCCCTTCT,TTTCACCAATCGAGTCACAGGTA,59.926,59.677,261,TACCTGTGACTCGATTGGTGAAA
20,c_chinensis|c_quinquesecta|c_quinquefolia|c_trifolia|c_ramosa|c_omeiensis|c_groenlandica|c_asplenifolia|c_teeta|c_deltoidea|c_brevisepala|c_trifoliolata,TGATCCCGGTTGTTCAATCATTTG,CCAAATGCTCGGGAGTTACTCTA,60.082,59.868,687,TAGAGTAACTCCCGAGCATTTGG
21,c_chinensis|c_quinquesecta|c_quinquefolia|c_trifolia|c_ramosa|c_omeiensis|c_groenlandica|c_asplenifolia|c_teeta|c_deltoidea|c_brevisepala|c_trifoliolata,AGATATTTGCACCCTGTCGAAGT,TTCATAGGTCCGAGATCCACATC,60.055,59.426,1048,GATGTGGATCTCGGACCTATGAA
22,c_chinensis|c_quinquesecta|c_quinquefolia|c_trifolia|c_ramosa|c_omeiensis|c_groenlandica|c_asplenifolia|c_teeta|c_deltoidea|c_brevisepala|c_trifoliolata,ACGAACGAGATATCCAGCAACAA,GTCCGAATGATCAACTCTGCAATC,60.368,60.261,1343,GATTGCAGAGTTGATCATTCGGAC
23,c_chinensis|c_quinquesecta|c_quinquefolia|c_trifolia|c_ramosa|c_omeiensis|c_groenlandica|c_asplenifolia|c_teeta|c_deltoidea|c_brevisepala|c_trifoliolata,TTTCACAATCCCTGGAGAGATGG,AGCGACAAACTCCTATGTTCCTT,60.054,59.992,350,AAGGAACATAGGAGTTTGTCGCT
24,c_chinensis|c_quinquesecta|c_quinquefolia|c_trifolia|c_ramosa|c_omeiensis|c_groenlandica|c_asplenifolia|c_teeta|c_deltoidea|c_brevisepala|c_trifoliolata,CCGAAATGACCTGGCCCAATAG,ATTCCACAACAACGAAAGCACTT,61.330,59.870,909,AAGTGCTTTCGTTGTTGTGGAAT
25,c_chinensis|c_quinquesecta|c_quinquefolia|c_trifolia|c_ramosa|c_omeiensis|c_groenlandica|c_asplenifolia|c_teeta|c_deltoidea|c_brevisepala|c_trifoliolata,CCTTTAGGCTTGTCATCCAGGAA,TCTTGGTTCAGTTCTCCACCTTAA,60.308,59.589,454,TTAAGGTGGAGAACTGAACCAAGA
26,c_chinensis|c_quinquesecta|c_quinquefolia|c_trifolia|c_ramosa|c_omeiensis|c_groenlandica|c_asplenifolia|c_teeta|c_deltoidea|c_brevisepala|c_trifoliolata,AAAGTGCTTTCGTTGTTGTGGAA,ACCTAGCGACAAACTCCTATGTT,60.057,59.486,494,AACATAGGAGTTTGTCGCTAGGT
27,c_chinensis|c_quinquesecta|c_quinquefolia|c_trifolia|c_ramosa|c_omeiensis|c_groenlandica|c_asplenifolia|c_teeta|c_deltoidea|c_brevisepala|c_trifoliolata,CATTGGGCCTTTCGATACAATCA,GATTGAACAACCGGGATCAGTTT,59.368,59.494,1619,AAACTGATCCCGGTTGTTCAATC
28,c_chinensis|c_quinquesecta|c_quinquefolia|c_trifolia|c_ramosa|c_omeiensis|c_groenlandica|c_asplenifolia|c_teeta|c_deltoidea|c_brevisepala|c_trifoliolata,CGGATATCTTTGCTTCGGAACAA,GCGTCGAGAATTCTTTGCAGATC,59.379,60.543,840,GATCTGCAAAGAATTCTCGACGC
29,c_chinensis|c_quinquesecta|c_quinquefolia|c_trifolia|c_ramosa|c_omeiensis|c_groenlandica|c_asplenifolia|c_teeta|c_deltoidea|c_brevisepala|c_trifoliolata,CAATCCCTGGAGAGATGGTTCAC,TGATACGGAGCTGCTAACTATGA,60.684,58.858,204,TCATAGTTAGCAGCTCCGTATCA
30,c_chinensis|c_quinquesecta|c_quinquefolia|c_trifolia|c_ramosa|c_omeiensis|c_groenlandica|c_asplenifolia|c_teeta|c_deltoidea|c_brevisepala|c_trifoliolata,TAGAGTAACTCCCGAGCATTTGG,TGCCGATACTAAGTAGCAGTCAAA,59.868,59.841,253,TTTGACTGCTACTTAGTATCGGCA
31,c_chinensis|c_quinquesecta|c_quinquefolia|c_trifolia|c_ramosa|c_omeiensis|c_groenlandica|c_asplenifolia|c_teeta|c_deltoidea|c_brevisepala|c_trifoliolata,CGAAGAAGCAATGTCACTCGATC,GGAGCTGCTAACTATGACGAATG,60.000,59.262,969,CATTCGTCATAGTTAGCAGCTCC
32,c_chinensis|c_quinquesecta|c_quinquefolia|c_trifolia|c_ramosa|c_omeiensis|c_groenlandica|c_asplenifolia|c_teeta|c_deltoidea|c_brevisepala|c_trifoliolata,CCGGTCAATTCTGTTCCACTTAATC,TCACATAGTTTGGGCTCCTAGAA,60.164,58.899,708,TTCTAGGAGCCCAAACTATGTGA
33,c_chinensis|c_quinquesecta|c_quinquefolia|c_trifolia|c_ramosa|c_omeiensis|c_groenlandica|c_asplenifolia|c_teeta|c_deltoidea|c_brevisepala|c_trifoliolata,CAATGGAACGGGTGACTCATTATTT,ACGGCAGATGTATAGAACCTTTCA,59.875,59.838,358,TGAAAGGTTCTATACATCTGCCGT
34,c_chinensis|c_quinquesecta|c_quinquefolia|c_trifolia|c_ramosa|c_omeiensis|c_groenlandica|c_asplenifolia|c_teeta|c_deltoidea|c_brevisepala|c_trifoliolata,CATTTCATCGGACATGCGTATTT,TGATTGTATCGAAAGGCCCAATG,58.152,59.368,913,CATTGGGCCTTTCGATACAATCA
35,c_chinensis|c_quinquesecta|c_quinquefolia|c_trifolia|c_ramosa|c_omeiensis|c_groenlandica|c_asplenifolia|c_teeta|c_deltoidea|c_brevisepala|c_trifoliolata,GTGCTACAAGATCTCGTGCATTG,TCTCTCCAGGGATTGTGAAAGAT,60.242,58.893,266,ATCTTTCACAATCCCTGGAGAGA
36,c_chinensis|c_quinquesecta|c_quinquefolia|c_trifolia|c_ramosa|c_omeiensis|c_groenlandica|c_asplenifolia|c_teeta|c_deltoidea|c_brevisepala|c_trifoliolata,ATTTGCACCCTGTCGAAGTAAGG,CCATTCATAGGTCCGAGATCCAC,61.118,60.306,1047,GTGGATCTCGGACCTATGAATGG
37,c_chinensis|c_quinquesecta|c_quinquefolia|c_trifolia|c_ramosa|c_omeiensis|c_groenlandica|c_asplenifolia|c_teeta|c_deltoidea|c_brevisepala|c_trifoliolata,TCTCTGGCGATGAATCAACAATT,ACAAATGGTACTTCGAGCTTGGA,58.736,60.244,869,TCCAAGCTCGAAGTACCATTTGT
38,c_chinensis|c_quinquesecta|c_quinquefolia|c_trifolia|c_ramosa|c_omeiensis|c_groenlandica|c_asplenifolia|c_teeta|c_deltoidea|c_brevisepala|c_trifoliolata,CCCTGGAGAGATGGTTCACTAATAG,GGTTCAGTTCTCCACCTTAACGA,59.988,60.244,722,TCGTTAAGGTGGAGAACTGAACC
39,c_chinensis|c_quinquesecta|c_quinquefolia|c_trifolia|c_ramosa|c_omeiensis|c_groenlandica|c_asplenifolia|c_teeta|c_deltoidea|c_brevisepala|c_trifoliolata,TCGTTAAGGTGGAGAACTGAACC,TGTTGCTGGATATCTCGTTCGTA,60.244,59.621,545,TACGAACGAGATATCCAGCAACA
40,c_chinensis|c_quinquesecta|c_quinquefolia|c_trifolia|c_ramosa|c_omeiensis|c_groenlandica|c_asplenifolia|c_teeta|c_deltoidea|c_brevisepala|c_trifoliolata,CGTTCCAAGCTCGAAGTACCATT,TCACCCTTCCATTCGAATTAGCA,61.168,60.055,662,TGCTAATTCGAATGGAAGGGTGA
41,c_chinensis|c_quinquesecta|c_quinquefolia|c_trifolia|c_ramosa|c_omeiensis|c_groenlandica|c_asplenifolia|c_teeta|c_deltoidea|c_brevisepala|c_trifoliolata,CCTCTTGGTCGTGAATATCTGAAT,CCGATGAAATGGTGGTTGCTATC,58.394,59.996,237,GATAGCAACCACCATTTCATCGG
42,c_chinensis|c_quinquesecta|c_quinquefolia|c_trifolia|c_ramosa|c_omeiensis|c_groenlandica|c_asplenifolia|c_teeta|c_deltoidea|c_brevisepala|c_trifoliolata,TCGAAGTAAGGAACCATGGCATAT,TGAAAGGTCCGAATGATCAACTCT,59.897,60.020,1002,AGAGTTGATCATTCGGACCTTTCA
43,c_chinensis|c_quinquesecta|c_quinquefolia|c_trifolia|c_ramosa|c_omeiensis|c_groenlandica|c_asplenifolia|c_teeta|c_deltoidea|c_brevisepala|c_trifoliolata,TAGAATTAGGCTCGGTCAACTGG,CTCCTAGAATATGGCACCCTTGT,59.868,59.607,1103,ACAAGGGTGCCATATTCTAGGAG
44,c_chinensis|c_quinquesecta|c_quinquefolia|c_trifolia|c_ramosa|c_omeiensis|c_groenlandica|c_asplenifolia|c_teeta|c_deltoidea|c_brevisepala|c_trifoliolata,TAGCAGCTCCGTATCAAGGTCAT,CGAAATAATGAGTCACCCGTTCC,61.256,59.691,1152,GGAACGGGTGACTCATTATTTCG
45,c_chinensis|c_quinquesecta|c_quinquefolia|c_trifolia|c_ramosa|c_omeiensis|c_groenlandica|c_asplenifolia|c_teeta|c_deltoidea|c_brevisepala|c_trifoliolata,TATCTCGTGTCTGGTACTGCATG,GATCGAGTGACATTGCTTCTTCG,59.933,60.000,376,CGAAGAAGCAATGTCACTCGATC
46,c_chinensis|c_quinquesecta|c_quinquefolia|c_trifolia|c_ramosa|c_omeiensis|c_groenlandica|c_asplenifolia|c_teeta|c_deltoidea|c_brevisepala|c_trifoliolata,GTAACTCCCGAGCATTTGGTGAT,CGATTGATTGGTCCGAGGTTGTC,60.931,61.771,1440,GACAACCTCGGACCAATCAATCG
47,c_chinensis|c_quinquesecta|c_quinquefolia|c_trifolia|c_ramosa|c_omeiensis|c_groenlandica|c_asplenifolia|c_teeta|c_deltoidea|c_brevisepala|c_trifoliolata,CTCCGTATCAAGGTCATCATCGA,AATGATTGAACAACCGGGATCAG,59.747,59.304,433,CTGATCCCGGTTGTTCAATCATT
48,c_chinensis|c_quinquesecta|c_quinquefolia|c_trifolia|c_ramosa|c_omeiensis|c_groenlandica|c_asplenifolia|c_teeta|c_deltoidea|c_brevisepala|c_trifoliolata,GATAGCAACCACCATTTCATCGG,TGTATCGAAAGGCCCAATGAATT,59.996,58.723,921,AATTCATTGGGCCTTTCGATACA
49,c_chinensis|c_quinquesecta|c_quinquefolia|c_trifolia|c_ramosa|c_omeiensis|c_groenlandica|c_asplenifolia|c_teeta|c_deltoidea|c_brevisepala|c_trifoliolata,AAATCCTCCTCTAGCTGTTGTGG,ACAATTCGATCCGCTCTTCATAAA,60.055,58.884,608,TTTATGAAGAGCGGATCGAATTGT
50,c_chinensis|c_quinquesecta|c_quinquefolia|c_trifolia|c_ramosa|c_omeiensis|c_groenlandica|c_asplenifolia|c_teeta|c_deltoidea|c_brevisepala|c_trifoliolata,AGGAGTTTGTCGCTAGGTATTTGA,CCGGGATCAGTTTACTTACGATACT,59.778,59.991,283,AGTATCGTAAGTAAACTGATCCCGG
51,c_chinensis|c_quinquesecta|c_quinquefolia|c_trifolia|c_ramosa|c_omeiensis|c_groenlandica|c_asplenifolia|c_teeta|c_deltoidea|c_brevisepala|c_trifoliolata,CTAGAGGCTCGGGAAACAAAGAG,ACCAATCGAGTCACAGGTATCTAAC,60.677,60.164,846,GTTAGATACCTGTGACTCGATTGGT
52,c_chinensis|c_quinquesecta|c_quinquefolia|c_trifolia|c_ramosa|c_omeiensis|c_groenlandica|c_asplenifolia|c_teeta|c_deltoidea|c_brevisepala|c_trifoliolata,GCATCTTTCACAATCCCTGGAGA,TGACCTTGATACGGAGCTGCTAA,60.623,61.441,220,TTAGCAGCTCCGTATCAAGGTCA
53,c_chinensis|c_quinquesecta|c_quinquefolia|c_trifolia|c_ramosa|c_omeiensis|c_groenlandica|c_asplenifolia|c_teeta|c_deltoidea|c_brevisepala|c_trifoliolata,ACAAGGGTGCCATATTCTAGGAG,TCCCTCGGTCTATTAGTGAACCA,59.607,60.309,999,TGGTTCACTAATAGACCGAGGGA
54,c_chinensis|c_quinquesecta|c_quinquefolia|c_trifolia|c_ramosa|c_omeiensis|c_groenlandica|c_asplenifolia|c_teeta|c_deltoidea|c_brevisepala|c_trifoliolata,TGAAGAGCGGATCGAATTGTATT,GATGATGACCTTGATACGGAGCT,58.307,59.994,545,AGCTCCGTATCAAGGTCATCATC
55,c_chinensis|c_quinquesecta|c_quinquefolia|c_trifolia|c_ramosa|c_omeiensis|c_groenlandica|c_asplenifolia|c_teeta|c_deltoidea|c_brevisepala|c_trifoliolata,TAGTTAGCAGCTCCGTATCAAGG,CAACCGGGATCAGTTTACTTACG,59.682,59.385,433,CGTAAGTAAACTGATCCCGGTTG
56,c_chinensis|c_quinquesecta|c_quinquefolia|c_trifolia|c_ramosa|c_omeiensis|c_groenlandica|c_asplenifolia|c_teeta|c_deltoidea|c_brevisepala|c_trifoliolata,AATTCATTGGGCCTTTCGATACA,GGGATTGTGAAAGATGCTCCACTA,58.723,60.626,1006,TAGTGGAGCATCTTTCACAATCCC
57,c_chinensis|c_quinquesecta|c_quinquefolia|c_trifolia|c_ramosa|c_omeiensis|c_groenlandica|c_asplenifolia|c_teeta|c_deltoidea|c_brevisepala|c_trifoliolata,GCAACCACCATTTCATCGGACAT,GGGTTCCAATGCACGAGATCTT,61.985,60.941,1671,AAGATCTCGTGCATTGGAACCC
58,c_chinensis|c_quinquesecta|c_quinquefolia|c_trifolia|c_ramosa|c_omeiensis|c_groenlandica|c_asplenifolia|c_teeta|c_deltoidea|c_brevisepala|c_trifoliolata,TGGGCCTTTCGATACAATCAAAT,CTCCAGGGATTGTGAAAGATGCT,58.723,60.624,1004,AGCATCTTTCACAATCCCTGGAG
59,c_chinensis|c_quinquesecta|c_quinquefolia|c_trifolia|c_ramosa|c_omeiensis|c_groenlandica|c_asplenifolia|c_teeta|c_deltoidea|c_brevisepala|c_trifoliolata,AGCACTATCTCGTTGAAAGGTTCT,AGACATTTCTGGAACACCTCTAACA,60.021,59.928,265,TGTTAGAGGTGTTCCAGAAATGTCT
60,c_chinensis|c_quinquesecta|c_quinquefolia|c_trifolia|c_ramosa|c_omeiensis|c_groenlandica|c_asplenifolia|c_teeta|c_deltoidea|c_brevisepala|c_trifoliolata,TGCAAGTTCTTCCCTTCTGAATCA,TCCACATCACTTCTGGTTCTATTGT,60.446,59.987,432,ACAATAGAACCAGAAGTGATGTGGA
61,c_chinensis|c_quinquesecta|c_quinquefolia|c_trifolia|c_ramosa|c_omeiensis|c_groenlandica|c_asplenifolia|c_teeta|c_deltoidea|c_brevisepala|c_trifoliolata,TCCCTCTTTCATAGCCACATATCT,TCAATCACATAGTTTGGGCTCCT,58.842,59.733,689,AGGAGCCCAAACTATGTGATTGA
62,c_chinensis|c_quinquesecta|c_quinquefolia|c_trifolia|c_ramosa|c_omeiensis|c_groenlandica|c_asplenifolia|c_teeta|c_deltoidea|c_brevisepala|c_trifoliolata,GACCACCACCCAATAGCATGTT,TCCTTCTTCTTGTTGCTGGATATCT,60.884,59.809,276,AGATATCCAGCAACAAGAAGAAGGA
63,c_chinensis|c_quinquesecta|c_quinquefolia|c_trifolia|c_ramosa|c_omeiensis|c_groenlandica|c_asplenifolia|c_teeta|c_deltoidea|c_brevisepala|c_trifoliolata,TGTGGATCTCGGACCTATGAATG,TCGGGATCCTGATGCATATAGAT,59.678,58.449,263,ATCTATATGCATCAGGATCCCGA
64,c_chinensis|c_quinquesecta|c_quinquefolia|c_trifolia|c_ramosa|c_omeiensis|c_groenlandica|c_asplenifolia|c_teeta|c_deltoidea|c_brevisepala|c_trifoliolata,ATATCAATGGAACGGGTGACTCA,CTTCGACAGGGTGCAAATATCTAAA,59.546,59.415,270,TTTAGATATTTGCACCCTGTCGAAG
