ID,SEQUENCE_ID,PRIMER_LEFT_SEQUENCE,PRIMER_RIGHT_SEQUENCE,PRIMER_LEFT_TM,PRIMER_RIGHT_TM,LENGTH_INTERMEDIATE_SEQUENCE,REV_RIGHT_SEQUENCE
1,c_ramosa|c_omeiensis|c_asplenifolia|c_deltoidea|c_quinquesecta|c_chinensis|c_trifoliolata|c_quinquefolia|c_groenlandica|c_teeta|c_brevisepala|c_trifolia,GGTTAAAGCGCCCAACTCATAAT,TCCTCTGGCATTACGACCTTTAC,59.620,60.119,658,GTAAAGGTCGTAATGCCAGAGGA
2,c_ramosa|c_omeiensis|c_asplenifolia|c_deltoidea|c_quinquesecta|c_chinensis|c_trifoliolata|c_quinquefolia|c_groenlandica|c_teeta|c_brevisepala|c_trifolia,ACCTCGGACCAATCAATCGAATA,AACAAGGAGCTGGGTCAACTATT,59.613,59.925,1585,AATAGTTGACCCAGCTCCTTGTT
3,c_ramosa|c_omeiensis|c_asplenifolia|c_deltoidea|c_quinquesecta|c_chinensis|c_trifoliolata|c_quinquefolia|c_groenlandica|c_teeta|c_brevisepala|c_trifolia,AATAGCCGGGACATTGAGGAATC,TCGGAGGAAGAAGCGAAACATAA,60.497,60.056,672,TTATGTTTCGCTTCTTCCTCCGA
4,c_ramosa|c_omeiensis|c_asplenifolia|c_deltoidea|c_quinquesecta|c_chinensis|c_trifoliolata|c_quinquefolia|c_groenlandica|c_teeta|c_brevisepala|c_trifolia,CATTACGCTTCAACCGGGTTATT,CTCTGTCGGTGCTTCAAACAATT,59.624,59.996,695,AATTGTTTGAAGCACCGACAGAG
5,c_ramosa|c_omeiensis|c_asplenifolia|c_deltoidea|c_quinquesecta|c_chinensis|c_trifoliolata|c_quinquefolia|c_groenlandica|c_teeta|c_brevisepala|c_trifolia,TTGCTTGTTGAACCCTGTGAATC,ACGACGCTGTCCATAGATCAAAT,59.932,60.181,926,ATTTGATCTATGGACAGCGTCGT
6,c_ramosa|c_omeiensis|c_asplenifolia|c_deltoidea|c_quinquesecta|c_chinensis|c_trifoliolata|c_quinquefolia|c_groenlandica|c_teeta|c_brevisepala|c_trifolia,CTTCCTCCGAGAAAGACGATCAA,GTGAATAACCCGTCCTCCTCTTT,60.119,60.055,1999,AAAGAGGAGGACGGGTTATTCAC
7,c_ramosa|c_omeiensis|c_asplenifolia|c_deltoidea|c_quinquesecta|c_chinensis|c_trifoliolata|c_quinquefolia|c_groenlandica|c_teeta|c_brevisepala|c_trifolia,TCTCAATTCCAGCTACGGTTTCA,CGCCTCTGACCATCAAATGAAAT,59.992,59.621,1906,ATTTCATTTGATGGTCAGAGGCG
8,c_ramosa|c_omeiensis|c_asplenifolia|c_deltoidea|c_quinquesecta|c_chinensis|c_trifoliolata|c_quinquefolia|c_groenlandica|c_teeta|c_brevisepala|c_trifolia,ACGCTTCAACCGGGTTATTCTAT,CCGTTCCTTCATCTGGCTTATGT,60.119,60.683,911,ACATAAGCCAGATGAAGGAACGG
9,c_ramosa|c_omeiensis|c_asplenifolia|c_deltoidea|c_quinquesecta|c_chinensis|c_trifoliolata|c_quinquefolia|c_groenlandica|c_teeta|c_brevisepala|c_trifolia,CTGTCCATATCCGGTTCATCCTT,GATTCCTCAATGTCCCGGCTATT,59.928,60.497,356,AATAGCCGGGACATTGAGGAATC
10,c_ramosa|c_omeiensis|c_asplenifolia|c_deltoidea|c_quinquesecta|c_chinensis|c_trifoliolata|c_quinquefolia|c_groenlandica|c_teeta|c_brevisepala|c_trifolia,GGTCGTAATGCCAGAGGAATCAT,ATTCGCCTCTGACCATCAAATGA,60.495,60.371,576,TCATTTGATGGTCAGAGGCGAAT
11,c_ramosa|c_omeiensis|c_asplenifolia|c_deltoidea|c_quinquesecta|c_chinensis|c_trifoliolata|c_quinquefolia|c_groenlandica|c_teeta|c_brevisepala|c_trifolia,TGGAAGATACAGGAGCGAAACAA,TTCACAGGGTTCAACAAGCAATC,59.992,59.932,235,GATTGCTTGTTGAACCCTGTGAA
12,c_ramosa|c_omeiensis|c_asplenifolia|c_deltoidea|c_quinquesecta|c_chinensis|c_trifoliolata|c_quinquefolia|c_groenlandica|c_teeta|c_brevisepala|c_trifolia,AGCATTGGGTCGAACTCTTCTTT,CCTCTATGCCTTGCGGTAATGAT,60.497,60.558,352,ATCATTACCGCAAGGCATAGAGG
13,c_ramosa|c_omeiensis|c_asplenifolia|c_deltoidea|c_quinquesecta|c_chinensis|c_trifoliolata|c_quinquefolia|c_groenlandica|c_teeta|c_brevisepala|c_trifolia,AATAGTTGACCCAGCTCCTTGTT,AGGTTGATTGTTTCGCTCCTGTA,59.925,60.244,477,TACAGGAGCGAAACAATCAACCT
14,c_ramosa|c_omeiensis|c_asplenifolia|c_deltoidea|c_quinquesecta|c_chinensis|c_trifoliolata|c_quinquefolia|c_groenlandica|c_teeta|c_brevisepala|c_trifolia,CGGCAGTCAAGTGAAATCCAATC,TTCAATTCGCCTCTGACCATCAA,60.427,60.559,644,TTGATGGTCAGAGGCGAATTGAA
15,c_ramosa|c_omeiensis|c_asplenifolia|c_deltoidea|c_quinquesecta|c_chinensis|c_trifoliolata|c_quinquefolia|c_groenlandica|c_teeta|c_brevisepala|c_trifolia,AGGAGGACGGGTTATTCACATTT,TCTGCCGAATCACTCATGTTATG,59.734,58.878,239,CATAACATGAGTGATTCGGCAGA
16,c_ramosa|c_omeiensis|c_asplenifolia|c_deltoidea|c_quinquesecta|c_chinensis|c_trifoliolata|c_quinquefolia|c_groenlandica|c_teeta|c_brevisepala|c_trifolia,CCAGCTCCTTGTTGTTTGAAGAA,CAGGGTTCAACAAGCAATCGATAT,59.619,59.664,668,ATATCGATTGCTTGTTGAACCCTG
17,c_ramosa|c_omeiensis|c_asplenifolia|c_deltoidea|c_quinquesecta|c_chinensis|c_trifoliolata|c_quinquefolia|c_groenlandica|c_teeta|c_brevisepala|c_trifolia,AGGATTCGAACCCAGATGAAGTT,TCGGGACAGCTATTCGAAATCTT,59.736,59.868,771,AAGATTTCGAATAGCTGTCCCGA
18,c_ramosa|c_omeiensis|c_asplenifolia|c_deltoidea|c_quinquesecta|c_chinensis|c_trifoliolata|c_quinquefolia|c_groenlandica|c_teeta|c_brevisepala|c_trifolia,TCGAATAGCTGTCCCGAATTCAA,GAAGAGTTCGACCCAATGCTTTA,60.119,58.999,1199,TAAAGCATTGGGTCGAACTCTTC
19,c_ramosa|c_omeiensis|c_asplenifolia|c_deltoidea|c_quinquesecta|c_chinensis|c_trifoliolata|c_quinquefolia|c_groenlandica|c_teeta|c_brevisepala|c_trifolia,GGGAGGTCATAAGCGTCTATACC,AATCACTTGCTGCCGTTACTCTT,59.807,60.807,378,AAGAGTAACGGCAGCAAGTGATT
20,c_ramosa|c_omeiensis|c_asplenifolia|c_deltoidea|c_quinquesecta|c_chinensis|c_trifoliolata|c_quinquefolia|c_groenlandica|c_teeta|c_brevisepala|c_trifolia,CATTTGATGGTCAGAGGCGAATT,CCCAAACTGTACAAGCTTCTTCC,59.621,59.747,342,GGAAGAAGCTTGTACAGTTTGGG
21,c_ramosa|c_omeiensis|c_asplenifolia|c_deltoidea|c_quinquesecta|c_chinensis|c_trifoliolata|c_quinquefolia|c_groenlandica|c_teeta|c_brevisepala|c_trifolia,CCTCCGAGAAAGACGATCAAACA,CTATGCCTTGCGGTAATGATTCC,60.614,59.811,1484,GGAATCATTACCGCAAGGCATAG
22,c_ramosa|c_omeiensis|c_asplenifolia|c_deltoidea|c_quinquesecta|c_chinensis|c_trifoliolata|c_quinquefolia|c_groenlandica|c_teeta|c_brevisepala|c_trifolia,ACAGGAGCGAAACAATCAACCTA,CCGTGGGATCTTTCACTCACATT,60.244,60.870,318,AATGTGAGTGAAAGATCCCACGG
23,c_ramosa|c_omeiensis|c_asplenifolia|c_deltoidea|c_quinquesecta|c_chinensis|c_trifoliolata|c_quinquefolia|c_groenlandica|c_teeta|c_brevisepala|c_trifolia,GTCGTTGTGGTAAAGGTCGTAATG,GCTTAGCTTTCAATTCGCCTCTG,60.143,60.487,602,CAGAGGCGAATTGAAAGCTAAGC
24,c_ramosa|c_omeiensis|c_asplenifolia|c_deltoidea|c_quinquesecta|c_chinensis|c_trifoliolata|c_quinquefolia|c_groenlandica|c_teeta|c_brevisepala|c_trifolia,ACGTCTATTGGAATTGGCTCTGT,GGTCCCATTCTTCTACCCTTTCC,60.055,60.372,336,GGAAAGGGTAGAAGAATGGGACC
25,c_ramosa|c_omeiensis|c_asplenifolia|c_deltoidea|c_quinquesecta|c_chinensis|c_trifoliolata|c_quinquefolia|c_groenlandica|c_teeta|c_brevisepala|c_trifolia,AAAGGTCGTAATGCCAGAGGAAT,AATGTGAATAACCCGTCCTCCTC,60.054,60.118,556,GAGGAGGACGGGTTATTCACATT
26,c_ramosa|c_omeiensis|c_asplenifolia|c_deltoidea|c_quinquesecta|c_chinensis|c_trifoliolata|c_quinquefolia|c_groenlandica|c_teeta|c_brevisepala|c_trifolia,CCCAAGTACTCTCTTTCGGATCC,GGCATTACGACCTTTACCACAAC,60.181,60.120,1216,GTTGTGGTAAAGGTCGTAATGCC
27,c_ramosa|c_omeiensis|c_asplenifolia|c_deltoidea|c_quinquesecta|c_chinensis|c_trifoliolata|c_quinquefolia|c_groenlandica|c_teeta|c_brevisepala|c_trifolia,GATGGTCAGAGGCGAATTGAAAG,CCTTCCCAAACTGTACAAGCTTC,59.935,59.747,341,GAAGCTTGTACAGTTTGGGAAGG
28,c_ramosa|c_omeiensis|c_asplenifolia|c_deltoidea|c_quinquesecta|c_chinensis|c_trifoliolata|c_quinquefolia|c_groenlandica|c_teeta|c_brevisepala|c_trifolia,GACCCAGCTCCTTGTTGTTTGAA,TGAAACCGTAGCTGGAATTGAGA,61.497,59.992,279,TCTCAATTCCAGCTACGGTTTCA
29,c_ramosa|c_omeiensis|c_asplenifolia|c_deltoidea|c_quinquesecta|c_chinensis|c_trifoliolata|c_quinquefolia|c_groenlandica|c_teeta|c_brevisepala|c_trifolia,ACCAACCACACATTGTCTAACCA,AAGGAGCTGGGTCAACTATTCAA,60.372,59.669,220,TTGAATAGTTGACCCAGCTCCTT
30,c_ramosa|c_omeiensis|c_asplenifolia|c_deltoidea|c_quinquesecta|c_chinensis|c_trifoliolata|c_quinquefolia|c_groenlandica|c_teeta|c_brevisepala|c_trifolia,AATCCGATTCGTGCGTATTCTTC,CCGAAAGAGAGTACTTGGGTTCT,59.510,59.741,556,AGAACCCAAGTACTCTCTTTCGG
31,c_ramosa|c_omeiensis|c_asplenifolia|c_deltoidea|c_quinquesecta|c_chinensis|c_trifoliolata|c_quinquefolia|c_groenlandica|c_teeta|c_brevisepala|c_trifolia,TTGAATAGTTGACCCAGCTCCTT,AACCGTAGCTGGAATTGAGATCT,59.669,59.547,286,AGATCTCAATTCCAGCTACGGTT
32,c_ramosa|c_omeiensis|c_asplenifolia|c_deltoidea|c_quinquesecta|c_chinensis|c_trifoliolata|c_quinquefolia|c_groenlandica|c_teeta|c_brevisepala|c_trifolia,TGTGAATCGCGTGAAAGTAGGAT,CACAACGACGCTGTCCATAGAT,60.368,60.735,915,ATCTATGGACAGCGTCGTTGTG
33,c_ramosa|c_omeiensis|c_asplenifolia|c_deltoidea|c_quinquesecta|c_chinensis|c_trifoliolata|c_quinquefolia|c_groenlandica|c_teeta|c_brevisepala|c_trifolia,TCTATCTCTGTTCGTTCCGTTTGA,ACTTGAATTCGGGACAGCTATTC,59.783,58.808,592,GAATAGCTGTCCCGAATTCAAGT
34,c_ramosa|c_omeiensis|c_asplenifolia|c_deltoidea|c_quinquesecta|c_chinensis|c_trifoliolata|c_quinquefolia|c_groenlandica|c_teeta|c_brevisepala|c_trifolia,AGCTGTCCCGAATTCAAGTTAAT,TGTTTCGCTCCTGTATCTTCCAA,58.410,59.992,357,TTGGAAGATACAGGAGCGAAACA
35,c_ramosa|c_omeiensis|c_asplenifolia|c_deltoidea|c_quinquesecta|c_chinensis|c_trifoliolata|c_quinquefolia|c_groenlandica|c_teeta|c_brevisepala|c_trifolia,TGGTAAAGGTCGTAATGCCAGAG,ACCACTGCTTAGCTTTCAATTCG,60.369,59.811,601,CGAATTGAAAGCTAAGCAGTGGT
36,c_ramosa|c_omeiensis|c_asplenifolia|c_deltoidea|c_quinquesecta|c_chinensis|c_trifoliolata|c_quinquefolia|c_groenlandica|c_teeta|c_brevisepala|c_trifolia,GATTCATGGATCTCTCGGTTCGA,AGCCGGATCTGGTGTATCATAAG,59.995,59.741,408,CTTATGATACACCAGATCCGGCT
37,c_ramosa|c_omeiensis|c_asplenifolia|c_deltoidea|c_quinquesecta|c_chinensis|c_trifoliolata|c_quinquefolia|c_groenlandica|c_teeta|c_brevisepala|c_trifolia,ATTGGGTCGAACTCTTCTTTGGT,GATTCCTCTGGCATTACGACCTT,60.181,60.432,329,AAGGTCGTAATGCCAGAGGAATC
38,c_ramosa|c_omeiensis|c_asplenifolia|c_deltoidea|c_quinquesecta|c_chinensis|c_trifoliolata|c_quinquefolia|c_groenlandica|c_teeta|c_brevisepala|c_trifolia,GTTGACCCAGCTCCTTGTTGTTT,GATTCCGTGGGATCTTTCACTCA,61.747,60.369,773,TGAGTGAAAGATCCCACGGAATC
39,c_ramosa|c_omeiensis|c_asplenifolia|c_deltoidea|c_quinquesecta|c_chinensis|c_trifoliolata|c_quinquefolia|c_groenlandica|c_teeta|c_brevisepala|c_trifolia,CAGTAGGATTCGAACCCAGATGA,TTTCTCGGAGGAAGAAGCGAAAC,59.615,61.106,813,GTTTCGCTTCTTCCTCCGAGAAA
40,c_ramosa|c_omeiensis|c_asplenifolia|c_deltoidea|c_quinquesecta|c_chinensis|c_trifoliolata|c_quinquefolia|c_groenlandica|c_teeta|c_brevisepala|c_trifolia,CCCTGTGAATCGCGTGAAAGTA,ATTATGAGTTGGGCGCTTTAACC,60.929,59.620,306,GGTTAAAGCGCCCAACTCATAAT
41,c_ramosa|c_omeiensis|c_asplenifolia|c_deltoidea|c_quinquesecta|c_chinensis|c_trifoliolata|c_quinquefolia|c_groenlandica|c_teeta|c_brevisepala|c_trifolia,TTCCTGCTTCATTGATTCCTCCT,AGAGTTCGACCCAATGCTTTATTT,59.732,58.990,443,AAATAAAGCATTGGGTCGAACTCT
42,c_ramosa|c_omeiensis|c_asplenifolia|c_deltoidea|c_quinquesecta|c_chinensis|c_trifoliolata|c_quinquefolia|c_groenlandica|c_teeta|c_brevisepala|c_trifolia,CCGGGTTATTCTATTCCACCTCTT,CCCTCTATGCCTTGCGGTAAT,59.897,59.928,219,ATTACCGCAAGGCATAGAGGG
43,c_ramosa|c_omeiensis|c_asplenifolia|c_deltoidea|c_quinquesecta|c_chinensis|c_trifoliolata|c_quinquefolia|c_groenlandica|c_teeta|c_brevisepala|c_trifolia,GTTTCGCTTCTTCCTCCGAGAA,AGGAGGAATCAATGAAGCAGGAA,60.610,59.732,745,TTCCTGCTTCATTGATTCCTCCT
44,c_ramosa|c_omeiensis|c_asplenifolia|c_deltoidea|c_quinquesecta|c_chinensis|c_trifoliolata|c_quinquefolia|c_groenlandica|c_teeta|c_brevisepala|c_trifolia,AAGAGTAACGGCAGCAAGTGATT,ACGGCTTTCTGGATGTATATGATGA,60.807,59.988,470,TCATCATATACATCCAGAAAGCCGT
45,c_ramosa|c_omeiensis|c_asplenifolia|c_deltoidea|c_quinquesecta|c_chinensis|c_trifoliolata|c_quinquefolia|c_groenlandica|c_teeta|c_brevisepala|c_trifolia,TCGGATCCATGAAACAACTCTCA,ATTCGTGGACCAAATTCGATTCC,59.739,59.623,387,GGAATCGAATTTGGTCCACGAAT
46,c_ramosa|c_omeiensis|c_asplenifolia|c_deltoidea|c_quinquesecta|c_chinensis|c_trifoliolata|c_quinquefolia|c_groenlandica|c_teeta|c_brevisepala|c_trifolia,TCCGAGAAAGACGATCAAACAATTC,GTTGATTGTTTCGCTCCTGTATCT,59.880,59.368,323,AGATACAGGAGCGAAACAATCAAC
47,c_ramosa|c_omeiensis|c_asplenifolia|c_deltoidea|c_quinquesecta|c_chinensis|c_trifoliolata|c_quinquefolia|c_groenlandica|c_teeta|c_brevisepala|c_trifolia,GACAACCTCGGACCAATCAATC,GGAACGTGAGAAGCAGATGAATAA,59.322,59.130,1048,TTATTCATCTGCTTCTCACGTTCC
48,c_ramosa|c_omeiensis|c_asplenifolia|c_deltoidea|c_quinquesecta|c_chinensis|c_trifoliolata|c_quinquefolia|c_groenlandica|c_teeta|c_brevisepala|c_trifolia,TGGCAAATTCGTAGGTTCAATTCC,CGACGCTGTCCATAGATCAAATTAT,60.082,59.365,607,ATAATTTGATCTATGGACAGCGTCG
49,c_ramosa|c_omeiensis|c_asplenifolia|c_deltoidea|c_quinquesecta|c_chinensis|c_trifoliolata|c_quinquefolia|c_groenlandica|c_teeta|c_brevisepala|c_trifolia,GGTCGAACTCTTCTTTGGTGTCA,TCGTGGATTGGATTTCACTTGAC,60.740,59.249,268,GTCAAGTGAAATCCAATCCACGA
50,c_ramosa|c_omeiensis|c_asplenifolia|c_deltoidea|c_quinquesecta|c_chinensis|c_trifoliolata|c_quinquefolia|c_groenlandica|c_teeta|c_brevisepala|c_trifolia,CCAACCACACATTGTCTAACCAAATA,GGAGCTGGGTCAACTATTCAATCA,60.016,60.626,217,TGATTGAATAGTTGACCCAGCTCC
51,c_ramosa|c_omeiensis|c_asplenifolia|c_deltoidea|c_quinquesecta|c_chinensis|c_trifoliolata|c_quinquefolia|c_groenlandica|c_teeta|c_brevisepala|c_trifolia,AATTGTTTGAAGCACCGACAGAG,TCCTTCATCTGGCTTATGTTCTTCA,59.996,60.046,239,TGAAGAACATAAGCCAGATGAAGGA
52,c_ramosa|c_omeiensis|c_asplenifolia|c_deltoidea|c_quinquesecta|c_chinensis|c_trifoliolata|c_quinquefolia|c_groenlandica|c_teeta|c_brevisepala|c_trifolia,TGCATCAGGATCCCGATTCATG,GGATGAACCGGATATGGACAGTT,60.552,60.181,598,AACTGTCCATATCCGGTTCATCC
53,c_ramosa|c_omeiensis|c_asplenifolia|c_deltoidea|c_quinquesecta|c_chinensis|c_trifoliolata|c_quinquefolia|c_groenlandica|c_teeta|c_brevisepala|c_trifolia,TCTCTCTCGATACGTTCCTCAAA,CGGAGGAAGAAGCGAAACATAATTA,58.741,59.478,325,TAATTATGTTTCGCTTCTTCCTCCG
54,c_ramosa|c_omeiensis|c_asplenifolia|c_deltoidea|c_quinquesecta|c_chinensis|c_trifoliolata|c_quinquefolia|c_groenlandica|c_teeta|c_brevisepala|c_trifolia,AAAGAGGAGGACGGGTTATTCAC,CCAAACTGTACAAGCTTCTTCCAAA,60.055,60.164,368,TTTGGAAGAAGCTTGTACAGTTTGG
55,c_ramosa|c_omeiensis|c_asplenifolia|c_deltoidea|c_quinquesecta|c_chinensis|c_trifoliolata|c_quinquefolia|c_groenlandica|c_teeta|c_brevisepala|c_trifolia,TAAAGCATTGGGTCGAACTCTTC,CGGTATAGACGCTTATGACCTCC,58.999,60.120,379,GGAGGTCATAAGCGTCTATACCG
56,c_ramosa|c_omeiensis|c_asplenifolia|c_deltoidea|c_quinquesecta|c_chinensis|c_trifoliolata|c_quinquefolia|c_groenlandica|c_teeta|c_brevisepala|c_trifolia,TCAATTCCAGCTACGGTTTCATTAG,TGAATTCCATTGGACCCAGAAATG,59.415,59.533,274,CATTTCTGGGTCCAATGGAATTCA
57,c_ramosa|c_omeiensis|c_asplenifolia|c_deltoidea|c_quinquesecta|c_chinensis|c_trifoliolata|c_quinquefolia|c_groenlandica|c_teeta|c_brevisepala|c_trifolia,AGCAGTACTACACCTTTGATCGT,TCCTGGATCTTCGAATTGACAAGA,59.490,59.777,208,TCTTGTCAATTCGAAGATCCAGGA
58,c_ramosa|c_omeiensis|c_asplenifolia|c_deltoidea|c_quinquesecta|c_chinensis|c_trifoliolata|c_quinquefolia|c_groenlandica|c_teeta|c_brevisepala|c_trifolia,TCCTGCTTCATTGATTCCTCCTAAG,CACTTGCTGCCGTTACTCTTCAG,60.397,61.947,1151,CTGAAGAGTAACGGCAGCAAGTG
59,c_ramosa|c_omeiensis|c_asplenifolia|c_deltoidea|c_quinquesecta|c_chinensis|c_trifoliolata|c_quinquefolia|c_groenlandica|c_teeta|c_brevisepala|c_trifolia,TTATGTTTCGCTTCTTCCTCCGA,GGATCCGAAAGAGAGTACTTGGG,60.056,60.181,281,CCCAAGTACTCTCTTTCGGATCC
60,c_ramosa|c_omeiensis|c_asplenifolia|c_deltoidea|c_quinquesecta|c_chinensis|c_trifoliolata|c_quinquefolia|c_groenlandica|c_teeta|c_brevisepala|c_trifolia,GACTGCCTTCATTATGTTGTTGCT,TGGTTAGACAATGTGTGGTTGGT,60.083,60.372,981,ACCAACCACACATTGTCTAACCA
61,c_ramosa|c_omeiensis|c_asplenifolia|c_deltoidea|c_quinquesecta|c_chinensis|c_trifoliolata|c_quinquefolia|c_groenlandica|c_teeta|c_brevisepala|c_trifolia,GCAGCAAGTGATTGAGTTCAGTAG,TCTTCATGTAGCATTCAGACCGA,60.143,59.553,296,TCGGTCTGAATGCTACATGAAGA
62,c_ramosa|c_omeiensis|c_asplenifolia|c_deltoidea|c_quinquesecta|c_chinensis|c_trifoliolata|c_quinquefolia|c_groenlandica|c_teeta|c_brevisepala|c_trifolia,CGTCGGCAGTCAAGTGAAATC,TAGCTTTCAATTCGCCTCTGACC,59.873,60.927,652,GGTCAGAGGCGAATTGAAAGCTA
63,c_ramosa|c_omeiensis|c_asplenifolia|c_deltoidea|c_quinquesecta|c_chinensis|c_trifoliolata|c_quinquefolia|c_groenlandica|c_teeta|c_brevisepala|c_trifolia,AGAACCCAAGTACTCTCTTTCGG,ACAGAGCCAATTCCAATAGACGT,59.741,60.055,669,ACGTCTATTGGAATTGGCTCTGT
64,c_ramosa|c_omeiensis|c_asplenifolia|c_deltoidea|c_quinquesecta|c_chinensis|c_trifoliolata|c_quinquefolia|c_groenlandica|c_teeta|c_brevisepala|c_trifolia,TAACGGCAGCAAGTGATTGAGTT,CCCGTTCCTTCATCTGGCTTA,61.055,59.790,325,TAAGCCAGATGAAGGAACGGG
