ID,SEQUENCE_ID,PRIMER_LEFT_SEQUENCE,PRIMER_RIGHT_SEQUENCE,PRIMER_LEFT_TM,PRIMER_RIGHT_TM,LENGTH_INTERMEDIATE_SEQUENCE,REV_RIGHT_SEQUENCE
1,c_asplenifolia|c_chinensis|c_brevisepala|c_deltoidea|c_groenlandica|c_quinquesecta|c_trifoliolata|c_omeiensis|c_teeta|c_ramosa|c_quinquefolia|c_trifolia,TACCGCGTGTACATTCCCATAAT,CGAAGGCCGTGCTATTTGTTTAC,59.930,60.727,1043,GTAAACAAATAGCACGGCCTTCG
2,c_asplenifolia|c_chinensis|c_brevisepala|c_deltoidea|c_groenlandica|c_quinquesecta|c_trifoliolata|c_omeiensis|c_teeta|c_ramosa|c_quinquefolia|c_trifolia,TCGTCGAGAATGGCAGGATATAT,AATTGGGAGAAGCTGTCGGTATT,58.983,60.054,741,AATACCGACAGCTTCTCCCAATT
3,c_asplenifolia|c_chinensis|c_brevisepala|c_deltoidea|c_groenlandica|c_quinquesecta|c_trifoliolata|c_omeiensis|c_teeta|c_ramosa|c_quinquefolia|c_trifolia,TGGCAATGCATCGTGAGTCTATA,GAGGAAATGCGTCTCAGGTACAT,59.931,60.431,375,ATGTACCTGAGACGCATTTCCTC
4,c_asplenifolia|c_chinensis|c_brevisepala|c_deltoidea|c_groenlandica|c_quinquesecta|c_trifoliolata|c_omeiensis|c_teeta|c_ramosa|c_quinquefolia|c_trifolia,TTCTTCGCCTCTTTGCCAATAAA,TGGGAGAAGCTGTCGGTATTATT,59.176,59.290,770,AATAATACCGACAGCTTCTCCCA
5,c_asplenifolia|c_chinensis|c_brevisepala|c_deltoidea|c_groenlandica|c_quinquesecta|c_trifoliolata|c_omeiensis|c_teeta|c_ramosa|c_quinquefolia|c_trifolia,TGTCCACGGCTTCTTGTACTAAT,TGAGAAACTGTCATCCCGTTCAA,59.740,60.181,1250,TTGAACGGGATGACAGTTTCTCA
6,c_asplenifolia|c_chinensis|c_brevisepala|c_deltoidea|c_groenlandica|c_quinquesecta|c_trifoliolata|c_omeiensis|c_teeta|c_ramosa|c_quinquefolia|c_trifolia,AATACCGACAGCTTCTCCCAATT,CCATTGAGATCTGGTACGCTACA,60.054,59.932,662,TGTAGCGTACCAGATCTCAATGG
7,c_asplenifolia|c_chinensis|c_brevisepala|c_deltoidea|c_groenlandica|c_quinquesecta|c_trifoliolata|c_omeiensis|c_teeta|c_ramosa|c_quinquefolia|c_trifolia,CTCGGCGGTTATGTCCTGTTAAA,GAGATGGTTGGAGAGGTGACAAA,60.924,60.245,687,TTTGTCACCTCTCCAACCATCTC
8,c_asplenifolia|c_chinensis|c_brevisepala|c_deltoidea|c_groenlandica|c_quinquesecta|c_trifoliolata|c_omeiensis|c_teeta|c_ramosa|c_quinquefolia|c_trifolia,CTCATCCGGCTCAAGTAGTTACA,GGAAGGAAGCTTGATCGGAATGA,59.869,60.683,1136,TCATTCCGATCAAGCTTCCTTCC
9,c_asplenifolia|c_chinensis|c_brevisepala|c_deltoidea|c_groenlandica|c_quinquesecta|c_trifoliolata|c_omeiensis|c_teeta|c_ramosa|c_quinquefolia|c_trifolia,AGTTGGTACGGAAATGGGATCTC,CCACCGGTAATGAATGGGAAGAT,60.118,60.435,917,ATCTTCCCATTCATTACCGGTGG
10,c_asplenifolia|c_chinensis|c_brevisepala|c_deltoidea|c_groenlandica|c_quinquesecta|c_trifoliolata|c_omeiensis|c_teeta|c_ramosa|c_quinquefolia|c_trifolia,GGAACTTCTCTTGGTGCAATGAC,ATCCCATTTCCGTACCAACTCAA,60.058,59.990,280,TTGAGTTGGTACGGAAATGGGAT
11,c_asplenifolia|c_chinensis|c_brevisepala|c_deltoidea|c_groenlandica|c_quinquesecta|c_trifoliolata|c_omeiensis|c_teeta|c_ramosa|c_quinquefolia|c_trifolia,CGCAATAATACCGACAGCTTCTC,AGACTCACGATGCATTGCCATTA,59.817,60.682,202,TAATGGCAATGCATCGTGAGTCT
12,c_asplenifolia|c_chinensis|c_brevisepala|c_deltoidea|c_groenlandica|c_quinquesecta|c_trifoliolata|c_omeiensis|c_teeta|c_ramosa|c_quinquefolia|c_trifolia,GTCGACCCGTTTACCAAGTAGAG,GTGTAACTACTTGAGCCGGATGA,60.672,60.119,780,TCATCCGGCTCAAGTAGTTACAC
13,c_asplenifolia|c_chinensis|c_brevisepala|c_deltoidea|c_groenlandica|c_quinquesecta|c_trifoliolata|c_omeiensis|c_teeta|c_ramosa|c_quinquefolia|c_trifolia,TTTCCTCTCATCCGGCTCAAGTA,GAAACTGTCATCCCGTTCAATCG,61.134,60.182,628,CGATTGAACGGGATGACAGTTTC
14,c_asplenifolia|c_chinensis|c_brevisepala|c_deltoidea|c_groenlandica|c_quinquesecta|c_trifoliolata|c_omeiensis|c_teeta|c_ramosa|c_quinquefolia|c_trifolia,TCACTTGTAGCGTACCAGATCTC,GAGATCCCATTTCCGTACCAACT,59.623,60.118,926,AGTTGGTACGGAAATGGGATCTC
15,c_asplenifolia|c_chinensis|c_brevisepala|c_deltoidea|c_groenlandica|c_quinquesecta|c_trifoliolata|c_omeiensis|c_teeta|c_ramosa|c_quinquefolia|c_trifolia,CCGCATTGAATCCCTTACAAACT,ACTACCCAAGGCTTCGATACATT,59.556,59.545,928,AATGTATCGAAGCCTTGGGTAGT
16,c_asplenifolia|c_chinensis|c_brevisepala|c_deltoidea|c_groenlandica|c_quinquesecta|c_trifoliolata|c_omeiensis|c_teeta|c_ramosa|c_quinquefolia|c_trifolia,GTCCTTCCCGTAAATTGCTTTGA,CGTCATTGCACCAAGAGAAGTTC,59.495,60.364,858,GAACTTCTCTTGGTGCAATGACG
17,c_asplenifolia|c_chinensis|c_brevisepala|c_deltoidea|c_groenlandica|c_quinquesecta|c_trifoliolata|c_omeiensis|c_teeta|c_ramosa|c_quinquefolia|c_trifolia,TTATCGTCGAGAATGGCAGGATA,GTGTACCATGCACCCGAATATAT,59.176,58.424,322,ATATATTCGGGTGCATGGTACAC
18,c_asplenifolia|c_chinensis|c_brevisepala|c_deltoidea|c_groenlandica|c_quinquesecta|c_trifoliolata|c_omeiensis|c_teeta|c_ramosa|c_quinquefolia|c_trifolia,CGATTGAACGGGATGACAGTTTC,GGAAGCTTGATCGGAATGAATCA,60.182,59.121,533,TGATTCATTCCGATCAAGCTTCC
19,c_asplenifolia|c_chinensis|c_brevisepala|c_deltoidea|c_groenlandica|c_quinquesecta|c_trifoliolata|c_omeiensis|c_teeta|c_ramosa|c_quinquefolia|c_trifolia,TGAACGGGATGACAGTTTCTCAT,ACCATTTCCTTGTGTCTGAGAAGA,59.992,59.897,572,TCTTCTCAGACACAAGGAAATGGT
20,c_asplenifolia|c_chinensis|c_brevisepala|c_deltoidea|c_groenlandica|c_quinquesecta|c_trifoliolata|c_omeiensis|c_teeta|c_ramosa|c_quinquefolia|c_trifolia,TTGATGTACCTGAGACGCATTTC,TGGCTAGTACAAGATGCTGAACA,59.067,59.739,228,TGTTCAGCATCTTGTACTAGCCA
21,c_asplenifolia|c_chinensis|c_brevisepala|c_deltoidea|c_groenlandica|c_quinquesecta|c_trifoliolata|c_omeiensis|c_teeta|c_ramosa|c_quinquefolia|c_trifolia,TCCAAGATGTACTCCTGCAAGTA,AAGCAATTTACGGGAAGGACTCT,58.906,59.991,392,AGAGTCCTTCCCGTAAATTGCTT
22,c_asplenifolia|c_chinensis|c_brevisepala|c_deltoidea|c_groenlandica|c_quinquesecta|c_trifoliolata|c_omeiensis|c_teeta|c_ramosa|c_quinquefolia|c_trifolia,CCTCTCCAACCATCTCTCCATTAG,CGAGAACTACGATCTTTGGCTCT,59.960,60.181,219,AGAGCCAAAGATCGTAGTTCTCG
23,c_asplenifolia|c_chinensis|c_brevisepala|c_deltoidea|c_groenlandica|c_quinquesecta|c_trifoliolata|c_omeiensis|c_teeta|c_ramosa|c_quinquefolia|c_trifolia,TCAGCATCTTGTACTAGCCATCC,AGGCCGTGCTATTTGTTTACATC,59.930,59.623,985,GATGTAAACAAATAGCACGGCCT
24,c_asplenifolia|c_chinensis|c_brevisepala|c_deltoidea|c_groenlandica|c_quinquesecta|c_trifoliolata|c_omeiensis|c_teeta|c_ramosa|c_quinquefolia|c_trifolia,GCCACAATCTGTTCTACGTACAA,TGCGTCTCAGGTACATCAATTAGT,59.008,59.840,247,ACTAATTGATGTACCTGAGACGCA
25,c_asplenifolia|c_chinensis|c_brevisepala|c_deltoidea|c_groenlandica|c_quinquesecta|c_trifoliolata|c_omeiensis|c_teeta|c_ramosa|c_quinquefolia|c_trifolia,AATGTATCGAAGCCTTGGGTAGT,CATCAAACTCGCGTGTCCAGTAA,59.545,61.404,964,TTACTGGACACGCGAGTTTGATG
26,c_asplenifolia|c_chinensis|c_brevisepala|c_deltoidea|c_groenlandica|c_quinquesecta|c_trifoliolata|c_omeiensis|c_teeta|c_ramosa|c_quinquefolia|c_trifolia,TACTCCAGTGCATTTCTCCCTCT,GGGTTGGACTTGTCAATCGATTC,60.823,59.873,552,GAATCGATTGACAAGTCCAACCC
27,c_asplenifolia|c_chinensis|c_brevisepala|c_deltoidea|c_groenlandica|c_quinquesecta|c_trifoliolata|c_omeiensis|c_teeta|c_ramosa|c_quinquefolia|c_trifolia,CCTCTCATCCGGCTCAAGTAGTT,AGGCCTTGTATATTGCGATGTGT,61.751,60.434,686,ACACATCGCAATATACAAGGCCT
28,c_asplenifolia|c_chinensis|c_brevisepala|c_deltoidea|c_groenlandica|c_quinquesecta|c_trifoliolata|c_omeiensis|c_teeta|c_ramosa|c_quinquefolia|c_trifolia,TCTTCGCCTCTTTGCCAATAAATAA,AGAGGGAGAAATGCACTGGAGTA,59.350,60.823,378,TACTCCAGTGCATTTCTCCCTCT
29,c_asplenifolia|c_chinensis|c_brevisepala|c_deltoidea|c_groenlandica|c_quinquesecta|c_trifoliolata|c_omeiensis|c_teeta|c_ramosa|c_quinquefolia|c_trifolia,CTAATGGCAATGCATCGTGAGTC,ACGGGAAGGACTCTCTTTAACAG,60.304,59.741,282,CTGTTAAAGAGAGTCCTTCCCGT
30,c_asplenifolia|c_chinensis|c_brevisepala|c_deltoidea|c_groenlandica|c_quinquesecta|c_trifoliolata|c_omeiensis|c_teeta|c_ramosa|c_quinquefolia|c_trifolia,TTTGTCACCTCTCCAACCATCTC,ACTGAACCATTTCCTTGTGTCTGA,60.245,60.385,200,TCAGACACAAGGAAATGGTTCAGT
31,c_asplenifolia|c_chinensis|c_brevisepala|c_deltoidea|c_groenlandica|c_quinquesecta|c_trifoliolata|c_omeiensis|c_teeta|c_ramosa|c_quinquefolia|c_trifolia,CTATTTCTTCGCCTCTTTGCCAAT,CTCACGATGCATTGCCATTAGAA,59.903,59.687,947,TTCTAATGGCAATGCATCGTGAG
32,c_asplenifolia|c_chinensis|c_brevisepala|c_deltoidea|c_groenlandica|c_quinquesecta|c_trifoliolata|c_omeiensis|c_teeta|c_ramosa|c_quinquefolia|c_trifolia,TGTAAACAAATAGCACGGCCTTC,CTTGGTAAACGGGTCGACTATTC,59.810,59.138,323,GAATAGTCGACCCGTTTACCAAG
33,c_asplenifolia|c_chinensis|c_brevisepala|c_deltoidea|c_groenlandica|c_quinquesecta|c_trifoliolata|c_omeiensis|c_teeta|c_ramosa|c_quinquefolia|c_trifolia,GCATCTTGTACTAGCCATCCCTTA,TGTAAGGGATTCAATGCGGATTT,59.960,58.723,951,AAATCCGCATTGAATCCCTTACA
34,c_asplenifolia|c_chinensis|c_brevisepala|c_deltoidea|c_groenlandica|c_quinquesecta|c_trifoliolata|c_omeiensis|c_teeta|c_ramosa|c_quinquefolia|c_trifolia,TGTATCGAAGCCTTGGGTAGTAAA,TACTTGAGCCGGATGAGAGGAAA,59.533,61.134,200,TTTCCTCTCATCCGGCTCAAGTA
35,c_asplenifolia|c_chinensis|c_brevisepala|c_deltoidea|c_groenlandica|c_quinquesecta|c_trifoliolata|c_omeiensis|c_teeta|c_ramosa|c_quinquefolia|c_trifolia,AGAGAGTCCTTCCCGTAAATTGC,CCCATTTCCGTACCAACTCAAGAT,60.370,60.867,1117,ATCTTGAGTTGGTACGGAAATGGG
36,c_asplenifolia|c_chinensis|c_brevisepala|c_deltoidea|c_groenlandica|c_quinquesecta|c_trifoliolata|c_omeiensis|c_teeta|c_ramosa|c_quinquefolia|c_trifolia,GTCTCGCGAAATCTTCCCTCTTT,ACTGTCATCCCGTTCAATCGATT,60.923,60.369,1353,AATCGATTGAACGGGATGACAGT
37,c_asplenifolia|c_chinensis|c_brevisepala|c_deltoidea|c_groenlandica|c_quinquesecta|c_trifoliolata|c_omeiensis|c_teeta|c_ramosa|c_quinquefolia|c_trifolia,GGGCCCTTCTTCACCTAATTCTT,TAACTACTTGAGCCGGATGAGAG,60.309,59.367,327,CTCTCATCCGGCTCAAGTAGTTA
38,c_asplenifolia|c_chinensis|c_brevisepala|c_deltoidea|c_groenlandica|c_quinquesecta|c_trifoliolata|c_omeiensis|c_teeta|c_ramosa|c_quinquefolia|c_trifolia,TTGAGTTGGTACGGAAATGGGAT,CTACTTGGTAAACGGGTCGACTA,59.990,59.560,489,TAGTCGACCCGTTTACCAAGTAG
39,c_asplenifolia|c_chinensis|c_brevisepala|c_deltoidea|c_groenlandica|c_quinquesecta|c_trifoliolata|c_omeiensis|c_teeta|c_ramosa|c_quinquefolia|c_trifolia,TGACAGTTTCTCATTCCGAACCT,AATGGAGAGATGGTTGGAGAGGT,59.929,60.828,397,ACCTCTCCAACCATCTCTCCATT
40,c_asplenifolia|c_chinensis|c_brevisepala|c_deltoidea|c_groenlandica|c_quinquesecta|c_trifoliolata|c_omeiensis|c_teeta|c_ramosa|c_quinquefolia|c_trifolia,ATGTACCTGAGACGCATTTCCTC,AAGGGATGGCTAGTACAAGATGC,60.431,60.181,231,GCATCTTGTACTAGCCATCCCTT
41,c_asplenifolia|c_chinensis|c_brevisepala|c_deltoidea|c_groenlandica|c_quinquesecta|c_trifoliolata|c_omeiensis|c_teeta|c_ramosa|c_quinquefolia|c_trifolia,TACCAAGTAGAGTCTCGCGAAAT,GCCTTGTATATTGCGATGTGTGAT,59.307,59.786,1426,ATCACACATCGCAATATACAAGGC
42,c_asplenifolia|c_chinensis|c_brevisepala|c_deltoidea|c_groenlandica|c_quinquesecta|c_trifoliolata|c_omeiensis|c_teeta|c_ramosa|c_quinquefolia|c_trifolia,CCGACAGCTTCTCCCAATTCAA,GAAATGCGTCTCAGGTACATCAA,60.876,59.067,544,TTGATGTACCTGAGACGCATTTC
43,c_asplenifolia|c_chinensis|c_brevisepala|c_deltoidea|c_groenlandica|c_quinquesecta|c_trifoliolata|c_omeiensis|c_teeta|c_ramosa|c_quinquefolia|c_trifolia,CGCGGATCCCATTATCAAGAAGT,ACCGGTAATGAATGGGAAGATAGA,60.804,59.095,343,TCTATCTTCCCATTCATTACCGGT
44,c_asplenifolia|c_chinensis|c_brevisepala|c_deltoidea|c_groenlandica|c_quinquesecta|c_trifoliolata|c_omeiensis|c_teeta|c_ramosa|c_quinquefolia|c_trifolia,CCGGCTCAAGTAGTTACACCAAA,GTGTGGTATTTGAAGCGTCTTCC,60.804,60.120,746,GGAAGACGCTTCAAATACCACAC
45,c_asplenifolia|c_chinensis|c_brevisepala|c_deltoidea|c_groenlandica|c_quinquesecta|c_trifoliolata|c_omeiensis|c_teeta|c_ramosa|c_quinquefolia|c_trifolia,TCCCGTAAATTGCTTTGAATGGG,CCACTGCTGCATCAATTTCATTAG,59.805,58.959,364,CTAATGAAATTGATGCAGCAGTGG
46,c_asplenifolia|c_chinensis|c_brevisepala|c_deltoidea|c_groenlandica|c_quinquesecta|c_trifoliolata|c_omeiensis|c_teeta|c_ramosa|c_quinquefolia|c_trifolia,ACTTGTAGCGTACCAGATCTCAAT,CGCGAGACTCTACTTGGTAAACG,59.597,61.264,1396,CGTTTACCAAGTAGAGTCTCGCG
47,c_asplenifolia|c_chinensis|c_brevisepala|c_deltoidea|c_groenlandica|c_quinquesecta|c_trifoliolata|c_omeiensis|c_teeta|c_ramosa|c_quinquefolia|c_trifolia,GACAGCTTCTCCCAATTCAACCA,GGATGGCTAGTACAAGATGCTGA,61.062,59.930,750,TCAGCATCTTGTACTAGCCATCC
48,c_asplenifolia|c_chinensis|c_brevisepala|c_deltoidea|c_groenlandica|c_quinquesecta|c_trifoliolata|c_omeiensis|c_teeta|c_ramosa|c_quinquefolia|c_trifolia,GACCCGTTTACCAAGTAGAGTCT,AGGAATTGCTAGTTGTACCTCGTT,59.491,60.020,1233,AACGAGGTACAACTAGCAATTCCT
49,c_asplenifolia|c_chinensis|c_brevisepala|c_deltoidea|c_groenlandica|c_quinquesecta|c_trifoliolata|c_omeiensis|c_teeta|c_ramosa|c_quinquefolia|c_trifolia,TGGCAATGCATCGTGAGTCTATATAT,GCAATTTACGGGAAGGACTCTCTT,60.351,60.863,285,AAGAGAGTCCTTCCCGTAAATTGC
50,c_asplenifolia|c_chinensis|c_brevisepala|c_deltoidea|c_groenlandica|c_quinquesecta|c_trifoliolata|c_omeiensis|c_teeta|c_ramosa|c_quinquefolia|c_trifolia,TGTTAAAGAGAGTCCTTCCCGTAAAT,CGGAGGCTCGTTTACTTATGTTT,60.014,59.069,1182,AAACATAAGTAAACGAGCCTCCG
51,c_asplenifolia|c_chinensis|c_brevisepala|c_deltoidea|c_groenlandica|c_quinquesecta|c_trifoliolata|c_omeiensis|c_teeta|c_ramosa|c_quinquefolia|c_trifolia,ACGAGGTACAACTAGCAATTCCT,GAGAGATGGTTGGAGAGGTGAC,59.486,59.833,548,GTCACCTCTCCAACCATCTCTC
52,c_asplenifolia|c_chinensis|c_brevisepala|c_deltoidea|c_groenlandica|c_quinquesecta|c_trifoliolata|c_omeiensis|c_teeta|c_ramosa|c_quinquefolia|c_trifolia,ATAGATTGGCCCGCAATAATACC,TCAAAGCAATTTACGGGAAGGAC,58.730,59.495,483,GTCCTTCCCGTAAATTGCTTTGA
53,c_asplenifolia|c_chinensis|c_brevisepala|c_deltoidea|c_groenlandica|c_quinquesecta|c_trifoliolata|c_omeiensis|c_teeta|c_ramosa|c_quinquefolia|c_trifolia,CGACAGATCCAAGATGTACTCCT,GCCGTGCTATTTGTTTACATCCAT,59.366,60.202,1652,ATGGATGTAAACAAATAGCACGGC
54,c_asplenifolia|c_chinensis|c_brevisepala|c_deltoidea|c_groenlandica|c_quinquesecta|c_trifoliolata|c_omeiensis|c_teeta|c_ramosa|c_quinquefolia|c_trifolia,TTCGAGGACTCACAGAAATACCT,TTTCGGGAGCCAGAGGAAATG,58.913,60.340,297,CATTTCCTCTGGCTCCCGAAA
55,c_asplenifolia|c_chinensis|c_brevisepala|c_deltoidea|c_groenlandica|c_quinquesecta|c_trifoliolata|c_omeiensis|c_teeta|c_ramosa|c_quinquefolia|c_trifolia,CAGATCCAAGATGTACTCCTGCA,TGTAGTTCCTATGATGCGCTTGG,59.866,60.741,1323,CCAAGCGCATCATAGGAACTACA
56,c_asplenifolia|c_chinensis|c_brevisepala|c_deltoidea|c_groenlandica|c_quinquesecta|c_trifoliolata|c_omeiensis|c_teeta|c_ramosa|c_quinquefolia|c_trifolia,CGTCGAGAATGGCAGGATATATGAA,CGACCTGGTTGAATTGGGAGAAG,60.622,61.423,751,CTTCTCCCAATTCAACCAGGTCG
57,c_asplenifolia|c_chinensis|c_brevisepala|c_deltoidea|c_groenlandica|c_quinquesecta|c_trifoliolata|c_omeiensis|c_teeta|c_ramosa|c_quinquefolia|c_trifolia,AATCCGCATTGAATCCCTTACAA,GGAATTGCTAGTTGTACCTCGTTAAA,58.723,59.630,1572,TTTAACGAGGTACAACTAGCAATTCC
58,c_asplenifolia|c_chinensis|c_brevisepala|c_deltoidea|c_groenlandica|c_quinquesecta|c_trifoliolata|c_omeiensis|c_teeta|c_ramosa|c_quinquefolia|c_trifolia,AATAGTCGACCCGTTTACCAAGT,TCCTCAACAAATAAGTGCCTGGG,59.741,60.814,1809,CCCAGGCACTTATTTGTTGAGGA
59,c_asplenifolia|c_chinensis|c_brevisepala|c_deltoidea|c_groenlandica|c_quinquesecta|c_trifoliolata|c_omeiensis|c_teeta|c_ramosa|c_quinquefolia|c_trifolia,CGTTCTGGTTCTACGTTTGTTCG,CAAACTCGCGTGTCCAGTAACTC,60.361,61.931,1189,GAGTTACTGGACACGCGAGTTTG
60,c_asplenifolia|c_chinensis|c_brevisepala|c_deltoidea|c_groenlandica|c_quinquesecta|c_trifoliolata|c_omeiensis|c_teeta|c_ramosa|c_quinquefolia|c_trifolia,AATTCAACCAGGTCGCCATGAG,CGGGAAGGACTCTCTTTAACAGAAT,61.201,60.338,434,ATTCTGTTAAAGAGAGTCCTTCCCG
61,c_asplenifolia|c_chinensis|c_brevisepala|c_deltoidea|c_groenlandica|c_quinquesecta|c_trifoliolata|c_omeiensis|c_teeta|c_ramosa|c_quinquefolia|c_trifolia,GCCCGTTCTGCCATAAGTACAG,CTTCGGTGGCGACTAGATCAA,61.315,59.866,378,TTGATCTAGTCGCCACCGAAG
62,c_asplenifolia|c_chinensis|c_brevisepala|c_deltoidea|c_groenlandica|c_quinquesecta|c_trifoliolata|c_omeiensis|c_teeta|c_ramosa|c_quinquefolia|c_trifolia,CTGCCATAAGTACAGTACCTCCC,TCCGTACCAACTCAAGATATGCT,59.930,59.295,596,AGCATATCTTGAGTTGGTACGGA
63,c_asplenifolia|c_chinensis|c_brevisepala|c_deltoidea|c_groenlandica|c_quinquesecta|c_trifoliolata|c_omeiensis|c_teeta|c_ramosa|c_quinquefolia|c_trifolia,GTCCACGGCTTCTTGTACTAATTTC,TGGTATTTGAAGCGTCTTCCTAGT,60.164,59.778,1372,ACTAGGAAGACGCTTCAAATACCA
64,c_asplenifolia|c_chinensis|c_brevisepala|c_deltoidea|c_groenlandica|c_quinquesecta|c_trifoliolata|c_omeiensis|c_teeta|c_ramosa|c_quinquefolia|c_trifolia,CCTACTAAGAGGCATGTCAGAGC,ATAGGAAGGAAGCTTGATCGGAA,60.244,59.288,577,TTCCGATCAAGCTTCCTTCCTAT
