ID,SEQUENCE_ID,PRIMER_LEFT_SEQUENCE,PRIMER_RIGHT_SEQUENCE,PRIMER_LEFT_TM,PRIMER_RIGHT_TM,LENGTH_INTERMEDIATE_SEQUENCE,REV_RIGHT_SEQUENCE
1,c_deltoidea|c_teeta|c_quinquefolia|c_trifolia|c_chinensis|c_omeiensis|c_quinquesecta|c_groenlandica|c_brevisepala|c_trifoliolata|c_ramosa|c_asplenifolia,TAACCCGAGCGAGCATTCAAATA,CAATGATGCGAATCGGGCTTTAA,60.431,60.243,1012,TTAAAGCCCGATTCGCATCATTG
2,c_deltoidea|c_teeta|c_quinquefolia|c_trifolia|c_chinensis|c_omeiensis|c_quinquesecta|c_groenlandica|c_brevisepala|c_trifoliolata|c_ramosa|c_asplenifolia,TGGTCCAACTCTGAACGGTAATA,AGGGATTGGCGGAAGAACTTTAT,59.166,60.054,334,ATAAAGTTCTTCCGCCAATCCCT
3,c_deltoidea|c_teeta|c_quinquefolia|c_trifolia|c_chinensis|c_omeiensis|c_quinquesecta|c_groenlandica|c_brevisepala|c_trifoliolata|c_ramosa|c_asplenifolia,CATTAAAGCCCGATTCGCATCAT,GGATTGGCTCTGGTTCGTTTAGA,60.058,60.619,657,TCTAAACGAACCAGAGCCAATCC
4,c_deltoidea|c_teeta|c_quinquefolia|c_trifolia|c_chinensis|c_omeiensis|c_quinquesecta|c_groenlandica|c_brevisepala|c_trifoliolata|c_ramosa|c_asplenifolia,TCCGATCAAGCTTCCTTCCTATT,AGAGGGATTTGGTGTTGCTCATA,59.288,59.733,240,TATGAGCAACACCAAATCCCTCT
5,c_deltoidea|c_teeta|c_quinquefolia|c_trifolia|c_chinensis|c_omeiensis|c_quinquesecta|c_groenlandica|c_brevisepala|c_trifoliolata|c_ramosa|c_asplenifolia,GAGCAACACCAAATCCCTCTAGA,TCCTAGTCACTATGGGCGTATTT,60.055,58.779,1757,AAATACGCCCATAGTGACTAGGA
6,c_deltoidea|c_teeta|c_quinquefolia|c_trifolia|c_chinensis|c_omeiensis|c_quinquesecta|c_groenlandica|c_brevisepala|c_trifoliolata|c_ramosa|c_asplenifolia,GGATCTCCCGTTCTTCCATCAAA,AACGTCAAGCAGTTCCACTTTCT,60.371,60.931,1159,AGAAAGTGGAACTGCTTGACGTT
7,c_deltoidea|c_teeta|c_quinquefolia|c_trifolia|c_chinensis|c_omeiensis|c_quinquesecta|c_groenlandica|c_brevisepala|c_trifoliolata|c_ramosa|c_asplenifolia,ACCCAAGATCCAAGCATCACAAT,CTATAGCCGAACACGAGGGAAAG,60.565,60.796,460,CTTTCCCTCGTGTTCGGCTATAG
8,c_deltoidea|c_teeta|c_quinquefolia|c_trifolia|c_chinensis|c_omeiensis|c_quinquesecta|c_groenlandica|c_brevisepala|c_trifoliolata|c_ramosa|c_asplenifolia,CCAGTTCCAACAATGCACTTCTC,ATTCATGCGAGGATTGGTCATTG,60.305,59.683,380,CAATGACCAATCCTCGCATGAAT
9,c_deltoidea|c_teeta|c_quinquefolia|c_trifolia|c_chinensis|c_omeiensis|c_quinquesecta|c_groenlandica|c_brevisepala|c_trifoliolata|c_ramosa|c_asplenifolia,TTGTATCCCTCCCATGGCATATA,GATGCGAATCGGGCTTTAATGAG,58.556,60.364,386,CTCATTAAAGCCCGATTCGCATC
10,c_deltoidea|c_teeta|c_quinquefolia|c_trifolia|c_chinensis|c_omeiensis|c_quinquesecta|c_groenlandica|c_brevisepala|c_trifoliolata|c_ramosa|c_asplenifolia,ATGACCAATCCTCGCATGAATTG,GGGATTGGCGGAAGAACTTTATAAG,59.683,59.991,1252,CTTATAAAGTTCTTCCGCCAATCCC
11,c_deltoidea|c_teeta|c_quinquefolia|c_trifolia|c_chinensis|c_omeiensis|c_quinquesecta|c_groenlandica|c_brevisepala|c_trifoliolata|c_ramosa|c_asplenifolia,TTCCATTTCTCCTACCCGTTGTC,TATTTGAATGCTCGCTCGGGTTA,60.307,60.431,371,TAACCCGAGCGAGCATTCAAATA
12,c_deltoidea|c_teeta|c_quinquefolia|c_trifolia|c_chinensis|c_omeiensis|c_quinquesecta|c_groenlandica|c_brevisepala|c_trifoliolata|c_ramosa|c_asplenifolia,AGCCCAAACTTCCATTTCTCCTA,CAAACAGCGAATCCATGGGTATTT,59.666,60.142,249,AAATACCCATGGATTCGCTGTTTG
13,c_deltoidea|c_teeta|c_quinquefolia|c_trifolia|c_chinensis|c_omeiensis|c_quinquesecta|c_groenlandica|c_brevisepala|c_trifoliolata|c_ramosa|c_asplenifolia,CGCGGGCACATATAATTCAGAAG,GGGATGGAAATGAGGGAATGTCA,60.121,60.373,245,TGACATTCCCTCATTTCCATCCC
14,c_deltoidea|c_teeta|c_quinquefolia|c_trifolia|c_chinensis|c_omeiensis|c_quinquesecta|c_groenlandica|c_brevisepala|c_trifoliolata|c_ramosa|c_asplenifolia,CAAATCCCTCTAGAGCCCAAACT,AGGCCGAGTTATTGATGTGAGAT,60.054,59.611,644,ATCTCACATCAATAACTCGGCCT
15,c_deltoidea|c_teeta|c_quinquefolia|c_trifolia|c_chinensis|c_omeiensis|c_quinquesecta|c_groenlandica|c_brevisepala|c_trifoliolata|c_ramosa|c_asplenifolia,GTTCCAACCCAGTTCCAACAATG,TTGCCCAATTGACACATCTGAAG,60.492,59.744,443,CTTCAGATGTGTCAATTGGGCAA
16,c_deltoidea|c_teeta|c_quinquefolia|c_trifolia|c_chinensis|c_omeiensis|c_quinquesecta|c_groenlandica|c_brevisepala|c_trifoliolata|c_ramosa|c_asplenifolia,AGTGGATACCTGAATGCCAAGTA,GCGAATCGGGCTTTAATGAGTTC,59.220,60.546,693,GAACTCATTAAAGCCCGATTCGC
17,c_deltoidea|c_teeta|c_quinquefolia|c_trifolia|c_chinensis|c_omeiensis|c_quinquesecta|c_groenlandica|c_brevisepala|c_trifoliolata|c_ramosa|c_asplenifolia,CATTCCGATCAAGCTTCCTTCCT,GTGGACATTACGCACTTGTTACA,60.684,59.505,334,TGTAACAAGTGCGTAATGTCCAC
18,c_deltoidea|c_teeta|c_quinquefolia|c_trifolia|c_chinensis|c_omeiensis|c_quinquesecta|c_groenlandica|c_brevisepala|c_trifoliolata|c_ramosa|c_asplenifolia,ACCTGCCGCTACCATATAGTATTC,TGAAGAATGAGACTTGGTGGGATT,59.840,59.957,1494,AATCCCACCAAGTCTCATTCTTCA
19,c_deltoidea|c_teeta|c_quinquefolia|c_trifolia|c_chinensis|c_omeiensis|c_quinquesecta|c_groenlandica|c_brevisepala|c_trifoliolata|c_ramosa|c_asplenifolia,TCTAGAGCCCAAACTTCCATTTCT,CGAGAAGTGCATTGTTGGAACTG,59.710,60.608,1308,CAGTTCCAACAATGCACTTCTCG
20,c_deltoidea|c_teeta|c_quinquefolia|c_trifolia|c_chinensis|c_omeiensis|c_quinquesecta|c_groenlandica|c_brevisepala|c_trifoliolata|c_ramosa|c_asplenifolia,CGCCAATCCCTGATCAATGAATC,CCCTTTCCTCTGTTTATGCTAGG,60.058,58.544,1399,CCTAGCATAAACAGAGGAAAGGG
21,c_deltoidea|c_teeta|c_quinquefolia|c_trifolia|c_chinensis|c_omeiensis|c_quinquesecta|c_groenlandica|c_brevisepala|c_trifoliolata|c_ramosa|c_asplenifolia,TCCGATCAAGCTTCCTTCCTATTAAT,ACGGGTAGGAGAAATGGAAGTTT,59.957,59.670,270,AAACTTCCATTTCTCCTACCCGT
22,c_deltoidea|c_teeta|c_quinquefolia|c_trifolia|c_chinensis|c_omeiensis|c_quinquesecta|c_groenlandica|c_brevisepala|c_trifoliolata|c_ramosa|c_asplenifolia,TGTTCCCATGCAATAGTCAGGAA,CGTATTTGCCCAATTGACACATCT,59.990,60.142,278,AGATGTGTCAATTGGGCAAATACG
23,c_deltoidea|c_teeta|c_quinquefolia|c_trifolia|c_chinensis|c_omeiensis|c_quinquesecta|c_groenlandica|c_brevisepala|c_trifoliolata|c_ramosa|c_asplenifolia,CAAGTACTTCCTGACGAGCTCTAA,TCAAGCAGTTCCACTTTCTCGAT,59.844,60.244,1412,ATCGAGAAAGTGGAACTGCTTGA
24,c_deltoidea|c_teeta|c_quinquefolia|c_trifolia|c_chinensis|c_omeiensis|c_quinquesecta|c_groenlandica|c_brevisepala|c_trifoliolata|c_ramosa|c_asplenifolia,CCTCTAGAGCCCAAACTTCCATT,CTTTGATGGAAGAACGGGAGATC,60.054,59.126,203,GATCTCCCGTTCTTCCATCAAAG
25,c_deltoidea|c_teeta|c_quinquefolia|c_trifolia|c_chinensis|c_omeiensis|c_quinquesecta|c_groenlandica|c_brevisepala|c_trifoliolata|c_ramosa|c_asplenifolia,TATCCCTCCCATGGCATATAAGC,CATTGTTGGAACTGGGTTGGAAC,59.540,60.492,312,GTTCCAACCCAGTTCCAACAATG
26,c_deltoidea|c_teeta|c_quinquefolia|c_trifolia|c_chinensis|c_omeiensis|c_quinquesecta|c_groenlandica|c_brevisepala|c_trifoliolata|c_ramosa|c_asplenifolia,TCTAAACGAACCAGAGCCAATCC,GATCAGGGATTGGCGGAAGAA,60.619,60.134,917,TTCTTCCGCCAATCCCTGATC
27,c_deltoidea|c_teeta|c_quinquefolia|c_trifolia|c_chinensis|c_omeiensis|c_quinquesecta|c_groenlandica|c_brevisepala|c_trifoliolata|c_ramosa|c_asplenifolia,TAAAGCCCGATTCGCATCATTGT,GACACAAATAGTTCATGGGCGAAA,61.241,60.083,478,TTTCGCCCATGAACTATTTGTGTC
28,c_deltoidea|c_teeta|c_quinquefolia|c_trifolia|c_chinensis|c_omeiensis|c_quinquesecta|c_groenlandica|c_brevisepala|c_trifoliolata|c_ramosa|c_asplenifolia,CTGATTCATTCCGATCAAGCTTCC,GAGGGATTTGGTGTTGCTCATATTT,60.024,59.872,248,AAATATGAGCAACACCAAATCCCTC
29,c_deltoidea|c_teeta|c_quinquefolia|c_trifolia|c_chinensis|c_omeiensis|c_quinquesecta|c_groenlandica|c_brevisepala|c_trifoliolata|c_ramosa|c_asplenifolia,TTTATTCCCGTGTCTTCCAGCTA,TCGATCCGAGAAGTGCATTGTT,59.484,60.354,814,AACAATGCACTTCTCGGATCGA
30,c_deltoidea|c_teeta|c_quinquefolia|c_trifolia|c_chinensis|c_omeiensis|c_quinquesecta|c_groenlandica|c_brevisepala|c_trifoliolata|c_ramosa|c_asplenifolia,CGCCCATGAACTATTTGTGTCAA,AGGGAATGTCAACAATACCTGGG,59.810,60.309,1153,CCCAGGTATTGTTGACATTCCCT
31,c_deltoidea|c_teeta|c_quinquefolia|c_trifolia|c_chinensis|c_omeiensis|c_quinquesecta|c_groenlandica|c_brevisepala|c_trifoliolata|c_ramosa|c_asplenifolia,TATGAGCAACACCAAATCCCTCT,TGGAAGACACGGGAATAAAGGTA,59.733,59.161,539,TACCTTTATTCCCGTGTCTTCCA
32,c_deltoidea|c_teeta|c_quinquefolia|c_trifolia|c_chinensis|c_omeiensis|c_quinquesecta|c_groenlandica|c_brevisepala|c_trifoliolata|c_ramosa|c_asplenifolia,TGCCTAATTGCTCCACCTATAGT,TGGAAATGAGGGAATGTCAACAA,59.026,58.522,1026,TTGTTGACATTCCCTCATTTCCA
33,c_deltoidea|c_teeta|c_quinquefolia|c_trifolia|c_chinensis|c_omeiensis|c_quinquesecta|c_groenlandica|c_brevisepala|c_trifoliolata|c_ramosa|c_asplenifolia,TCTTCTCAGACACAAGGAAATGGT,ACAACGGGTAGGAGAAATGGAAG,59.897,60.307,239,CTTCCATTTCTCCTACCCGTTGT
34,c_deltoidea|c_teeta|c_quinquefolia|c_trifolia|c_chinensis|c_omeiensis|c_quinquesecta|c_groenlandica|c_brevisepala|c_trifoliolata|c_ramosa|c_asplenifolia,TGGTTTGTTCTTGCGTATCCCTA,GGAATGTCAACAATACCTGGGTTTAG,59.992,60.128,274,CTAAACCCAGGTATTGTTGACATTCC
35,c_deltoidea|c_teeta|c_quinquefolia|c_trifolia|c_chinensis|c_omeiensis|c_quinquesecta|c_groenlandica|c_brevisepala|c_trifoliolata|c_ramosa|c_asplenifolia,ACCTTTATTCCCGTGTCTTCCAG,AGAAGCCTATTTACTCCGCAATTT,60.307,58.806,349,AAATTGCGGAGTAAATAGGCTTCT
36,c_deltoidea|c_teeta|c_quinquefolia|c_trifolia|c_chinensis|c_omeiensis|c_quinquesecta|c_groenlandica|c_brevisepala|c_trifoliolata|c_ramosa|c_asplenifolia,CCAATGACCAATCCTCGCATGAA,TCAGGGATTGGCGGAAGAACTT,61.492,61.952,1258,AAGTTCTTCCGCCAATCCCTGA
37,c_deltoidea|c_teeta|c_quinquefolia|c_trifolia|c_chinensis|c_omeiensis|c_quinquesecta|c_groenlandica|c_brevisepala|c_trifoliolata|c_ramosa|c_asplenifolia,GCAAATACGCCCATAGTGACTAG,TGGAAATGAGGGAATGTCAACAATAC,59.259,59.847,1255,GTATTGTTGACATTCCCTCATTTCCA
38,c_deltoidea|c_teeta|c_quinquefolia|c_trifolia|c_chinensis|c_omeiensis|c_quinquesecta|c_groenlandica|c_brevisepala|c_trifoliolata|c_ramosa|c_asplenifolia,ACAGGTTGTTCGAAAGGATCTCC,TTGAACACAATGATGCGAATCGG,60.557,60.426,1219,CCGATTCGCATCATTGTGTTCAA
39,c_deltoidea|c_teeta|c_quinquefolia|c_trifolia|c_chinensis|c_omeiensis|c_quinquesecta|c_groenlandica|c_brevisepala|c_trifoliolata|c_ramosa|c_asplenifolia,GGAAGTTCTTCTCAGACACAAGGA,AGTTTGGGCTCTAGAGGGATTTG,60.202,60.054,224,CAAATCCCTCTAGAGCCCAAACT
40,c_deltoidea|c_teeta|c_quinquefolia|c_trifolia|c_chinensis|c_omeiensis|c_quinquesecta|c_groenlandica|c_brevisepala|c_trifoliolata|c_ramosa|c_asplenifolia,ATTACCTGCCGCTACCATATAGT,AGGCATAAATTGATACCGACTCCT,58.906,59.652,417,AGGAGTCGGTATCAATTTATGCCT
41,c_deltoidea|c_teeta|c_quinquefolia|c_trifolia|c_chinensis|c_omeiensis|c_quinquesecta|c_groenlandica|c_brevisepala|c_trifoliolata|c_ramosa|c_asplenifolia,AATACCCATGGATTCGCTGTTTG,ACTCCGCAATTTAGACAGAAATGG,59.619,59.604,603,CCATTTCTGTCTAAATTGCGGAGT
42,c_deltoidea|c_teeta|c_quinquefolia|c_trifolia|c_chinensis|c_omeiensis|c_quinquesecta|c_groenlandica|c_brevisepala|c_trifoliolata|c_ramosa|c_asplenifolia,TCCCATGCAATAGTCAGGAATTCT,CCCAATTGACACATCTGAAGGAA,59.833,58.919,267,TTCCTTCAGATGTGTCAATTGGG
43,c_deltoidea|c_teeta|c_quinquefolia|c_trifolia|c_chinensis|c_omeiensis|c_quinquesecta|c_groenlandica|c_brevisepala|c_trifoliolata|c_ramosa|c_asplenifolia,TACCAAGTACTTCCTGACGAGCT,CAGCGAATCCATGGGTATTTGAA,60.813,59.368,333,TTCAAATACCCATGGATTCGCTG
44,c_deltoidea|c_teeta|c_quinquefolia|c_trifolia|c_chinensis|c_omeiensis|c_quinquesecta|c_groenlandica|c_brevisepala|c_trifoliolata|c_ramosa|c_asplenifolia,CCAACAATGCACTTCTCGGATC,TTTGGCGTTGAATCAGGGTATT,59.904,58.573,240,AATACCCTGATTCAACGCCAAA
45,c_deltoidea|c_teeta|c_quinquefolia|c_trifolia|c_chinensis|c_omeiensis|c_quinquesecta|c_groenlandica|c_brevisepala|c_trifoliolata|c_ramosa|c_asplenifolia,AACCCAGTTCCAACAATGCACTT,CCCAATTGACACATCTGAAGGAATAA,61.450,59.622,435,TTATTCCTTCAGATGTGTCAATTGGG
46,c_deltoidea|c_teeta|c_quinquefolia|c_trifolia|c_chinensis|c_omeiensis|c_quinquesecta|c_groenlandica|c_brevisepala|c_trifoliolata|c_ramosa|c_asplenifolia,CGAACCAGAGCCAATCCGAATT,CGATGAAGAATGAGACTTGGTGG,61.258,59.380,1043,CCACCAAGTCTCATTCTTCATCG
47,c_deltoidea|c_teeta|c_quinquefolia|c_trifolia|c_chinensis|c_omeiensis|c_quinquesecta|c_groenlandica|c_brevisepala|c_trifoliolata|c_ramosa|c_asplenifolia,TCAGATGTGTCAATTGGGCAAATA,ACCGACTCCTCATAATTTGGTAAC,58.984,58.574,237,GTTACCAAATTATGAGGAGTCGGT
48,c_deltoidea|c_teeta|c_quinquefolia|c_trifolia|c_chinensis|c_omeiensis|c_quinquesecta|c_groenlandica|c_brevisepala|c_trifoliolata|c_ramosa|c_asplenifolia,TGTAACAAGTGCGTAATGTCCAC,CGAATCGGGCTTTAATGAGTTCTAA,59.505,59.478,1295,TTAGAACTCATTAAAGCCCGATTCG
49,c_deltoidea|c_teeta|c_quinquefolia|c_trifolia|c_chinensis|c_omeiensis|c_quinquesecta|c_groenlandica|c_brevisepala|c_trifoliolata|c_ramosa|c_asplenifolia,AGTTCTTCTCAGACACAAGGAAAT,AGAAATGGAAGTTTGGGCTCTAGA,58.065,59.710,230,TCTAGAGCCCAAACTTCCATTTCT
50,c_deltoidea|c_teeta|c_quinquefolia|c_trifolia|c_chinensis|c_omeiensis|c_quinquesecta|c_groenlandica|c_brevisepala|c_trifoliolata|c_ramosa|c_asplenifolia,ACTTCCTGACGAGCTCTAATATGA,GGAGATCCTTTCGAACAACCTGT,58.866,60.557,260,ACAGGTTGTTCGAAAGGATCTCC
51,c_deltoidea|c_teeta|c_quinquefolia|c_trifolia|c_chinensis|c_omeiensis|c_quinquesecta|c_groenlandica|c_brevisepala|c_trifoliolata|c_ramosa|c_asplenifolia,AACTTCCATTTCTCCTACCCGTT,GCCGAGTTATTGATGTGAGATGGA,59.670,60.741,623,TCCATCTCACATCAATAACTCGGC
52,c_deltoidea|c_teeta|c_quinquefolia|c_trifolia|c_chinensis|c_omeiensis|c_quinquesecta|c_groenlandica|c_brevisepala|c_trifoliolata|c_ramosa|c_asplenifolia,AGAACTCATTAAAGCCCGATTCG,GCGTATTTGCCCAATTGACACA,59.128,60.352,382,TGTGTCAATTGGGCAAATACGC
53,c_deltoidea|c_teeta|c_quinquefolia|c_trifolia|c_chinensis|c_omeiensis|c_quinquesecta|c_groenlandica|c_brevisepala|c_trifoliolata|c_ramosa|c_asplenifolia,AAATTGTATCCCTCCCATGGCAT,AAGTGCATTGTTGGAACTGGGTT,60.117,61.450,323,AACCCAGTTCCAACAATGCACTT
54,c_deltoidea|c_teeta|c_quinquefolia|c_trifolia|c_chinensis|c_omeiensis|c_quinquesecta|c_groenlandica|c_brevisepala|c_trifoliolata|c_ramosa|c_asplenifolia,CTACTCACACGCGCCCATATC,TGTCAACAATACCTGGGTTTAGTCA,60.931,60.163,496,TGACTAAACCCAGGTATTGTTGACA
55,c_deltoidea|c_teeta|c_quinquefolia|c_trifolia|c_chinensis|c_omeiensis|c_quinquesecta|c_groenlandica|c_brevisepala|c_trifoliolata|c_ramosa|c_asplenifolia,CCAAACTTCCATTTCTCCTACCC,ATTGTGATGCTTGGATCTTGGGT,58.983,60.565,801,ACCCAAGATCCAAGCATCACAAT
56,c_deltoidea|c_teeta|c_quinquefolia|c_trifolia|c_chinensis|c_omeiensis|c_quinquesecta|c_groenlandica|c_brevisepala|c_trifoliolata|c_ramosa|c_asplenifolia,ACCAAATTATGAGGAGTCGGTATCA,GATATGGGCGCGTGTGAGTAG,59.634,60.931,567,CTACTCACACGCGCCCATATC
57,c_deltoidea|c_teeta|c_quinquefolia|c_trifolia|c_chinensis|c_omeiensis|c_quinquesecta|c_groenlandica|c_brevisepala|c_trifoliolata|c_ramosa|c_asplenifolia,TGCGGAGTAAATAGGCTTCTAAAT,GAATACTATATGGTAGCGGCAGGT,58.074,59.840,733,ACCTGCCGCTACCATATAGTATTC
58,c_deltoidea|c_teeta|c_quinquefolia|c_trifolia|c_chinensis|c_omeiensis|c_quinquesecta|c_groenlandica|c_brevisepala|c_trifoliolata|c_ramosa|c_asplenifolia,GAGCCAAAGATCGTAGTTCTCG,GGGACAACGGGTAGGAGAAATG,58.890,60.680,209,CATTTCTCCTACCCGTTGTCCC
59,c_deltoidea|c_teeta|c_quinquefolia|c_trifolia|c_chinensis|c_omeiensis|c_quinquesecta|c_groenlandica|c_brevisepala|c_trifoliolata|c_ramosa|c_asplenifolia,GGTCCAACTCTGAACGGTAATAAAT,GATTCATTGATCAGGGATTGGCG,59.121,60.058,345,CGCCAATCCCTGATCAATGAATC
60,c_deltoidea|c_teeta|c_quinquefolia|c_trifolia|c_chinensis|c_omeiensis|c_quinquesecta|c_groenlandica|c_brevisepala|c_trifoliolata|c_ramosa|c_asplenifolia,TTCTGATTCATTCCGATCAAGCT,TCTAGAGGGATTTGGTGTTGCTC,58.226,60.055,254,GAGCAACACCAAATCCCTCTAGA
61,c_deltoidea|c_teeta|c_quinquefolia|c_trifolia|c_chinensis|c_omeiensis|c_quinquesecta|c_groenlandica|c_brevisepala|c_trifoliolata|c_ramosa|c_asplenifolia,ATCCCTCTAGAGCCCAAACTTCC,TAGCTTATATGCCATGGGAGGGA,61.462,60.506,1017,TCCCTCCCATGGCATATAAGCTA
62,c_deltoidea|c_teeta|c_quinquefolia|c_trifolia|c_chinensis|c_omeiensis|c_quinquesecta|c_groenlandica|c_brevisepala|c_trifoliolata|c_ramosa|c_asplenifolia,CTAACCCGAGCGAGCATTCAA,TGTTGGACTCATTGGATCTTTAGC,60.739,59.056,1328,GCTAAAGATCCAATGAGTCCAACA
63,c_deltoidea|c_teeta|c_quinquefolia|c_trifolia|c_chinensis|c_omeiensis|c_quinquesecta|c_groenlandica|c_brevisepala|c_trifoliolata|c_ramosa|c_asplenifolia,TTTGTTCTTGCGTATCCCTACCG,CATTGATCAGGGATTGGCGGAA,60.924,61.011,215,TTCCGCCAATCCCTGATCAATG
64,c_deltoidea|c_teeta|c_quinquefolia|c_trifolia|c_chinensis|c_omeiensis|c_quinquesecta|c_groenlandica|c_brevisepala|c_trifoliolata|c_ramosa|c_asplenifolia,ATGTGTCAATTGGGCAAATACGC,GCGCGTGTGAGTAGGAAACAAA,60.676,61.934,772,TTTGTTTCCTACTCACACGCGC
