ID,SEQUENCE_ID,PRIMER_LEFT_SEQUENCE,PRIMER_RIGHT_SEQUENCE,PRIMER_LEFT_TM,PRIMER_RIGHT_TM,LENGTH_INTERMEDIATE_SEQUENCE,REV_RIGHT_SEQUENCE
1,c_ramosa|c_teeta|c_omeiensis|c_brevisepala|c_quinquesecta|c_groenlandica|c_deltoidea|c_asplenifolia|c_trifolia|c_quinquefolia|c_trifoliolata|c_chinensis,GTGCTCTGACCGATTGAACTACA,TTGAACCGATGACTTACGCCTTA,60.614,60.057,1217,TAAGGCGTAAGTCATCGGTTCAA
2,c_ramosa|c_teeta|c_omeiensis|c_brevisepala|c_quinquesecta|c_groenlandica|c_deltoidea|c_asplenifolia|c_trifolia|c_quinquefolia|c_trifoliolata|c_chinensis,TGGGCTGCTTTAATGGTAGTCTT,CGGACTGTAAATTCGTTGGCAATA,59.990,59.906,1927,TATTGCCAACGAATTTACAGTCCG
3,c_ramosa|c_teeta|c_omeiensis|c_brevisepala|c_quinquesecta|c_groenlandica|c_deltoidea|c_asplenifolia|c_trifolia|c_quinquefolia|c_trifoliolata|c_chinensis,ACACCCAGGCAAGAATGTAATAGA,CGTTGACAGGCGATTTAAGGAATT,59.773,60.143,837,AATTCCTTAAATCGCCTGTCAACG
4,c_ramosa|c_teeta|c_omeiensis|c_brevisepala|c_quinquesecta|c_groenlandica|c_deltoidea|c_asplenifolia|c_trifolia|c_quinquefolia|c_trifoliolata|c_chinensis,AGAGAGATGTCCTGAACCACTAGA,GGTGGGTGAAAGTTGAAGAATGG,60.018,59.994,266,CCATTCTTCAACTTTCACCCACC
5,c_ramosa|c_teeta|c_omeiensis|c_brevisepala|c_quinquesecta|c_groenlandica|c_deltoidea|c_asplenifolia|c_trifolia|c_quinquefolia|c_trifoliolata|c_chinensis,ATGGATGTAGCCTGAATGTAGCA,CGTCTAGTGGTTCAGGACATCTC,59.608,60.181,1488,GAGATGTCCTGAACCACTAGACG
6,c_ramosa|c_teeta|c_omeiensis|c_brevisepala|c_quinquesecta|c_groenlandica|c_deltoidea|c_asplenifolia|c_trifolia|c_quinquefolia|c_trifoliolata|c_chinensis,TGATTTGATTGTTTCGGCGTATCC,CATCGTCTAGTGGTTCAGGACAT,60.202,59.869,1630,ATGTCCTGAACCACTAGACGATG
7,c_ramosa|c_teeta|c_omeiensis|c_brevisepala|c_quinquesecta|c_groenlandica|c_deltoidea|c_asplenifolia|c_trifolia|c_quinquefolia|c_trifoliolata|c_chinensis,GTAACACCCAGGCAAGAATGTAAT,CGCCGAAACAATCAAATCAATGG,59.295,59.696,938,CCATTGATTTGATTGTTTCGGCG
8,c_ramosa|c_teeta|c_omeiensis|c_brevisepala|c_quinquesecta|c_groenlandica|c_deltoidea|c_asplenifolia|c_trifolia|c_quinquefolia|c_trifoliolata|c_chinensis,CCCGAGTGTCTTTGTGAAATACT,TTGCTACATTCAGGCTACATCCA,58.684,59.800,1049,TGGATGTAGCCTGAATGTAGCAA
9,c_ramosa|c_teeta|c_omeiensis|c_brevisepala|c_quinquesecta|c_groenlandica|c_deltoidea|c_asplenifolia|c_trifolia|c_quinquefolia|c_trifoliolata|c_chinensis,GGATGTAGCCTGAATGTAGCAAAG,AGTGGTTCAGGACATCTCTCTTTC,59.726,60.021,1481,GAAAGAGAGATGTCCTGAACCACT
10,c_ramosa|c_teeta|c_omeiensis|c_brevisepala|c_quinquesecta|c_groenlandica|c_deltoidea|c_asplenifolia|c_trifolia|c_quinquefolia|c_trifoliolata|c_chinensis,GGGCTGCTTTAATGGTAGTCTTTAC,GGATACGCCGAAACAATCAAATCA,59.934,60.202,475,TGATTTGATTGTTTCGGCGTATCC
11,c_ramosa|c_teeta|c_omeiensis|c_brevisepala|c_quinquesecta|c_groenlandica|c_deltoidea|c_asplenifolia|c_trifolia|c_quinquefolia|c_trifoliolata|c_chinensis,CCAGGGATTTGTCCGACAGAAA,CCTTACCATGGCGTTACTCTACC,60.552,60.492,422,GGTAGAGTAACGCCATGGTAAGG
12,c_ramosa|c_teeta|c_omeiensis|c_brevisepala|c_quinquesecta|c_groenlandica|c_deltoidea|c_asplenifolia|c_trifolia|c_quinquefolia|c_trifoliolata|c_chinensis,GCCTGAATGTAGCAAAGAACTCG,TCTCTGTTCCAATACGACGATTCT,60.182,59.602,998,AGAATCGTCGTATTGGAACAGAGA
13,c_ramosa|c_teeta|c_omeiensis|c_brevisepala|c_quinquesecta|c_groenlandica|c_deltoidea|c_asplenifolia|c_trifolia|c_quinquefolia|c_trifoliolata|c_chinensis,CGCCCGATCGACATCATACTATG,AGTCATGATTCAATGGGTCAGGT,61.031,59.732,854,ACCTGACCCATTGAATCATGACT
14,c_ramosa|c_teeta|c_omeiensis|c_brevisepala|c_quinquesecta|c_groenlandica|c_deltoidea|c_asplenifolia|c_trifolia|c_quinquefolia|c_trifoliolata|c_chinensis,ATGTCCTGAACCACTAGACGATG,CCGATGACTTACGCCTTACCATG,59.869,61.345,639,CATGGTAAGGCGTAAGTCATCGG
15,c_ramosa|c_teeta|c_omeiensis|c_brevisepala|c_quinquesecta|c_groenlandica|c_deltoidea|c_asplenifolia|c_trifolia|c_quinquefolia|c_trifoliolata|c_chinensis,GGACCTGACCCATTGAATCATGA,TCGGATGCGTCGATATGTAAATATT,60.372,58.673,357,AATATTTACATATCGACGCATCCGA
16,c_ramosa|c_teeta|c_omeiensis|c_brevisepala|c_quinquesecta|c_groenlandica|c_deltoidea|c_asplenifolia|c_trifolia|c_quinquefolia|c_trifoliolata|c_chinensis,ATTCCTTAAATCGCCTGTCAACG,TCTAGTGGTTCAGGACATCTCTCT,59.626,60.018,1727,AGAGAGATGTCCTGAACCACTAGA
17,c_ramosa|c_teeta|c_omeiensis|c_brevisepala|c_quinquesecta|c_groenlandica|c_deltoidea|c_asplenifolia|c_trifolia|c_quinquefolia|c_trifoliolata|c_chinensis,TTCCCTTTCACTCGTAGTATGGG,TTGTAGTTCAATCGGTCAGAGCA,59.550,59.994,1481,TGCTCTGACCGATTGAACTACAA
18,c_ramosa|c_teeta|c_omeiensis|c_brevisepala|c_quinquesecta|c_groenlandica|c_deltoidea|c_asplenifolia|c_trifolia|c_quinquefolia|c_trifoliolata|c_chinensis,AAGACTATCAATCCTTGCGCCTC,TGCTCTTAACGGAACATGTAGGA,60.743,59.488,433,TCCTACATGTTCCGTTAAGAGCA
19,c_ramosa|c_teeta|c_omeiensis|c_brevisepala|c_quinquesecta|c_groenlandica|c_deltoidea|c_asplenifolia|c_trifolia|c_quinquefolia|c_trifoliolata|c_chinensis,TTGACTCTGTGCCATTGATTACA,ACTGCACTGTTCATTCTAGTTCCT,58.349,59.959,1034,AGGAACTAGAATGAACAGTGCAGT
20,c_ramosa|c_teeta|c_omeiensis|c_brevisepala|c_quinquesecta|c_groenlandica|c_deltoidea|c_asplenifolia|c_trifolia|c_quinquefolia|c_trifoliolata|c_chinensis,TCCTACATGTTCCGTTAAGAGCA,GACTACCATTAAAGCAGCCCAAG,59.488,59.622,294,CTTGGGCTGCTTTAATGGTAGTC
21,c_ramosa|c_teeta|c_omeiensis|c_brevisepala|c_quinquesecta|c_groenlandica|c_deltoidea|c_asplenifolia|c_trifolia|c_quinquefolia|c_trifoliolata|c_chinensis,CATCGGATACTAGGTCGGGACTG,GGATTTGAACCGATGACTTACGC,61.668,60.242,1282,GCGTAAGTCATCGGTTCAAATCC
22,c_ramosa|c_teeta|c_omeiensis|c_brevisepala|c_quinquesecta|c_groenlandica|c_deltoidea|c_asplenifolia|c_trifolia|c_quinquefolia|c_trifoliolata|c_chinensis,TGTAGCCTGAATGTAGCAAAGAAC,GTCCCGACCTAGTATCCGATGA,59.305,60.552,850,TCATCGGATACTAGGTCGGGAC
23,c_ramosa|c_teeta|c_omeiensis|c_brevisepala|c_quinquesecta|c_groenlandica|c_deltoidea|c_asplenifolia|c_trifolia|c_quinquefolia|c_trifoliolata|c_chinensis,CCTGAATGTAGCAAAGAACTCGAATT,CCCGACCTAGTATCCGATGACTC,60.128,61.421,843,GAGTCATCGGATACTAGGTCGGG
24,c_ramosa|c_teeta|c_omeiensis|c_brevisepala|c_quinquesecta|c_groenlandica|c_deltoidea|c_asplenifolia|c_trifolia|c_quinquefolia|c_trifoliolata|c_chinensis,GGTAGAGTAACGCCATGGTAAGG,TGGGTCAGGTCCACTTTCTTT,60.492,59.150,271,AAAGAAAGTGGACCTGACCCA
25,c_ramosa|c_teeta|c_omeiensis|c_brevisepala|c_quinquesecta|c_groenlandica|c_deltoidea|c_asplenifolia|c_trifolia|c_quinquefolia|c_trifoliolata|c_chinensis,CTTGGGCTGCTTTAATGGTAGT,GCTACATTCAGGCTACATCCATTT,58.644,59.176,615,AAATGGATGTAGCCTGAATGTAGC
26,c_ramosa|c_teeta|c_omeiensis|c_brevisepala|c_quinquesecta|c_groenlandica|c_deltoidea|c_asplenifolia|c_trifolia|c_quinquefolia|c_trifoliolata|c_chinensis,GGTGCTCTGACCGATTGAACT,GACATCTCTCTTTCAAGGAGGCA,60.338,60.056,579,TGCCTCCTTGAAAGAGAGATGTC
27,c_ramosa|c_teeta|c_omeiensis|c_brevisepala|c_quinquesecta|c_groenlandica|c_deltoidea|c_asplenifolia|c_trifolia|c_quinquefolia|c_trifoliolata|c_chinensis,TCCTTGCGCCTCGGATTAC,CGATGCTCTTAACGGAACATGTA,59.857,58.890,425,TACATGTTCCGTTAAGAGCATCG
28,c_ramosa|c_teeta|c_omeiensis|c_brevisepala|c_quinquesecta|c_groenlandica|c_deltoidea|c_asplenifolia|c_trifolia|c_quinquefolia|c_trifoliolata|c_chinensis,ACCTGACCCATTGAATCATGACTA,CTCTTTGTGACTCGGAATAAACGT,59.525,59.315,207,ACGTTTATTCCGAGTCACAAAGAG
29,c_ramosa|c_teeta|c_omeiensis|c_brevisepala|c_quinquesecta|c_groenlandica|c_deltoidea|c_asplenifolia|c_trifolia|c_quinquefolia|c_trifoliolata|c_chinensis,TGACTCTGTGCCATTGATTACATTAT,GTTCTTTGCTACATTCAGGCTACA,58.944,59.305,728,TGTAGCCTGAATGTAGCAAAGAAC
30,c_ramosa|c_teeta|c_omeiensis|c_brevisepala|c_quinquesecta|c_groenlandica|c_deltoidea|c_asplenifolia|c_trifolia|c_quinquefolia|c_trifoliolata|c_chinensis,GGAACTAGAATGAACAGTGCAGTAG,GGTTCAGGACATCTCTCTTTCAAG,59.421,59.065,1169,CTTGAAAGAGAGATGTCCTGAACC
31,c_ramosa|c_teeta|c_omeiensis|c_brevisepala|c_quinquesecta|c_groenlandica|c_deltoidea|c_asplenifolia|c_trifolia|c_quinquefolia|c_trifoliolata|c_chinensis,ACCTCCTTCCATTGATTTGATTGT,TCAGGACATCTCTCTTTCAAGGAG,58.664,59.534,1628,CTCCTTGAAAGAGAGATGTCCTGA
32,c_ramosa|c_teeta|c_omeiensis|c_brevisepala|c_quinquesecta|c_groenlandica|c_deltoidea|c_asplenifolia|c_trifolia|c_quinquefolia|c_trifoliolata|c_chinensis,GGAATTCCTTAAATCGCCTGTCA,CGAGTTCTTTGCTACATTCAGGC,59.055,60.182,276,GCCTGAATGTAGCAAAGAACTCG
33,c_ramosa|c_teeta|c_omeiensis|c_brevisepala|c_quinquesecta|c_groenlandica|c_deltoidea|c_asplenifolia|c_trifolia|c_quinquefolia|c_trifoliolata|c_chinensis,TGAAAGAGAGATGTCCTGAACCA,GGGTCCTCTACTTCATTCATCATT,59.096,58.065,215,AATGATGAATGAAGTAGAGGACCC
34,c_ramosa|c_teeta|c_omeiensis|c_brevisepala|c_quinquesecta|c_groenlandica|c_deltoidea|c_asplenifolia|c_trifolia|c_quinquefolia|c_trifoliolata|c_chinensis,CCCGCCCTCCTTCCCATAAA,TGTTCCAATACGACGATTCTAAACG,61.642,59.713,212,CGTTTAGAATCGTCGTATTGGAACA
35,c_ramosa|c_teeta|c_omeiensis|c_brevisepala|c_quinquesecta|c_groenlandica|c_deltoidea|c_asplenifolia|c_trifolia|c_quinquefolia|c_trifoliolata|c_chinensis,GTAACACCCAGGCAAGAATGT,TGCTCTTAACGGAACATGTAGGAATA,58.485,60.127,217,TATTCCTACATGTTCCGTTAAGAGCA
36,c_ramosa|c_teeta|c_omeiensis|c_brevisepala|c_quinquesecta|c_groenlandica|c_deltoidea|c_asplenifolia|c_trifolia|c_quinquefolia|c_trifoliolata|c_chinensis,GAGTGTCTTTGTGAAATACTCGGG,CCGTTGACAGGCGATTTAAGGA,59.611,60.933,805,TCCTTAAATCGCCTGTCAACGG
37,c_ramosa|c_teeta|c_omeiensis|c_brevisepala|c_quinquesecta|c_groenlandica|c_deltoidea|c_asplenifolia|c_trifolia|c_quinquefolia|c_trifoliolata|c_chinensis,TTGATTGTTTCGGCGTATCCCAG,GTCAGTCCCGACCTAGTATCCG,61.479,61.385,994,CGGATACTAGGTCGGGACTGAC
38,c_ramosa|c_teeta|c_omeiensis|c_brevisepala|c_quinquesecta|c_groenlandica|c_deltoidea|c_asplenifolia|c_trifolia|c_quinquefolia|c_trifoliolata|c_chinensis,CGTTTAGAATCGTCGTATTGGAACA,ACGGACTGTAAATTCGTTGGCA,59.713,60.807,359,TGCCAACGAATTTACAGTCCGT
39,c_ramosa|c_teeta|c_omeiensis|c_brevisepala|c_quinquesecta|c_groenlandica|c_deltoidea|c_asplenifolia|c_trifolia|c_quinquefolia|c_trifoliolata|c_chinensis,CCATTCTTCAACTTTCACCCACC,TCGGATGCGTCGATATGTAAATATTTAG,59.994,59.811,982,CTAAATATTTACATATCGACGCATCCGA
40,c_ramosa|c_teeta|c_omeiensis|c_brevisepala|c_quinquesecta|c_groenlandica|c_deltoidea|c_asplenifolia|c_trifolia|c_quinquefolia|c_trifoliolata|c_chinensis,GGAGTCATCGGATACTAGGTCGG,CCAGCTCGGCCCAATAATTCG,61.421,61.741,464,CGAATTATTGGGCCGAGCTGG
41,c_ramosa|c_teeta|c_omeiensis|c_brevisepala|c_quinquesecta|c_groenlandica|c_deltoidea|c_asplenifolia|c_trifolia|c_quinquefolia|c_trifoliolata|c_chinensis,ATTGCCAACGAATTTACAGTCCG,GGGTCCTCTACTTCATTCATCATTATA,60.120,58.183,360,TATAATGATGAATGAAGTAGAGGACCC
42,c_ramosa|c_teeta|c_omeiensis|c_brevisepala|c_quinquesecta|c_groenlandica|c_deltoidea|c_asplenifolia|c_trifolia|c_quinquefolia|c_trifoliolata|c_chinensis,TGTTCATCAATAGCCTTCATTCAGA,GCCGAAACAATCAAATCAATGGAAG,58.583,59.937,612,CTTCCATTGATTTGATTGTTTCGGC
43,c_ramosa|c_teeta|c_omeiensis|c_brevisepala|c_quinquesecta|c_groenlandica|c_deltoidea|c_asplenifolia|c_trifolia|c_quinquefolia|c_trifoliolata|c_chinensis,TATCAATCCTTGCGCCTCGGA,GGCGATGCTCTTAACGGAACAT,61.640,61.315,433,ATGTTCCGTTAAGAGCATCGCC
44,c_ramosa|c_teeta|c_omeiensis|c_brevisepala|c_quinquesecta|c_groenlandica|c_deltoidea|c_asplenifolia|c_trifolia|c_quinquefolia|c_trifoliolata|c_chinensis,TGACTCTGTGCCATTGATTACATTATTAT,CCAATTCGAGTTCTTTGCTACATTCA,59.577,60.348,737,TGAATGTAGCAAAGAACTCGAATTGG
45,c_ramosa|c_teeta|c_omeiensis|c_brevisepala|c_quinquesecta|c_groenlandica|c_deltoidea|c_asplenifolia|c_trifolia|c_quinquefolia|c_trifoliolata|c_chinensis,ACCTCCTTCCATTGATTTGATTGTTTC,GGCCCAATAATTCGCCGATCC,60.526,61.815,1437,GGATCGGCGAATTATTGGGCC
46,c_ramosa|c_teeta|c_omeiensis|c_brevisepala|c_quinquesecta|c_groenlandica|c_deltoidea|c_asplenifolia|c_trifolia|c_quinquefolia|c_trifoliolata|c_chinensis,TCCTTGAAAGAGAGATGTCCTGAA,CATATCTCATCTTAACAATGCGTGAAT,59.159,58.498,302,ATTCACGCATTGTTAAGATGAGATATG
47,c_ramosa|c_teeta|c_omeiensis|c_brevisepala|c_quinquesecta|c_groenlandica|c_deltoidea|c_asplenifolia|c_trifolia|c_quinquefolia|c_trifoliolata|c_chinensis,ACCTGACCCATTGAATCATGACTATAT,TGTGACTCGGAATAAACGTTTACC,59.982,59.314,202,GGTAAACGTTTATTCCGAGTCACA
48,c_ramosa|c_teeta|c_omeiensis|c_brevisepala|c_quinquesecta|c_groenlandica|c_deltoidea|c_asplenifolia|c_trifolia|c_quinquefolia|c_trifoliolata|c_chinensis,CATTGATTTGATTGTTTCGGCGTA,TCCCATTGAATTTACAGGAGAAAGA,58.908,58.211,590,TCTTTCTCCTGTAAATTCAATGGGA
49,c_ramosa|c_teeta|c_omeiensis|c_brevisepala|c_quinquesecta|c_groenlandica|c_deltoidea|c_asplenifolia|c_trifolia|c_quinquefolia|c_trifoliolata|c_chinensis,AGTAACTGTAGATCTTGCTTGTACTT,ACAATCAAATCAATGGAAGGAGGTATG,58.102,59.931,693,CATACCTCCTTCCATTGATTTGATTGT
50,c_ramosa|c_teeta|c_omeiensis|c_brevisepala|c_quinquesecta|c_groenlandica|c_deltoidea|c_asplenifolia|c_trifolia|c_quinquefolia|c_trifoliolata|c_chinensis,AGTTTCATACATCGTTCTACAAAGCT,ACAATCAAATCAATGGAAGGAGGT,59.126,58.664,345,ACCTCCTTCCATTGATTTGATTGT
51,c_ramosa|c_teeta|c_omeiensis|c_brevisepala|c_quinquesecta|c_groenlandica|c_deltoidea|c_asplenifolia|c_trifolia|c_quinquefolia|c_trifoliolata|c_chinensis,AGAAAGTAACTGTAGATCTTGCTTGT,AAAGACTACCATTAAAGCAGCCC,58.554,58.983,257,GGGCTGCTTTAATGGTAGTCTTT
52,c_ramosa|c_teeta|c_omeiensis|c_brevisepala|c_quinquesecta|c_groenlandica|c_deltoidea|c_asplenifolia|c_trifolia|c_quinquefolia|c_trifoliolata|c_chinensis,TCCATTGATTTGATTGTTTCGGC,GTCTACGCTGGTTCAAATCCA,58.506,58.305,1455,TGGATTTGAACCAGCGTAGAC
53,c_ramosa|c_teeta|c_omeiensis|c_brevisepala|c_quinquesecta|c_groenlandica|c_deltoidea|c_asplenifolia|c_trifolia|c_quinquefolia|c_trifoliolata|c_chinensis,TCTTGCTTGTACTTAATTCTTCCGA,AGCTTTGTAGAACGATGTATGAAACT,58.539,59.126,362,AGTTTCATACATCGTTCTACAAAGCT
54,c_ramosa|c_teeta|c_omeiensis|c_brevisepala|c_quinquesecta|c_groenlandica|c_deltoidea|c_asplenifolia|c_trifolia|c_quinquefolia|c_trifoliolata|c_chinensis,CCGCTGCCTCCTTGAAAGAG,GGGTCCTCTACTTCATTCATCATTATAATT,61.024,59.464,227,AATTATAATGATGAATGAAGTAGAGGACCC
55,c_ramosa|c_teeta|c_omeiensis|c_brevisepala|c_quinquesecta|c_groenlandica|c_deltoidea|c_asplenifolia|c_trifolia|c_quinquefolia|c_trifoliolata|c_chinensis,CGCCCGATCGACATCATACT,AACAAGAGGATTTAATCGGAAATATCG,59.759,58.225,966,CGATATTTCCGATTAAATCCTCTTGTT
56,c_ramosa|c_teeta|c_omeiensis|c_brevisepala|c_quinquesecta|c_groenlandica|c_deltoidea|c_asplenifolia|c_trifolia|c_quinquefolia|c_trifoliolata|c_chinensis,TGGACCTGACCCATTGAATCA,CGGATGCGTCGATATGTAAATATTTAGTAC,59.008,60.720,357,GTACTAAATATTTACATATCGACGCATCCG
57,c_ramosa|c_teeta|c_omeiensis|c_brevisepala|c_quinquesecta|c_groenlandica|c_deltoidea|c_asplenifolia|c_trifolia|c_quinquefolia|c_trifoliolata|c_chinensis,TCTTTCTCCTGTAAATTCAATGGGA,TCTCTTTCAAGGAGGCAGCG,58.211,60.037,1044,CGCTGCCTCCTTGAAAGAGA
58,c_ramosa|c_teeta|c_omeiensis|c_brevisepala|c_quinquesecta|c_groenlandica|c_deltoidea|c_asplenifolia|c_trifolia|c_quinquefolia|c_trifoliolata|c_chinensis,AGTAACTGTAGATCTTGCTTGTACTTAAT,AGCTTTGTAGAACGATGTATGAAACTATT,58.818,59.734,374,AATAGTTTCATACATCGTTCTACAAAGCT
59,c_ramosa|c_teeta|c_omeiensis|c_brevisepala|c_quinquesecta|c_groenlandica|c_deltoidea|c_asplenifolia|c_trifolia|c_quinquefolia|c_trifoliolata|c_chinensis,ACTGTAGATCTTGCTTGTACTTAATTCT,TCCCATTGAATTTACAGGAGAAAGATTA,58.753,58.949,1264,TAATCTTTCTCCTGTAAATTCAATGGGA
60,c_ramosa|c_teeta|c_omeiensis|c_brevisepala|c_quinquesecta|c_groenlandica|c_deltoidea|c_asplenifolia|c_trifolia|c_quinquefolia|c_trifoliolata|c_chinensis,CCCAGGGATTTGTCCGACAG,TGTAAATATTTAGTACATGAAGCCACGAT,60.393,59.581,1001,ATCGTGGCTTCATGTACTAAATATTTACA
61,c_ramosa|c_teeta|c_omeiensis|c_brevisepala|c_quinquesecta|c_groenlandica|c_deltoidea|c_asplenifolia|c_trifolia|c_quinquefolia|c_trifoliolata|c_chinensis,CCCGCTGCCTCCTTGAAA,TGATATAGTCATGATTCAATGGGTCA,59.966,58.023,916,TGACCCATTGAATCATGACTATATCA
62,c_ramosa|c_teeta|c_omeiensis|c_brevisepala|c_quinquesecta|c_groenlandica|c_deltoidea|c_asplenifolia|c_trifolia|c_quinquefolia|c_trifoliolata|c_chinensis,GCGAATTATTGGGCCGAGCT,TATGATGTCGATCGGGCGGA,61.167,60.892,248,TCCGCCCGATCGACATCATA
63,c_ramosa|c_teeta|c_omeiensis|c_brevisepala|c_quinquesecta|c_groenlandica|c_deltoidea|c_asplenifolia|c_trifolia|c_quinquefolia|c_trifoliolata|c_chinensis,AGATAGAGATATGTGATAGATAGTGCTCT,TCTGAATGAAGGCTATTGATGAACA,58.650,58.583,265,TGTTCATCAATAGCCTTCATTCAGA
64,c_ramosa|c_teeta|c_omeiensis|c_brevisepala|c_quinquesecta|c_groenlandica|c_deltoidea|c_asplenifolia|c_trifolia|c_quinquefolia|c_trifoliolata|c_chinensis,AGGGTCATTACTAATTTAATTGAGTTGAGT,GAGCACCGCCCTGTCAAG,59.462,60.744,1425,CTTGACAGGGCGGTGCTC
