ID,SEQUENCE_ID,PRIMER_LEFT_SEQUENCE,PRIMER_RIGHT_SEQUENCE,PRIMER_LEFT_TM,PRIMER_RIGHT_TM,LENGTH_INTERMEDIATE_SEQUENCE,REV_RIGHT_SEQUENCE
1,c_quinquefolia|c_chinensis|c_groenlandica|c_asplenifolia|c_brevisepala|c_deltoidea|c_trifolia|c_quinquesecta|c_ramosa|c_trifoliolata|c_teeta|c_omeiensis,GAAGATGGTGACGGTGCAAATAC,CCCAGGAGCCCAGGTATCATATA,60.182,60.569,913,TATATGATACCTGGGCTCCTGGG
2,c_quinquefolia|c_chinensis|c_groenlandica|c_asplenifolia|c_brevisepala|c_deltoidea|c_trifolia|c_quinquesecta|c_ramosa|c_trifoliolata|c_teeta|c_omeiensis,TTTCTTAACCGCCGCAGTTTCTA,CTCCGGCCCAGAATACGATTAAT,60.803,60.307,987,ATTAATCGTATTCTGGGCCGGAG
3,c_quinquefolia|c_chinensis|c_groenlandica|c_asplenifolia|c_brevisepala|c_deltoidea|c_trifolia|c_quinquesecta|c_ramosa|c_trifoliolata|c_teeta|c_omeiensis,GTGCTCGGAAATGGTTGAAGTAG,GCATAACAGAGCAGCGCCTAATA,59.875,61.107,677,TATTAGGCGCTGCTCTGTTATGC
4,c_quinquefolia|c_chinensis|c_groenlandica|c_asplenifolia|c_brevisepala|c_deltoidea|c_trifolia|c_quinquesecta|c_ramosa|c_trifoliolata|c_teeta|c_omeiensis,AATCGCATTCTCTGGTCCAATTG,TCTTCCGCTTGAGTTGGGTTAAA,59.621,60.434,297,TTTAACCCAACTCAAGCGGAAGA
5,c_quinquefolia|c_chinensis|c_groenlandica|c_asplenifolia|c_brevisepala|c_deltoidea|c_trifolia|c_quinquesecta|c_ramosa|c_trifoliolata|c_teeta|c_omeiensis,CGTATTAGGCGCTGCTCTGTTAT,GCTACACCACCCACGGAATTTAA,60.857,61.119,1630,TTAAATTCCGTGGGTGGTGTAGC
6,c_quinquefolia|c_chinensis|c_groenlandica|c_asplenifolia|c_brevisepala|c_deltoidea|c_trifolia|c_quinquesecta|c_ramosa|c_trifoliolata|c_teeta|c_omeiensis,ATGGTGACGGTGCAAATACATTC,ATGCCACAAATGACCCACGAATA,59.871,60.876,1665,TATTCGTGGGTCATTTGTGGCAT
7,c_quinquefolia|c_chinensis|c_groenlandica|c_asplenifolia|c_brevisepala|c_deltoidea|c_trifolia|c_quinquesecta|c_ramosa|c_trifoliolata|c_teeta|c_omeiensis,TGCGGATATGGTCGAATGGTAAA,GTTCAAATCCTGTCTCCGCAATAT,60.181,59.424,244,ATATTGCGGAGACAGGATTTGAAC
8,c_quinquefolia|c_chinensis|c_groenlandica|c_asplenifolia|c_brevisepala|c_deltoidea|c_trifolia|c_quinquesecta|c_ramosa|c_trifoliolata|c_teeta|c_omeiensis,TTGGTCCGGTCTATTGCTCTTTC,GCACCGTCACCATCTTCGAATAA,60.619,61.227,594,TTATTCGAAGATGGTGACGGTGC
9,c_quinquefolia|c_chinensis|c_groenlandica|c_asplenifolia|c_brevisepala|c_deltoidea|c_trifolia|c_quinquesecta|c_ramosa|c_trifoliolata|c_teeta|c_omeiensis,CCAACTTGACACTTAGCCCAAAT,CCATTCGACCATATCCGCAATTT,59.426,59.747,1980,AAATTGCGGATATGGTCGAATGG
10,c_quinquefolia|c_chinensis|c_groenlandica|c_asplenifolia|c_brevisepala|c_deltoidea|c_trifolia|c_quinquesecta|c_ramosa|c_trifoliolata|c_teeta|c_omeiensis,CAGTATTGGGCTTTGGTGGTATTT,ACACCACCCACGGAATTTAAAGA,59.534,60.435,862,TCTTTAAATTCCGTGGGTGGTGT
11,c_quinquefolia|c_chinensis|c_groenlandica|c_asplenifolia|c_brevisepala|c_deltoidea|c_trifolia|c_quinquesecta|c_ramosa|c_trifoliolata|c_teeta|c_omeiensis,GGGAGAGGGTTGGATTGTTAGTG,GACGTTCTTGCCAAGGTTGTATG,60.622,60.365,515,CATACAACCTTGGCAAGAACGTC
12,c_quinquefolia|c_chinensis|c_groenlandica|c_asplenifolia|c_brevisepala|c_deltoidea|c_trifolia|c_quinquesecta|c_ramosa|c_trifoliolata|c_teeta|c_omeiensis,CAATTTCTTAACCGCCGCAGTTT,TGTATTTGCACCGTCACCATCTT,60.856,60.809,481,AAGATGGTGACGGTGCAAATACA
13,c_quinquefolia|c_chinensis|c_groenlandica|c_asplenifolia|c_brevisepala|c_deltoidea|c_trifolia|c_quinquesecta|c_ramosa|c_trifoliolata|c_teeta|c_omeiensis,TTTAACCCAACTCAAGCGGAAGA,TGGTACGAAATGAGCCACTTCAA,60.434,60.495,535,TTGAAGTGGCTCATTTCGTACCA
14,c_quinquefolia|c_chinensis|c_groenlandica|c_asplenifolia|c_brevisepala|c_deltoidea|c_trifolia|c_quinquesecta|c_ramosa|c_trifoliolata|c_teeta|c_omeiensis,CGTACCAGAGAAACCCATGTATGA,GGTTGATAGCTCCGGTCTTGAAA,60.142,60.619,1463,TTTCAAGACCGGAGCTATCAACC
15,c_quinquefolia|c_chinensis|c_groenlandica|c_asplenifolia|c_brevisepala|c_deltoidea|c_trifolia|c_quinquesecta|c_ramosa|c_trifoliolata|c_teeta|c_omeiensis,GTGGCTCATTTCGTACCAGAGAA,TGGGCTAAGTGTCAAGTTGGTAAT,60.617,60.203,405,ATTACCAACTTGACACTTAGCCCA
16,c_quinquefolia|c_chinensis|c_groenlandica|c_asplenifolia|c_brevisepala|c_deltoidea|c_trifolia|c_quinquesecta|c_ramosa|c_trifoliolata|c_teeta|c_omeiensis,CCGGTCTATTGCTCTTTCCTTGT,TGGGTTCAGCGTCCAATTATGAA,60.620,60.560,488,TTCATAATTGGACGCTGAACCCA
17,c_quinquefolia|c_chinensis|c_groenlandica|c_asplenifolia|c_brevisepala|c_deltoidea|c_trifolia|c_quinquesecta|c_ramosa|c_trifoliolata|c_teeta|c_omeiensis,CGATCTGTTCAGTTGCGACCTTA,TCCACAGTAGCACCATGAATAGC,60.917,60.432,257,GCTATTCATGGTGCTACTGTGGA
18,c_quinquefolia|c_chinensis|c_groenlandica|c_asplenifolia|c_brevisepala|c_deltoidea|c_trifolia|c_quinquesecta|c_ramosa|c_trifoliolata|c_teeta|c_omeiensis,GATCTCCGTGCTCCTTGGTTAGA,CCACAAATGACCCACGAATAGGA,61.748,60.621,252,TCCTATTCGTGGGTCATTTGTGG
19,c_quinquefolia|c_chinensis|c_groenlandica|c_asplenifolia|c_brevisepala|c_deltoidea|c_trifolia|c_quinquesecta|c_ramosa|c_trifoliolata|c_teeta|c_omeiensis,GCTGCTCTGTTATGCGCTATTC,ACATGGGTTTCTCTGGTACGAAA,60.097,59.928,632,TTTCGTACCAGAGAAACCCATGT
20,c_quinquefolia|c_chinensis|c_groenlandica|c_asplenifolia|c_brevisepala|c_deltoidea|c_trifolia|c_quinquesecta|c_ramosa|c_trifoliolata|c_teeta|c_omeiensis,CCGGTTTATGGATGAGTGCTCTT,CTCTGGTACGAAATGAGCCACTT,60.683,60.618,411,AAGTGGCTCATTTCGTACCAGAG
21,c_quinquefolia|c_chinensis|c_groenlandica|c_asplenifolia|c_brevisepala|c_deltoidea|c_trifolia|c_quinquesecta|c_ramosa|c_trifoliolata|c_teeta|c_omeiensis,TTCGTACCAGAGAAACCCATGTA,GAGATGGCTGAGCGGTTGATAG,59.166,60.866,1478,CTATCAACCGCTCAGCCATCTC
22,c_quinquefolia|c_chinensis|c_groenlandica|c_asplenifolia|c_brevisepala|c_deltoidea|c_trifolia|c_quinquesecta|c_ramosa|c_trifoliolata|c_teeta|c_omeiensis,CATAATTGGACGCTGAACCCATTT,CCACCCACGGAATTTAAAGAACC,60.142,60.057,1668,GGTTCTTTAAATTCCGTGGGTGG
23,c_quinquefolia|c_chinensis|c_groenlandica|c_asplenifolia|c_brevisepala|c_deltoidea|c_trifolia|c_quinquesecta|c_ramosa|c_trifoliolata|c_teeta|c_omeiensis,TGGTGTCAATTAGGTGGTCTATGG,AGCGGTGACCATTGAATAAGTCT,60.081,60.055,438,AGACTTATTCAATGGTCACCGCT
24,c_quinquefolia|c_chinensis|c_groenlandica|c_asplenifolia|c_brevisepala|c_deltoidea|c_trifolia|c_quinquesecta|c_ramosa|c_trifoliolata|c_teeta|c_omeiensis,GGACCCGAAACTCTTGAAGAATC,GTTCGAATCCCTCTCTCTCCTTT,59.315,59.551,1226,AAAGGAGAGAGAGGGATTCGAAC
25,c_quinquefolia|c_chinensis|c_groenlandica|c_asplenifolia|c_brevisepala|c_deltoidea|c_trifolia|c_quinquesecta|c_ramosa|c_trifoliolata|c_teeta|c_omeiensis,GCTTCTTCTGATGGTTGGTCAAG,CTTGAGGTCACGGGTTCAAATC,59.810,59.516,709,GATTTGAACCCGTGACCTCAAG
26,c_quinquefolia|c_chinensis|c_groenlandica|c_asplenifolia|c_brevisepala|c_deltoidea|c_trifolia|c_quinquesecta|c_ramosa|c_trifoliolata|c_teeta|c_omeiensis,AACTTGCTCGATCTGTTCAGTTG,TAGCACCATGAATAGCGCATAAC,59.504,59.254,258,GTTATGCGCTATTCATGGTGCTA
27,c_quinquefolia|c_chinensis|c_groenlandica|c_asplenifolia|c_brevisepala|c_deltoidea|c_trifolia|c_quinquesecta|c_ramosa|c_trifoliolata|c_teeta|c_omeiensis,CCGGAGCAATGAACCTATTTGAA,ACACTAACAATCCAACCCTCTCC,59.306,59.991,490,GGAGAGGGTTGGATTGTTAGTGT
28,c_quinquefolia|c_chinensis|c_groenlandica|c_asplenifolia|c_brevisepala|c_deltoidea|c_trifolia|c_quinquesecta|c_ramosa|c_trifoliolata|c_teeta|c_omeiensis,CATTCTCTGGTCCAATTGCTGTTT,GAATGTATTTGCACCGTCACCAT,60.022,59.871,263,ATGGTGACGGTGCAAATACATTC
29,c_quinquefolia|c_chinensis|c_groenlandica|c_asplenifolia|c_brevisepala|c_deltoidea|c_trifolia|c_quinquesecta|c_ramosa|c_trifoliolata|c_teeta|c_omeiensis,GCTCGGAAATGGTTGAAGTAGTTG,AATTGGACCAGAGAATGCGATTG,60.378,59.621,492,CAATCGCATTCTCTGGTCCAATT
30,c_quinquefolia|c_chinensis|c_groenlandica|c_asplenifolia|c_brevisepala|c_deltoidea|c_trifolia|c_quinquesecta|c_ramosa|c_trifoliolata|c_teeta|c_omeiensis,GAGGTGCTCGGAAATGGTTGAAG,GGCGGTTAAGAAATTGCATCCTT,61.966,60.119,275,AAGGATGCAATTTCTTAACCGCC
31,c_quinquefolia|c_chinensis|c_groenlandica|c_asplenifolia|c_brevisepala|c_deltoidea|c_trifolia|c_quinquesecta|c_ramosa|c_trifoliolata|c_teeta|c_omeiensis,AGTTGGAGGACATGTATGGTTAGG,ACAAATGACCCACGAATAGGAAGA,59.836,60.020,629,TCTTCCTATTCGTGGGTCATTTGT
32,c_quinquefolia|c_chinensis|c_groenlandica|c_asplenifolia|c_brevisepala|c_deltoidea|c_trifolia|c_quinquesecta|c_ramosa|c_trifoliolata|c_teeta|c_omeiensis,GATCTGTTCAGTTGCGACCTTATAA,GGGTCCGAGAAGTGAATGATAAA,59.189,58.234,1017,TTTATCATTCACTTCTCGGACCC
33,c_quinquefolia|c_chinensis|c_groenlandica|c_asplenifolia|c_brevisepala|c_deltoidea|c_trifolia|c_quinquesecta|c_ramosa|c_trifoliolata|c_teeta|c_omeiensis,TCTTCCTATTCGTGGGTCATTTGT,CTTGACCAACCATCAGAAGAAGC,60.020,59.810,827,GCTTCTTCTGATGGTTGGTCAAG
34,c_quinquefolia|c_chinensis|c_groenlandica|c_asplenifolia|c_brevisepala|c_deltoidea|c_trifolia|c_quinquesecta|c_ramosa|c_trifoliolata|c_teeta|c_omeiensis,GCTCTGTTATGCGCTATTCATGG,GGTACGAAATGAGCCACTTCAAATA,60.120,59.647,615,TATTTGAAGTGGCTCATTTCGTACC
35,c_quinquefolia|c_chinensis|c_groenlandica|c_asplenifolia|c_brevisepala|c_deltoidea|c_trifolia|c_quinquesecta|c_ramosa|c_trifoliolata|c_teeta|c_omeiensis,GAGGGTTGGATTGTTAGTGTGGA,TCTAACCAAGGAGCACGGAGATC,60.245,61.748,440,GATCTCCGTGCTCCTTGGTTAGA
36,c_quinquefolia|c_chinensis|c_groenlandica|c_asplenifolia|c_brevisepala|c_deltoidea|c_trifolia|c_quinquesecta|c_ramosa|c_trifoliolata|c_teeta|c_omeiensis,ACTTATTCAATGGTCACCGCTAAC,AAGCCCAATACTGCAGAGGAAAT,59.366,60.309,660,ATTTCCTCTGCAGTATTGGGCTT
37,c_quinquefolia|c_chinensis|c_groenlandica|c_asplenifolia|c_brevisepala|c_deltoidea|c_trifolia|c_quinquesecta|c_ramosa|c_trifoliolata|c_teeta|c_omeiensis,GTTGGATTGTTAGTGTGGACGATTT,TAGCTACACCACCCACGGAATT,60.049,61.419,570,AATTCCGTGGGTGGTGTAGCTA
38,c_quinquefolia|c_chinensis|c_groenlandica|c_asplenifolia|c_brevisepala|c_deltoidea|c_trifolia|c_quinquesecta|c_ramosa|c_trifoliolata|c_teeta|c_omeiensis,CTTTAAATTCCGTGGGTGGTGTAG,GCCCACGCTCATATATACAGATAGA,59.845,59.700,639,TCTATCTGTATATATGAGCGTGGGC
39,c_quinquefolia|c_chinensis|c_groenlandica|c_asplenifolia|c_brevisepala|c_deltoidea|c_trifolia|c_quinquesecta|c_ramosa|c_trifoliolata|c_teeta|c_omeiensis,GCTATTCATGGTGCTACTGTGGA,CCAAGAGCACTCATCCATAAACC,60.432,59.371,221,GGTTTATGGATGAGTGCTCTTGG
40,c_quinquefolia|c_chinensis|c_groenlandica|c_asplenifolia|c_brevisepala|c_deltoidea|c_trifolia|c_quinquesecta|c_ramosa|c_trifoliolata|c_teeta|c_omeiensis,TTCCTCTGCAGTATTGGGCTTTG,TTTGGGCTAAGTGTCAAGTTGGT,61.125,60.626,261,ACCAACTTGACACTTAGCCCAAA
41,c_quinquefolia|c_chinensis|c_groenlandica|c_asplenifolia|c_brevisepala|c_deltoidea|c_trifolia|c_quinquesecta|c_ramosa|c_trifoliolata|c_teeta|c_omeiensis,TGTTCAGTTGCGACCTTATAATGC,ACCGTCACCATCTTCGAATAAAGT,59.906,60.322,280,ACTTTATTCGAAGATGGTGACGGT
42,c_quinquefolia|c_chinensis|c_groenlandica|c_asplenifolia|c_brevisepala|c_deltoidea|c_trifolia|c_quinquesecta|c_ramosa|c_trifoliolata|c_teeta|c_omeiensis,GAAGTGGCTCATTTCGTACCAGA,TCGTCCACACTAACAATCCAACC,60.617,60.804,476,GGTTGGATTGTTAGTGTGGACGA
43,c_quinquefolia|c_chinensis|c_groenlandica|c_asplenifolia|c_brevisepala|c_deltoidea|c_trifolia|c_quinquesecta|c_ramosa|c_trifoliolata|c_teeta|c_omeiensis,CTATCAACCGCTCAGCCATCTC,GACCAACCATCAGAAGAAGCAAA,60.866,59.430,449,TTTGCTTCTTCTGATGGTTGGTC
44,c_quinquefolia|c_chinensis|c_groenlandica|c_asplenifolia|c_brevisepala|c_deltoidea|c_trifolia|c_quinquesecta|c_ramosa|c_trifoliolata|c_teeta|c_omeiensis,TTGGGCTTTGGTGGTATTTATCA,CCTAACCATACATGTCCTCCAACT,58.322,59.836,350,AGTTGGAGGACATGTATGGTTAGG
45,c_quinquefolia|c_chinensis|c_groenlandica|c_asplenifolia|c_brevisepala|c_deltoidea|c_trifolia|c_quinquesecta|c_ramosa|c_trifoliolata|c_teeta|c_omeiensis,TTTCATAATTGGACGCTGAACCC,AATACCACCAAAGCCCAATACTG,59.558,58.977,835,CAGTATTGGGCTTTGGTGGTATT
46,c_quinquefolia|c_chinensis|c_groenlandica|c_asplenifolia|c_brevisepala|c_deltoidea|c_trifolia|c_quinquesecta|c_ramosa|c_trifoliolata|c_teeta|c_omeiensis,CAGTGGACGAGGAATCATACATAAA,AACAGCAATTGGACCAGAGAATG,58.719,59.491,561,CATTCTCTGGTCCAATTGCTGTT
47,c_quinquefolia|c_chinensis|c_groenlandica|c_asplenifolia|c_brevisepala|c_deltoidea|c_trifolia|c_quinquesecta|c_ramosa|c_trifoliolata|c_teeta|c_omeiensis,ACTTGACACTTAGCCCAAATGTT,GTTCTTGCCAAGGTTGTATGTCTT,58.785,59.722,567,AAGACATACAACCTTGGCAAGAAC
48,c_quinquefolia|c_chinensis|c_groenlandica|c_asplenifolia|c_brevisepala|c_deltoidea|c_trifolia|c_quinquesecta|c_ramosa|c_trifoliolata|c_teeta|c_omeiensis,AGCGGAAGAGACTTATTCAATGGT,CGGCCCAGAATACGATTAATCCA,60.081,60.556,483,TGGATTAATCGTATTCTGGGCCG
49,c_quinquefolia|c_chinensis|c_groenlandica|c_asplenifolia|c_brevisepala|c_deltoidea|c_trifolia|c_quinquesecta|c_ramosa|c_trifoliolata|c_teeta|c_omeiensis,GAGCCGGGCGAAACAAATAAA,GGTGTTTCTACGGATAGTGATGGT,59.800,60.142,227,ACCATCACTATCCGTAGAAACACC
50,c_quinquefolia|c_chinensis|c_groenlandica|c_asplenifolia|c_brevisepala|c_deltoidea|c_trifolia|c_quinquesecta|c_ramosa|c_trifoliolata|c_teeta|c_omeiensis,AAATTGCGGATATGGTCGAATGG,CAAATCCTGTCTCCGCAATATTGA,59.747,59.424,245,TCAATATTGCGGAGACAGGATTTG
51,c_quinquefolia|c_chinensis|c_groenlandica|c_asplenifolia|c_brevisepala|c_deltoidea|c_trifolia|c_quinquesecta|c_ramosa|c_trifoliolata|c_teeta|c_omeiensis,TGGAAACGCTCTTTAATGGAACTT,TCCACACTAACAATCCAACCCTC,59.175,60.245,646,GAGGGTTGGATTGTTAGTGTGGA
52,c_quinquefolia|c_chinensis|c_groenlandica|c_asplenifolia|c_brevisepala|c_deltoidea|c_trifolia|c_quinquesecta|c_ramosa|c_trifoliolata|c_teeta|c_omeiensis,TGATTGAACTCTCGTATGTCCTGAA,TAAGTCTCTTCCGCTTGAGTTGG,59.815,60.306,811,CCAACTCAAGCGGAAGAGACTTA
53,c_quinquefolia|c_chinensis|c_groenlandica|c_asplenifolia|c_brevisepala|c_deltoidea|c_trifolia|c_quinquesecta|c_ramosa|c_trifoliolata|c_teeta|c_omeiensis,TCTTCTGATGGTTGGTCAAGTAACA,TTACCATTCGACCATATCCGCAA,60.163,60.181,471,TTGCGGATATGGTCGAATGGTAA
54,c_quinquefolia|c_chinensis|c_groenlandica|c_asplenifolia|c_brevisepala|c_deltoidea|c_trifolia|c_quinquesecta|c_ramosa|c_trifoliolata|c_teeta|c_omeiensis,ATACCGCCTATCCTAGTGAGTTT,CACCCACGGAATTTAAAGAACCTAAA,58.519,60.016,345,TTTAGGTTCTTTAAATTCCGTGGGTG
55,c_quinquefolia|c_chinensis|c_groenlandica|c_asplenifolia|c_brevisepala|c_deltoidea|c_trifolia|c_quinquesecta|c_ramosa|c_trifoliolata|c_teeta|c_omeiensis,AAAGGAGAGAGAGGGATTCGAAC,TGTTACTTGACCAACCATCAGAAGA,59.551,60.163,527,TCTTCTGATGGTTGGTCAAGTAACA
56,c_quinquefolia|c_chinensis|c_groenlandica|c_asplenifolia|c_brevisepala|c_deltoidea|c_trifolia|c_quinquesecta|c_ramosa|c_trifoliolata|c_teeta|c_omeiensis,AAATTCCGTGGGTGGTGTAGCTA,ACATGGAGTCGCGGAGTACTT,61.895,61.226,673,AAGTACTCCGCGACTCCATGT
57,c_quinquefolia|c_chinensis|c_groenlandica|c_asplenifolia|c_brevisepala|c_deltoidea|c_trifolia|c_quinquesecta|c_ramosa|c_trifoliolata|c_teeta|c_omeiensis,GTAGTCGGTCTGGCTCTGAAC,AGCCACTTCAAATAGGTTCATTGC,60.135,60.082,370,GCAATGAACCTATTTGAAGTGGCT
58,c_quinquefolia|c_chinensis|c_groenlandica|c_asplenifolia|c_brevisepala|c_deltoidea|c_trifolia|c_quinquesecta|c_ramosa|c_trifoliolata|c_teeta|c_omeiensis,GCAGTATTGGGCTTTGGTGGTA,GAACCTAACCATACATGTCCTCCA,60.882,59.837,359,TGGAGGACATGTATGGTTAGGTTC
59,c_quinquefolia|c_chinensis|c_groenlandica|c_asplenifolia|c_brevisepala|c_deltoidea|c_trifolia|c_quinquesecta|c_ramosa|c_trifoliolata|c_teeta|c_omeiensis,GCATTCTCTGGTCCAATTGCTG,GCACTCATCCATAAACCGGTTAC,60.159,59.688,416,GTAACCGGTTTATGGATGAGTGC
60,c_quinquefolia|c_chinensis|c_groenlandica|c_asplenifolia|c_brevisepala|c_deltoidea|c_trifolia|c_quinquesecta|c_ramosa|c_trifoliolata|c_teeta|c_omeiensis,GAAGGTATTCGTGCTTGGATGG,CGAAATGAGCCACTTCAAATAGGT,59.386,59.604,266,ACCTATTTGAAGTGGCTCATTTCG
61,c_quinquefolia|c_chinensis|c_groenlandica|c_asplenifolia|c_brevisepala|c_deltoidea|c_trifolia|c_quinquesecta|c_ramosa|c_trifoliolata|c_teeta|c_omeiensis,TGGAAGGATGCAATTTCTTAACCG,GCATTATAAGGTCGCAACTGAACA,59.842,59.906,226,TGTTCAGTTGCGACCTTATAATGC
62,c_quinquefolia|c_chinensis|c_groenlandica|c_asplenifolia|c_brevisepala|c_deltoidea|c_trifolia|c_quinquesecta|c_ramosa|c_trifoliolata|c_teeta|c_omeiensis,TGGAGGACATGTATGGTTAGGTTC,ATGACCCACGAATAGGAAGAATC,59.837,58.038,622,GATTCTTCCTATTCGTGGGTCAT
63,c_quinquefolia|c_chinensis|c_groenlandica|c_asplenifolia|c_brevisepala|c_deltoidea|c_trifolia|c_quinquesecta|c_ramosa|c_trifoliolata|c_teeta|c_omeiensis,CTCGGAAATGGTTGAAGTAGTTGAAT,GCAACTGAACAGATCGAGCAAGT,59.851,61.654,456,ACTTGCTCGATCTGTTCAGTTGC
64,c_quinquefolia|c_chinensis|c_groenlandica|c_asplenifolia|c_brevisepala|c_deltoidea|c_trifolia|c_quinquesecta|c_ramosa|c_trifoliolata|c_teeta|c_omeiensis,GGTTGGATTGTTAGTGTGGACGA,AGGAGCATGCGTCATATATTCCG,60.804,60.677,537,CGGAATATATGACGCATGCTCCT
