ID,SEQUENCE_ID,PRIMER_LEFT_SEQUENCE,PRIMER_RIGHT_SEQUENCE,PRIMER_LEFT_TM,PRIMER_RIGHT_TM,LENGTH_INTERMEDIATE_SEQUENCE,REV_RIGHT_SEQUENCE
1,c_chinensis|c_brevisepala|c_groenlandica|c_omeiensis|c_trifolia|c_ramosa|c_quinquefolia|c_asplenifolia|c_trifoliolata|c_deltoidea|c_quinquesecta|c_teeta,GTGAAACGTTACCCTGCCATAAT,CTTCGGGATTGGGCACAGTATAA,59.307,60.433,941,TTATACTGTGCCCAATCCCGAAG
2,c_chinensis|c_brevisepala|c_groenlandica|c_omeiensis|c_trifolia|c_ramosa|c_quinquefolia|c_asplenifolia|c_trifoliolata|c_deltoidea|c_quinquesecta|c_teeta,CCACGCCCATACCGATAAACTAT,CGCGTCGTATTTGGTTTGGTATT,60.307,60.182,1892,AATACCAAACCAAATACGACGCG
3,c_chinensis|c_brevisepala|c_groenlandica|c_omeiensis|c_trifolia|c_ramosa|c_quinquefolia|c_asplenifolia|c_trifoliolata|c_deltoidea|c_quinquesecta|c_teeta,CGGCCGCTGAATAGAAACATTAA,AGATTTGGCGAGCATCTGGAATA,59.689,60.181,1639,TATTCCAGATGCTCGCCAAATCT
4,c_chinensis|c_brevisepala|c_groenlandica|c_omeiensis|c_trifolia|c_ramosa|c_quinquefolia|c_asplenifolia|c_trifoliolata|c_deltoidea|c_quinquesecta|c_teeta,GCCTCTTCTTCTCCCTCTGAATC,GGTATGGGCGTGGATGTTCTTAT,60.181,60.496,446,ATAAGAACATCCACGCCCATACC
5,c_chinensis|c_brevisepala|c_groenlandica|c_omeiensis|c_trifolia|c_ramosa|c_quinquefolia|c_asplenifolia|c_trifoliolata|c_deltoidea|c_quinquesecta|c_teeta,ACTATTGCGTGGTGGAGATTGTA,GGCGTGGATATTGGCAGGAATTA,59.803,61.060,500,TAATTCCTGCCAATATCCACGCC
6,c_chinensis|c_brevisepala|c_groenlandica|c_omeiensis|c_trifolia|c_ramosa|c_quinquefolia|c_asplenifolia|c_trifoliolata|c_deltoidea|c_quinquesecta|c_teeta,ATTGCGTGGTGGAGATTGTAATT,TCTTGTTTGGGCTACTGGGTTTA,58.984,59.861,535,TAAACCCAGTAGCCCAAACAAGA
7,c_chinensis|c_brevisepala|c_groenlandica|c_omeiensis|c_trifolia|c_ramosa|c_quinquefolia|c_asplenifolia|c_trifoliolata|c_deltoidea|c_quinquesecta|c_teeta,TTCCTTGCCAAGCTACATGAAAC,CCATTGTTGTCGCTCACCATATG,59.744,60.243,1414,CATATGGTGAGCGACAACAATGG
8,c_chinensis|c_brevisepala|c_groenlandica|c_omeiensis|c_trifolia|c_ramosa|c_quinquefolia|c_asplenifolia|c_trifoliolata|c_deltoidea|c_quinquesecta|c_teeta,CCTCATTCTGCTCCGGATTGTAA,CACAACATGGGCGTTCTTCTTAG,60.432,60.120,1284,CTAAGAAGAACGCCCATGTTGTG
9,c_chinensis|c_brevisepala|c_groenlandica|c_omeiensis|c_trifolia|c_ramosa|c_quinquefolia|c_asplenifolia|c_trifoliolata|c_deltoidea|c_quinquesecta|c_teeta,ATGCCATGACGTTGTTAGGATCT,TTGGCGAGCATCTGGAATAACTA,60.118,59.866,610,TAGTTATTCCAGATGCTCGCCAA
10,c_chinensis|c_brevisepala|c_groenlandica|c_omeiensis|c_trifolia|c_ramosa|c_quinquefolia|c_asplenifolia|c_trifoliolata|c_deltoidea|c_quinquesecta|c_teeta,GACCACCCTCTACATCGAACAAA,TGTTTGGGCTACTGGGTTTATGT,60.307,60.181,306,ACATAAACCCAGTAGCCCAAACA
11,c_chinensis|c_brevisepala|c_groenlandica|c_omeiensis|c_trifolia|c_ramosa|c_quinquefolia|c_asplenifolia|c_trifoliolata|c_deltoidea|c_quinquesecta|c_teeta,TGGGCAAATATGGGTTCGATCAA,CGCCTGGGATCATGTCTTCTTAG,60.626,60.802,1906,CTAAGAAGACATGATCCCAGGCG
12,c_chinensis|c_brevisepala|c_groenlandica|c_omeiensis|c_trifolia|c_ramosa|c_quinquefolia|c_asplenifolia|c_trifoliolata|c_deltoidea|c_quinquesecta|c_teeta,AAACCCAGTAGCCCAAACAAGAT,TCCTTAATAGCGGGTTGGTTACA,60.438,59.481,1539,TGTAACCAACCCGCTATTAAGGA
13,c_chinensis|c_brevisepala|c_groenlandica|c_omeiensis|c_trifolia|c_ramosa|c_quinquefolia|c_asplenifolia|c_trifoliolata|c_deltoidea|c_quinquesecta|c_teeta,ACTTGATCTTGTTGCACCTGGTA,CTGTCCATTGTGCAAGCAAGATT,60.181,60.306,537,AATCTTGCTTGCACAATGGACAG
14,c_chinensis|c_brevisepala|c_groenlandica|c_omeiensis|c_trifolia|c_ramosa|c_quinquefolia|c_asplenifolia|c_trifoliolata|c_deltoidea|c_quinquesecta|c_teeta,CATCCACGCCCATACCGATAAA,ATCGAACCCATATTTGCCCAATG,60.549,59.678,585,CATTGGGCAAATATGGGTTCGAT
15,c_chinensis|c_brevisepala|c_groenlandica|c_omeiensis|c_trifolia|c_ramosa|c_quinquefolia|c_asplenifolia|c_trifoliolata|c_deltoidea|c_quinquesecta|c_teeta,GCAGCACCAACTATGAGAAATCC,TTTCTGATAGCCGGTCACATGTA,59.934,59.551,305,TACATGTGACCGGCTATCAGAAA
16,c_chinensis|c_brevisepala|c_groenlandica|c_omeiensis|c_trifolia|c_ramosa|c_quinquefolia|c_asplenifolia|c_trifoliolata|c_deltoidea|c_quinquesecta|c_teeta,TCCGAAGAGTCCTGACAAATGAT,TCTGATAGCCGGTCACATGTATAG,59.484,59.541,1925,CTATACATGTGACCGGCTATCAGA
17,c_chinensis|c_brevisepala|c_groenlandica|c_omeiensis|c_trifolia|c_ramosa|c_quinquefolia|c_asplenifolia|c_trifoliolata|c_deltoidea|c_quinquesecta|c_teeta,ACCACCACTGATAAACACCAGAA,CAACGTCATGGCATGCTCAATTA,59.862,60.181,1624,TAATTGAGCATGCCATGACGTTG
18,c_chinensis|c_brevisepala|c_groenlandica|c_omeiensis|c_trifolia|c_ramosa|c_quinquefolia|c_asplenifolia|c_trifoliolata|c_deltoidea|c_quinquesecta|c_teeta,ACATAAACCCAGTAGCCCAAACA,GGACTGCCATTCTAACCCTTCTC,60.181,60.683,1236,GAGAAGGGTTAGAATGGCAGTCC
19,c_chinensis|c_brevisepala|c_groenlandica|c_omeiensis|c_trifolia|c_ramosa|c_quinquefolia|c_asplenifolia|c_trifoliolata|c_deltoidea|c_quinquesecta|c_teeta,GGATTTGAACCCGTGACCTCAAG,TACAATCTCCACCACGCAATAGT,61.667,59.803,389,ACTATTGCGTGGTGGAGATTGTA
20,c_chinensis|c_brevisepala|c_groenlandica|c_omeiensis|c_trifolia|c_ramosa|c_quinquefolia|c_asplenifolia|c_trifoliolata|c_deltoidea|c_quinquesecta|c_teeta,CAACCAATCTTGCTTGCACAATG,CACATCACATTATGGCAGGGTAAC,59.814,59.963,334,GTTACCCTGCCATAATGTGATGTG
21,c_chinensis|c_brevisepala|c_groenlandica|c_omeiensis|c_trifolia|c_ramosa|c_quinquefolia|c_asplenifolia|c_trifoliolata|c_deltoidea|c_quinquesecta|c_teeta,ATAAGAACATCCACGCCCATACC,GCGGCGGTACTTGTGATATTTC,60.496,60.033,264,GAAATATCACAAGTACCGCCGC
22,c_chinensis|c_brevisepala|c_groenlandica|c_omeiensis|c_trifolia|c_ramosa|c_quinquefolia|c_asplenifolia|c_trifoliolata|c_deltoidea|c_quinquesecta|c_teeta,CCATTTATCACTCAACGACGGAATT,TTGGACATCTTGTTTGGGCTACT,59.935,60.181,506,AGTAGCCCAAACAAGATGTCCAA
23,c_chinensis|c_brevisepala|c_groenlandica|c_omeiensis|c_trifolia|c_ramosa|c_quinquefolia|c_asplenifolia|c_trifoliolata|c_deltoidea|c_quinquesecta|c_teeta,CCTATACATGTGACCGGCTATCA,GCGAGCATCTGGAATAACTAGTG,59.490,59.262,496,CACTAGTTATTCCAGATGCTCGC
24,c_chinensis|c_brevisepala|c_groenlandica|c_omeiensis|c_trifolia|c_ramosa|c_quinquefolia|c_asplenifolia|c_trifoliolata|c_deltoidea|c_quinquesecta|c_teeta,CCACGCCAGGAAATTAAGAACAT,GATTCATCATGACAGGAGCCTTTG,59.556,59.964,868,CAAAGGCTCCTGTCATGATGAATC
25,c_chinensis|c_brevisepala|c_groenlandica|c_omeiensis|c_trifolia|c_ramosa|c_quinquefolia|c_asplenifolia|c_trifoliolata|c_deltoidea|c_quinquesecta|c_teeta,TATTGCGGAGACAGGATTTGAAC,AGGGAGAAGAAGAGGCAGAGATT,59.061,60.569,517,AATCTCTGCCTCTTCTTCTCCCT
26,c_chinensis|c_brevisepala|c_groenlandica|c_omeiensis|c_trifolia|c_ramosa|c_quinquefolia|c_asplenifolia|c_trifoliolata|c_deltoidea|c_quinquesecta|c_teeta,CGTTACCCTGCCATAATGTGATG,TAACTTCGGGATTGGGCACAGTA,59.749,61.641,938,TACTGTGCCCAATCCCGAAGTTA
27,c_chinensis|c_brevisepala|c_groenlandica|c_omeiensis|c_trifolia|c_ramosa|c_quinquefolia|c_asplenifolia|c_trifoliolata|c_deltoidea|c_quinquesecta|c_teeta,CCCTAAAGCGCTCATGGTATCAT,TGTTGTCGCTCACCATATGTATTC,60.558,59.191,304,GAATACATATGGTGAGCGACAACA
28,c_chinensis|c_brevisepala|c_groenlandica|c_omeiensis|c_trifolia|c_ramosa|c_quinquefolia|c_asplenifolia|c_trifoliolata|c_deltoidea|c_quinquesecta|c_teeta,TACTGTGCCCAATCCCGAAGTTA,TGGCATTACGATTTCCAAGGTTTAG,61.641,59.875,900,CTAAACCTTGGAAATCGTAATGCCA
29,c_chinensis|c_brevisepala|c_groenlandica|c_omeiensis|c_trifolia|c_ramosa|c_quinquefolia|c_asplenifolia|c_trifoliolata|c_deltoidea|c_quinquesecta|c_teeta,AATCTCTGCCTCTTCTTCTCCCT,ATGGGCGTGGATGTTCTTATTTG,60.569,59.619,450,CAAATAAGAACATCCACGCCCAT
30,c_chinensis|c_brevisepala|c_groenlandica|c_omeiensis|c_trifolia|c_ramosa|c_quinquefolia|c_asplenifolia|c_trifoliolata|c_deltoidea|c_quinquesecta|c_teeta,ATGAGAAATCCACCGATCCACAT,CCAATTTCTAGACGCTGGAGTAGA,59.863,59.902,531,TCTACTCCAGCGTCTAGAAATTGG
31,c_chinensis|c_brevisepala|c_groenlandica|c_omeiensis|c_trifolia|c_ramosa|c_quinquefolia|c_asplenifolia|c_trifoliolata|c_deltoidea|c_quinquesecta|c_teeta,AAGGCTCCTGTCATGATGAATCC,TGTGTGGGCTTTCAGTTTAATGT,60.435,59.043,1411,ACATTAAACTGAAAGCCCACACA
32,c_chinensis|c_brevisepala|c_groenlandica|c_omeiensis|c_trifolia|c_ramosa|c_quinquefolia|c_asplenifolia|c_trifoliolata|c_deltoidea|c_quinquesecta|c_teeta,AGCCCAAACAAGATGTCCAAATA,TCAAGCTGCGTTATATACCCATCA,58.584,59.960,874,TGATGGGTATATAACGCAGCTTGA
33,c_chinensis|c_brevisepala|c_groenlandica|c_omeiensis|c_trifolia|c_ramosa|c_quinquefolia|c_asplenifolia|c_trifoliolata|c_deltoidea|c_quinquesecta|c_teeta,GCGCAAAGACGGGTTGTAATT,AAGAGATCCCACTTCCTCATGAA,60.069,58.893,750,TTCATGAGGAAGTGGGATCTCTT
34,c_chinensis|c_brevisepala|c_groenlandica|c_omeiensis|c_trifolia|c_ramosa|c_quinquefolia|c_asplenifolia|c_trifoliolata|c_deltoidea|c_quinquesecta|c_teeta,GAGACAGGATTTGAACCCGTGAC,TGGGCTACTGGGTTTATGTTCTT,61.414,59.668,903,AAGAACATAAACCCAGTAGCCCA
35,c_chinensis|c_brevisepala|c_groenlandica|c_omeiensis|c_trifolia|c_ramosa|c_quinquefolia|c_asplenifolia|c_trifoliolata|c_deltoidea|c_quinquesecta|c_teeta,TGTGATGTGTTTCCAATGCCAATAA,GCTTCTCACTTCGGGCAGTTAG,59.989,61.247,1659,CTAACTGCCCGAAGTGAGAAGC
36,c_chinensis|c_brevisepala|c_groenlandica|c_omeiensis|c_trifolia|c_ramosa|c_quinquefolia|c_asplenifolia|c_trifoliolata|c_deltoidea|c_quinquesecta|c_teeta,CCTACAGCACGTCCTTGTACAAT,GCGACGCAATCATATCACATCTG,60.617,60.423,886,CAGATGTGATATGATTGCGTCGC
37,c_chinensis|c_brevisepala|c_groenlandica|c_omeiensis|c_trifolia|c_ramosa|c_quinquefolia|c_asplenifolia|c_trifoliolata|c_deltoidea|c_quinquesecta|c_teeta,CCCTGCCATAATGTGATGTGTTT,TGGTAGCTCAACACATGTACTCTT,59.552,59.717,772,AAGAGTACATGTGTTGAGCTACCA
38,c_chinensis|c_brevisepala|c_groenlandica|c_omeiensis|c_trifolia|c_ramosa|c_quinquefolia|c_asplenifolia|c_trifoliolata|c_deltoidea|c_quinquesecta|c_teeta,GTGTAACCAACCCGCTATTAAGG,CGTCATGGCATGCTCAATTATCT,59.376,59.499,1716,AGATAATTGAGCATGCCATGACG
39,c_chinensis|c_brevisepala|c_groenlandica|c_omeiensis|c_trifolia|c_ramosa|c_quinquefolia|c_asplenifolia|c_trifoliolata|c_deltoidea|c_quinquesecta|c_teeta,GCAGATTGTATCCATTGGGCAAAT,CTTTGCGCAGAGTTCCATTACTA,60.202,59.067,1777,TAGTAATGGAACTCTGCGCAAAG
40,c_chinensis|c_brevisepala|c_groenlandica|c_omeiensis|c_trifolia|c_ramosa|c_quinquefolia|c_asplenifolia|c_trifoliolata|c_deltoidea|c_quinquesecta|c_teeta,ACGCAGCTTGAGTAGTAAAGTCT,GCTAGGAGGATTTGAAAGGCATTAT,59.744,59.228,1134,ATAATGCCTTTCAAATCCTCCTAGC
41,c_chinensis|c_brevisepala|c_groenlandica|c_omeiensis|c_trifolia|c_ramosa|c_quinquefolia|c_asplenifolia|c_trifoliolata|c_deltoidea|c_quinquesecta|c_teeta,CGAGCGAATAGAACACCTTTCAA,TCGGTGGATTTCTCATAGTTGGT,59.322,59.482,487,ACCAACTATGAGAAATCCACCGA
42,c_chinensis|c_brevisepala|c_groenlandica|c_omeiensis|c_trifolia|c_ramosa|c_quinquefolia|c_asplenifolia|c_trifoliolata|c_deltoidea|c_quinquesecta|c_teeta,ACGCCCATACCGATAAACTATTCA,AGCTGCGTTATATACCCATCATCA,59.961,59.777,839,TGATGATGGGTATATAACGCAGCT
43,c_chinensis|c_brevisepala|c_groenlandica|c_omeiensis|c_trifolia|c_ramosa|c_quinquefolia|c_asplenifolia|c_trifoliolata|c_deltoidea|c_quinquesecta|c_teeta,AGTAGCCCAAACAAGATGTCCAA,GATTTCATCCACAAACGCAAAGT,60.181,58.702,1199,ACTTTGCGTTTGTGGATGAAATC
44,c_chinensis|c_brevisepala|c_groenlandica|c_omeiensis|c_trifolia|c_ramosa|c_quinquefolia|c_asplenifolia|c_trifoliolata|c_deltoidea|c_quinquesecta|c_teeta,CTCTGCCTCTTCTTCTCCCTCTG,GCGTGGATATTGGCAGGAATTAATT,61.749,60.279,381,AATTAATTCCTGCCAATATCCACGC
45,c_chinensis|c_brevisepala|c_groenlandica|c_omeiensis|c_trifolia|c_ramosa|c_quinquefolia|c_asplenifolia|c_trifoliolata|c_deltoidea|c_quinquesecta|c_teeta,TACATGTGACCGGCTATCAGAAA,ATCCTACTCACATTGGACCCAGT,59.551,60.827,616,ACTGGGTCCAATGTGAGTAGGAT
46,c_chinensis|c_brevisepala|c_groenlandica|c_omeiensis|c_trifolia|c_ramosa|c_quinquefolia|c_asplenifolia|c_trifoliolata|c_deltoidea|c_quinquesecta|c_teeta,CCCAAGCGGAAATATCACAAGTAC,ATTGTACAAGGACGTGCTGTAGG,59.965,60.617,1844,CCTACAGCACGTCCTTGTACAAT
47,c_chinensis|c_brevisepala|c_groenlandica|c_omeiensis|c_trifolia|c_ramosa|c_quinquefolia|c_asplenifolia|c_trifoliolata|c_deltoidea|c_quinquesecta|c_teeta,TGCCAAGCTACATGAAACAGATT,AGATCCTAACAACGTCATGGCAT,58.919,60.118,1472,ATGCCATGACGTTGTTAGGATCT
48,c_chinensis|c_brevisepala|c_groenlandica|c_omeiensis|c_trifolia|c_ramosa|c_quinquefolia|c_asplenifolia|c_trifoliolata|c_deltoidea|c_quinquesecta|c_teeta,AATCTTGCTTGCACAATGGACAG,CCATCATTTGTCAGGACTCTTCG,60.306,59.380,1593,CGAAGAGTCCTGACAAATGATGG
49,c_chinensis|c_brevisepala|c_groenlandica|c_omeiensis|c_trifolia|c_ramosa|c_quinquefolia|c_asplenifolia|c_trifoliolata|c_deltoidea|c_quinquesecta|c_teeta,GTGCCCAATCCCGAAGTTAGTT,AACATGGGCGTTCTTCTTAGCAA,60.879,61.060,965,TTGCTAAGAAGAACGCCCATGTT
50,c_chinensis|c_brevisepala|c_groenlandica|c_omeiensis|c_trifolia|c_ramosa|c_quinquefolia|c_asplenifolia|c_trifoliolata|c_deltoidea|c_quinquesecta|c_teeta,GGGCAAATATGGGTTCGATCAATAT,CTACCGCACATGACTTCGAGAG,59.581,60.793,1305,CTCTCGAAGTCATGTGCGGTAG
51,c_chinensis|c_brevisepala|c_groenlandica|c_omeiensis|c_trifolia|c_ramosa|c_quinquefolia|c_asplenifolia|c_trifoliolata|c_deltoidea|c_quinquesecta|c_teeta,CCCAGTAGCCCAAACAAGATGTC,GGTACTTGTGATATTTCCGCTTGG,61.430,59.965,285,CCAAGCGGAAATATCACAAGTACC
52,c_chinensis|c_brevisepala|c_groenlandica|c_omeiensis|c_trifolia|c_ramosa|c_quinquefolia|c_asplenifolia|c_trifoliolata|c_deltoidea|c_quinquesecta|c_teeta,ATCCTCATTCTGCTCCGGATTG,CTCATGCAATTTGGGATCCTCAT,60.224,59.104,953,ATGAGGATCCCAAATTGCATGAG
53,c_chinensis|c_brevisepala|c_groenlandica|c_omeiensis|c_trifolia|c_ramosa|c_quinquefolia|c_asplenifolia|c_trifoliolata|c_deltoidea|c_quinquesecta|c_teeta,GTCTTACGTGTAAAGGGTCCTGT,ATAGCCGGTCACATGTATAGGAC,59.994,59.490,1625,GTCCTATACATGTGACCGGCTAT
54,c_chinensis|c_brevisepala|c_groenlandica|c_omeiensis|c_trifolia|c_ramosa|c_quinquefolia|c_asplenifolia|c_trifoliolata|c_deltoidea|c_quinquesecta|c_teeta,TCAATATTGCGGAGACAGGATTTG,GGCGTGGATGTTCTTATTTGGAC,59.424,60.181,945,GTCCAAATAAGAACATCCACGCC
55,c_chinensis|c_brevisepala|c_groenlandica|c_omeiensis|c_trifolia|c_ramosa|c_quinquefolia|c_asplenifolia|c_trifoliolata|c_deltoidea|c_quinquesecta|c_teeta,CCTGTCATGATGAATCCTGCAATG,GGTGGCTTTGTTACCTATTCCATTAG,60.262,59.961,1879,CTAATGGAATAGGTAACAAAGCCACC
56,c_chinensis|c_brevisepala|c_groenlandica|c_omeiensis|c_trifolia|c_ramosa|c_quinquefolia|c_asplenifolia|c_trifoliolata|c_deltoidea|c_quinquesecta|c_teeta,CATTGGGCAAATATGGGTTCGAT,ATGGCTAGGAGGATTTGAAAGGC,59.678,60.690,1411,GCCTTTCAAATCCTCCTAGCCAT
57,c_chinensis|c_brevisepala|c_groenlandica|c_omeiensis|c_trifolia|c_ramosa|c_quinquefolia|c_asplenifolia|c_trifoliolata|c_deltoidea|c_quinquesecta|c_teeta,TTATACTGTGCCCAATCCCGAAG,ATGGCATTACGATTTCCAAGGTT,60.433,58.977,904,AACCTTGGAAATCGTAATGCCAT
58,c_chinensis|c_brevisepala|c_groenlandica|c_omeiensis|c_trifolia|c_ramosa|c_quinquefolia|c_asplenifolia|c_trifoliolata|c_deltoidea|c_quinquesecta|c_teeta,GCCCAAACAAGATGTCCAAATAAGA,TGGTGTTTATCAGTGGTGGTATAC,60.047,58.263,1620,GTATACCACCACTGATAAACACCA
59,c_chinensis|c_brevisepala|c_groenlandica|c_omeiensis|c_trifolia|c_ramosa|c_quinquefolia|c_asplenifolia|c_trifoliolata|c_deltoidea|c_quinquesecta|c_teeta,CTTGCTAAGAAGAACGCCCATGT,CGCTATACAATTACAACCCGTCTTT,61.423,59.707,819,AAAGACGGGTTGTAATTGTATAGCG
60,c_chinensis|c_brevisepala|c_groenlandica|c_omeiensis|c_trifolia|c_ramosa|c_quinquefolia|c_asplenifolia|c_trifoliolata|c_deltoidea|c_quinquesecta|c_teeta,CCTCTTCTTCTCCCTCTGAATCAAA,TGTTCTTAATTTCCTGGCGTGGA,60.046,60.497,392,TCCACGCCAGGAAATTAAGAACA
61,c_chinensis|c_brevisepala|c_groenlandica|c_omeiensis|c_trifolia|c_ramosa|c_quinquefolia|c_asplenifolia|c_trifoliolata|c_deltoidea|c_quinquesecta|c_teeta,TCGTAATGCCATAATGCCTTTCA,CCTAAAGAGATCCCACTTCCTCAT,58.797,59.342,1600,ATGAGGAAGTGGGATCTCTTTAGG
62,c_chinensis|c_brevisepala|c_groenlandica|c_omeiensis|c_trifolia|c_ramosa|c_quinquefolia|c_asplenifolia|c_trifoliolata|c_deltoidea|c_quinquesecta|c_teeta,CGAAGTATGTGTCCGGATAACCC,TTTGTTCGATGTAGAGGGTGGTC,60.798,60.307,341,GACCACCCTCTACATCGAACAAA
63,c_chinensis|c_brevisepala|c_groenlandica|c_omeiensis|c_trifolia|c_ramosa|c_quinquefolia|c_asplenifolia|c_trifoliolata|c_deltoidea|c_quinquesecta|c_teeta,ACCTTGGAAATCGTAATGCCATAAT,TTGCGCAGAGTTCCATTACTATTA,59.167,58.334,400,TAATAGTAATGGAACTCTGCGCAA
64,c_chinensis|c_brevisepala|c_groenlandica|c_omeiensis|c_trifolia|c_ramosa|c_quinquefolia|c_asplenifolia|c_trifoliolata|c_deltoidea|c_quinquesecta|c_teeta,AGAACATAAACCCAGTAGCCCAA,AACACATCACATTATGGCAGGGT,59.668,60.564,201,ACCCTGCCATAATGTGATGTGTT
