ID,SEQUENCE_ID,PRIMER_LEFT_SEQUENCE,PRIMER_RIGHT_SEQUENCE,PRIMER_LEFT_TM,PRIMER_RIGHT_TM,LENGTH_INTERMEDIATE_SEQUENCE,REV_RIGHT_SEQUENCE
1,c_ramosa|c_teeta|c_omeiensis|c_brevisepala|c_quinquesecta|c_groenlandica|c_deltoidea|c_asplenifolia|c_trifolia|c_quinquefolia|c_trifoliolata|c_chinensis,ACCCGCCAACAGTCAAGTAATTA,AGATCACGAGGCGGTTTGAATAA,60.245,60.369,629,TTATTCAAACCGCCTCGTGATCT
2,c_ramosa|c_teeta|c_omeiensis|c_brevisepala|c_quinquesecta|c_groenlandica|c_deltoidea|c_asplenifolia|c_trifolia|c_quinquefolia|c_trifoliolata|c_chinensis,ATGCTACACCGCTGCTCAATATT,CTATGCCCAGATCGCGGATAAAT,60.745,60.680,1371,ATTTATCCGCGATCTGGGCATAG
3,c_ramosa|c_teeta|c_omeiensis|c_brevisepala|c_quinquesecta|c_groenlandica|c_deltoidea|c_asplenifolia|c_trifolia|c_quinquefolia|c_trifoliolata|c_chinensis,GAGACACCTCGGCATCCATATTT,GTCCGATCAAGCTGCTGAGTATT,60.495,60.740,350,AATACTCAGCAGCTTGATCGGAC
4,c_ramosa|c_teeta|c_omeiensis|c_brevisepala|c_quinquesecta|c_groenlandica|c_deltoidea|c_asplenifolia|c_trifolia|c_quinquefolia|c_trifoliolata|c_chinensis,CATGCCACTCAGCCAAAGAAATA,GGTGTAGCATCAGATCCCAAAGA,59.555,60.118,1455,TCTTTGGGATCTGATGCTACACC
5,c_ramosa|c_teeta|c_omeiensis|c_brevisepala|c_quinquesecta|c_groenlandica|c_deltoidea|c_asplenifolia|c_trifolia|c_quinquefolia|c_trifoliolata|c_chinensis,TTCTCCGTTGCTTGTGTGGATAA,CAGGTACGGAAAGAGAGGGATTC,60.495,60.181,1904,GAATCCCTCTCTTTCCGTACCTG
6,c_ramosa|c_teeta|c_omeiensis|c_brevisepala|c_quinquesecta|c_groenlandica|c_deltoidea|c_asplenifolia|c_trifolia|c_quinquefolia|c_trifoliolata|c_chinensis,CGGTCGGAATAGGTGGGTAATTT,CACACAAGCAACGGAGAACATAC,60.433,60.364,812,GTATGTTCTCCGTTGCTTGTGTG
7,c_ramosa|c_teeta|c_omeiensis|c_brevisepala|c_quinquesecta|c_groenlandica|c_deltoidea|c_asplenifolia|c_trifolia|c_quinquefolia|c_trifoliolata|c_chinensis,TTCCTTTCCTTCGAACCGTACTT,GCTTGCTGAAGGTGAAGTTTGAA,59.930,60.181,1522,TTCAAACTTCACCTTCAGCAAGC
8,c_ramosa|c_teeta|c_omeiensis|c_brevisepala|c_quinquesecta|c_groenlandica|c_deltoidea|c_asplenifolia|c_trifolia|c_quinquefolia|c_trifoliolata|c_chinensis,CTCCTCTTTCCGGACAACATACA,TCTGTCATTACGTGCGACTATCT,60.056,59.374,1497,AGATAGTCGCACGTAATGACAGA
9,c_ramosa|c_teeta|c_omeiensis|c_brevisepala|c_quinquesecta|c_groenlandica|c_deltoidea|c_asplenifolia|c_trifolia|c_quinquefolia|c_trifoliolata|c_chinensis,TATTCCAGATGCTCGCCAAATCT,TCACGAGGCGGTTTGAATAAGAA,60.181,60.555,1110,TTCTTATTCAAACCGCCTCGTGA
10,c_ramosa|c_teeta|c_omeiensis|c_brevisepala|c_quinquesecta|c_groenlandica|c_deltoidea|c_asplenifolia|c_trifolia|c_quinquefolia|c_trifoliolata|c_chinensis,TATTCAAACCGCCTCGTGATCTT,ATTTCCGGGCATTAGAACGAAAC,60.369,59.872,922,GTTTCGTTCTAATGCCCGGAAAT
11,c_ramosa|c_teeta|c_omeiensis|c_brevisepala|c_quinquesecta|c_groenlandica|c_deltoidea|c_asplenifolia|c_trifolia|c_quinquefolia|c_trifoliolata|c_chinensis,GTTTCGTTCTAATGCCCGGAAAT,CGAAGACCGTTGAAGTGACTAATT,59.872,59.315,480,AATTAGTCACTTCAACGGTCTTCG
12,c_ramosa|c_teeta|c_omeiensis|c_brevisepala|c_quinquesecta|c_groenlandica|c_deltoidea|c_asplenifolia|c_trifolia|c_quinquefolia|c_trifoliolata|c_chinensis,GCCTCGTGATCTTCAACCAATTA,TGATCTGTCATTACGTGCGACTA,59.061,59.624,855,TAGTCGCACGTAATGACAGATCA
13,c_ramosa|c_teeta|c_omeiensis|c_brevisepala|c_quinquesecta|c_groenlandica|c_deltoidea|c_asplenifolia|c_trifolia|c_quinquefolia|c_trifoliolata|c_chinensis,AGCCGCCACCATTCATTAATAAA,TTATCCACACAAGCAACGGAGAA,59.043,60.495,1240,TTCTCCGTTGCTTGTGTGGATAA
14,c_ramosa|c_teeta|c_omeiensis|c_brevisepala|c_quinquesecta|c_groenlandica|c_deltoidea|c_asplenifolia|c_trifolia|c_quinquefolia|c_trifoliolata|c_chinensis,GCTCAACGGACCTTTCAAATCTT,AAGCAACGGAGAACATACGAAAG,59.747,59.568,1395,CTTTCGTATGTTCTCCGTTGCTT
15,c_ramosa|c_teeta|c_omeiensis|c_brevisepala|c_quinquesecta|c_groenlandica|c_deltoidea|c_asplenifolia|c_trifolia|c_quinquefolia|c_trifoliolata|c_chinensis,ATACATGCCACTCAGCCAAAGAA,CCGGAAAGAGGAGGACTAAATGA,60.562,59.549,286,TCATTTAGTCCTCCTCTTTCCGG
16,c_ramosa|c_teeta|c_omeiensis|c_brevisepala|c_quinquesecta|c_groenlandica|c_deltoidea|c_asplenifolia|c_trifolia|c_quinquefolia|c_trifoliolata|c_chinensis,GTGGAGATAGTCGCACGTAATGA,TCTGTCGTGTATCCTCGGTTGAT,60.243,61.184,820,ATCAACCGAGGATACACGACAGA
17,c_ramosa|c_teeta|c_omeiensis|c_brevisepala|c_quinquesecta|c_groenlandica|c_deltoidea|c_asplenifolia|c_trifolia|c_quinquefolia|c_trifoliolata|c_chinensis,ACACCTCGGCATCCATATTTAGT,CTCTCAAGTACGGTTCGAAGGAA,59.609,60.058,444,TTCCTTCGAACCGTACTTGAGAG
18,c_ramosa|c_teeta|c_omeiensis|c_brevisepala|c_quinquesecta|c_groenlandica|c_deltoidea|c_asplenifolia|c_trifolia|c_quinquefolia|c_trifoliolata|c_chinensis,ATGGCTCGCTATTCACTCGATTT,AATGCGTTTGGATAACACCCTTT,60.493,59.423,761,AAAGGGTGTTATCCAAACGCATT
19,c_ramosa|c_teeta|c_omeiensis|c_brevisepala|c_quinquesecta|c_groenlandica|c_deltoidea|c_asplenifolia|c_trifolia|c_quinquefolia|c_trifoliolata|c_chinensis,ATTTATCCGCGATCTGGGCATAG,TAGTTGCAGGTACGGAAAGAGAG,60.680,59.807,966,CTCTCTTTCCGTACCTGCAACTA
20,c_ramosa|c_teeta|c_omeiensis|c_brevisepala|c_quinquesecta|c_groenlandica|c_deltoidea|c_asplenifolia|c_trifolia|c_quinquefolia|c_trifoliolata|c_chinensis,TTCCTTCGAACCGTACTTGAGAG,CCAGATCGCGGATAAATGGAAATT,60.058,59.784,1729,AATTTCCATTTATCCGCGATCTGG
21,c_ramosa|c_teeta|c_omeiensis|c_brevisepala|c_quinquesecta|c_groenlandica|c_deltoidea|c_asplenifolia|c_trifolia|c_quinquefolia|c_trifoliolata|c_chinensis,CTCTCTTTCCGTACCTGCAACTA,GTCTGACAGAGCGACAATTACTT,59.807,58.761,729,AAGTAATTGTCGCTCTGTCAGAC
22,c_ramosa|c_teeta|c_omeiensis|c_brevisepala|c_quinquesecta|c_groenlandica|c_deltoidea|c_asplenifolia|c_trifolia|c_quinquefolia|c_trifoliolata|c_chinensis,TTTCCTTCGGATTGAGCTGACAT,ACAGAGATGGTGCGATTTGATTT,60.308,58.988,738,AAATCAAATCGCACCATCTCTGT
23,c_ramosa|c_teeta|c_omeiensis|c_brevisepala|c_quinquesecta|c_groenlandica|c_deltoidea|c_asplenifolia|c_trifolia|c_quinquefolia|c_trifoliolata|c_chinensis,TCTTATTCAAACCGCCTCGTGAT,TAACTATGCCCAGATCGCGGATA,60.369,61.126,1917,TATCCGCGATCTGGGCATAGTTA
24,c_ramosa|c_teeta|c_omeiensis|c_brevisepala|c_quinquesecta|c_groenlandica|c_deltoidea|c_asplenifolia|c_trifolia|c_quinquefolia|c_trifoliolata|c_chinensis,AGTTATTCCAGATGCTCGCCAAA,CCCATTTCGGTCAACTCTCCATTA,60.622,60.625,236,TAATGGAGAGTTGACCGAAATGGG
25,c_ramosa|c_teeta|c_omeiensis|c_brevisepala|c_quinquesecta|c_groenlandica|c_deltoidea|c_asplenifolia|c_trifolia|c_quinquefolia|c_trifoliolata|c_chinensis,GCATGTAGGTTCCAGATCCAAGT,CGAGGCGGTTTGAATAAGAACAC,60.371,60.424,809,GTGTTCTTATTCAAACCGCCTCG
26,c_ramosa|c_teeta|c_omeiensis|c_brevisepala|c_quinquesecta|c_groenlandica|c_deltoidea|c_asplenifolia|c_trifolia|c_quinquefolia|c_trifoliolata|c_chinensis,CATCGGCATGTAGGTTCCAGATC,CTGTTGGCGGGTCTCTTTGTATG,61.109,61.721,203,CATACAAAGAGACCCGCCAACAG
27,c_ramosa|c_teeta|c_omeiensis|c_brevisepala|c_quinquesecta|c_groenlandica|c_deltoidea|c_asplenifolia|c_trifolia|c_quinquefolia|c_trifoliolata|c_chinensis,GGGCAAGTGTTCGGATCTATTATG,TTACGTGCGACTATCTCCACTAT,59.548,58.868,1332,ATAGTGGAGATAGTCGCACGTAA
28,c_ramosa|c_teeta|c_omeiensis|c_brevisepala|c_quinquesecta|c_groenlandica|c_deltoidea|c_asplenifolia|c_trifolia|c_quinquefolia|c_trifoliolata|c_chinensis,TATCCGCGATCTGGGCATAGTTA,GTACGGAAAGAGAGGGATTCGAA,61.126,59.870,954,TTCGAATCCCTCTCTTTCCGTAC
29,c_ramosa|c_teeta|c_omeiensis|c_brevisepala|c_quinquesecta|c_groenlandica|c_deltoidea|c_asplenifolia|c_trifolia|c_quinquefolia|c_trifoliolata|c_chinensis,GAAATACATGCCACTCAGCCAAA,TCAAGCTGCTGAGTATTGGAAAC,59.807,59.247,1007,GTTTCCAATACTCAGCAGCTTGA
30,c_ramosa|c_teeta|c_omeiensis|c_brevisepala|c_quinquesecta|c_groenlandica|c_deltoidea|c_asplenifolia|c_trifolia|c_quinquefolia|c_trifoliolata|c_chinensis,TGCTTGTGTGGATAAGACCTATGT,TCTCGTTCGTACTTTGGATACCC,59.775,59.871,460,GGGTATCCAAAGTACGAACGAGA
31,c_ramosa|c_teeta|c_omeiensis|c_brevisepala|c_quinquesecta|c_groenlandica|c_deltoidea|c_asplenifolia|c_trifolia|c_quinquefolia|c_trifoliolata|c_chinensis,TTCGTATGTTCTCCGTTGCTTGT,ACAAACATCCATCTCGTTCGTACT,60.801,60.322,487,AGTACGAACGAGATGGATGTTTGT
32,c_ramosa|c_teeta|c_omeiensis|c_brevisepala|c_quinquesecta|c_groenlandica|c_deltoidea|c_asplenifolia|c_trifolia|c_quinquefolia|c_trifoliolata|c_chinensis,CGAACGAGATGGATGTTTGTTGT,GACCCAGAAATCGAGTGAATAGC,59.814,59.195,1338,GCTATTCACTCGATTTCTGGGTC
33,c_ramosa|c_teeta|c_omeiensis|c_brevisepala|c_quinquesecta|c_groenlandica|c_deltoidea|c_asplenifolia|c_trifolia|c_quinquefolia|c_trifoliolata|c_chinensis,TCGTTCTAATGCCCGGAAATAAT,TCCATCTCGTTCGTACTTTGGAT,58.290,59.554,514,ATCCAAAGTACGAACGAGATGGA
34,c_ramosa|c_teeta|c_omeiensis|c_brevisepala|c_quinquesecta|c_groenlandica|c_deltoidea|c_asplenifolia|c_trifolia|c_quinquefolia|c_trifoliolata|c_chinensis,TGCCACTCAGCCAAAGAAATATAA,GTCATTACGTGCGACTATCTCCA,58.740,60.243,1762,TGGAGATAGTCGCACGTAATGAC
35,c_ramosa|c_teeta|c_omeiensis|c_brevisepala|c_quinquesecta|c_groenlandica|c_deltoidea|c_asplenifolia|c_trifolia|c_quinquefolia|c_trifoliolata|c_chinensis,TCCGTTGCTTGTGTGGATAAGAC,CAACAAACATCCATCTCGTTCGT,61.111,59.814,478,ACGAACGAGATGGATGTTTGTTG
36,c_ramosa|c_teeta|c_omeiensis|c_brevisepala|c_quinquesecta|c_groenlandica|c_deltoidea|c_asplenifolia|c_trifolia|c_quinquefolia|c_trifoliolata|c_chinensis,CGCGATCTGGGCATAGTTAACAA,TGTATACACGGTATGCGCACAAA,61.289,60.922,412,TTTGTGCGCATACCGTGTATACA
37,c_ramosa|c_teeta|c_omeiensis|c_brevisepala|c_quinquesecta|c_groenlandica|c_deltoidea|c_asplenifolia|c_trifolia|c_quinquefolia|c_trifoliolata|c_chinensis,TCCGGACAACATACAAAGAGACC,CGATCAAGCTGCTGAGTATTGGA,60.307,60.739,726,TCCAATACTCAGCAGCTTGATCG
38,c_ramosa|c_teeta|c_omeiensis|c_brevisepala|c_quinquesecta|c_groenlandica|c_deltoidea|c_asplenifolia|c_trifolia|c_quinquefolia|c_trifoliolata|c_chinensis,AGGTTCAAGTCTGACGGGAATAA,TGAAATGCGTTTGGATAACACCC,59.419,60.057,350,GGGTGTTATCCAAACGCATTTCA
39,c_ramosa|c_teeta|c_omeiensis|c_brevisepala|c_quinquesecta|c_groenlandica|c_deltoidea|c_asplenifolia|c_trifolia|c_quinquefolia|c_trifoliolata|c_chinensis,CCTCTTTCCGGACAACATACAAAG,CGAGCCGTATGAGGTAGGAAAC,59.846,60.543,853,GTTTCCTACCTCATACGGCTCG
40,c_ramosa|c_teeta|c_omeiensis|c_brevisepala|c_quinquesecta|c_groenlandica|c_deltoidea|c_asplenifolia|c_trifolia|c_quinquefolia|c_trifoliolata|c_chinensis,GGGTATCCAAAGTACGAACGAGAT,AAGCCTACATAGCAGTTCCAATG,60.202,58.798,1419,CATTGGAACTGCTATGTAGGCTT
41,c_ramosa|c_teeta|c_omeiensis|c_brevisepala|c_quinquesecta|c_groenlandica|c_deltoidea|c_asplenifolia|c_trifolia|c_quinquefolia|c_trifoliolata|c_chinensis,GTTTCCAATACTCAGCAGCTTGA,CAACGGAGAACATACGAAAGCTT,59.247,59.568,881,AAGCTTTCGTATGTTCTCCGTTG
42,c_ramosa|c_teeta|c_omeiensis|c_brevisepala|c_quinquesecta|c_groenlandica|c_deltoidea|c_asplenifolia|c_trifolia|c_quinquefolia|c_trifoliolata|c_chinensis,GTATGTTCTCCGTTGCTTGTGTG,ACATCCATCTCGTTCGTACTTTG,60.364,58.826,480,CAAAGTACGAACGAGATGGATGT
43,c_ramosa|c_teeta|c_omeiensis|c_brevisepala|c_quinquesecta|c_groenlandica|c_deltoidea|c_asplenifolia|c_trifolia|c_quinquefolia|c_trifoliolata|c_chinensis,ACTGGGTCCAATGTGAGTAGGA,TCGACTTCCAGACCATAATTGCT,60.495,59.802,493,AGCAATTATGGTCTGGAAGTCGA
44,c_ramosa|c_teeta|c_omeiensis|c_brevisepala|c_quinquesecta|c_groenlandica|c_deltoidea|c_asplenifolia|c_trifolia|c_quinquefolia|c_trifoliolata|c_chinensis,GCTCGCTATTCACTCGATTTCTG,GTCTGACAGAGCGACAATTACTTAAA,59.819,59.635,846,TTTAAGTAATTGTCGCTCTGTCAGAC
45,c_ramosa|c_teeta|c_omeiensis|c_brevisepala|c_quinquesecta|c_groenlandica|c_deltoidea|c_asplenifolia|c_trifolia|c_quinquefolia|c_trifoliolata|c_chinensis,GGTCTTCGATGGTTATACGGGTAT,ACAATTCCTTCTGTCGTGTATCCT,59.781,59.777,293,AGGATACACGACAGAAGGAATTGT
46,c_ramosa|c_teeta|c_omeiensis|c_brevisepala|c_quinquesecta|c_groenlandica|c_deltoidea|c_asplenifolia|c_trifolia|c_quinquefolia|c_trifoliolata|c_chinensis,TCCAATACTCAGCAGCTTGATCG,CGTAACGGATGTCAGCTCAATC,60.739,59.464,1011,GATTGAGCTGACATCCGTTACG
47,c_ramosa|c_teeta|c_omeiensis|c_brevisepala|c_quinquesecta|c_groenlandica|c_deltoidea|c_asplenifolia|c_trifolia|c_quinquefolia|c_trifoliolata|c_chinensis,TACGGGTATCCAAAGTACGAACG,TGAATTAGTTGCAGGTACGGAAAG,60.182,59.306,1473,CTTTCCGTACCTGCAACTAATTCA
48,c_ramosa|c_teeta|c_omeiensis|c_brevisepala|c_quinquesecta|c_groenlandica|c_deltoidea|c_asplenifolia|c_trifolia|c_quinquefolia|c_trifoliolata|c_chinensis,CCCGCCAACAGTCAAGTAATTAGTA,TAAATATGGATGCCGAGGTGTCT,60.855,59.354,382,AGACACCTCGGCATCCATATTTA
49,c_ramosa|c_teeta|c_omeiensis|c_brevisepala|c_quinquesecta|c_groenlandica|c_deltoidea|c_asplenifolia|c_trifolia|c_quinquefolia|c_trifoliolata|c_chinensis,TTCAAACTTCACCTTCAGCAAGC,TTCGTGAATTAGTTGCAGGTACG,60.181,59.324,1193,CGTACCTGCAACTAATTCACGAA
50,c_ramosa|c_teeta|c_omeiensis|c_brevisepala|c_quinquesecta|c_groenlandica|c_deltoidea|c_asplenifolia|c_trifolia|c_quinquefolia|c_trifoliolata|c_chinensis,CATACAAAGAGACCCGCCAACAG,GAAGATCACGAGGCGGTTTGAA,61.721,61.185,642,TTCAAACCGCCTCGTGATCTTC
51,c_ramosa|c_teeta|c_omeiensis|c_brevisepala|c_quinquesecta|c_groenlandica|c_deltoidea|c_asplenifolia|c_trifolia|c_quinquefolia|c_trifoliolata|c_chinensis,ACCTCGGCATCCATATTTAGTCAT,AGGCGGTTTGAATAAGAACACTTT,59.713,59.417,257,AAAGTGTTCTTATTCAAACCGCCT
52,c_ramosa|c_teeta|c_omeiensis|c_brevisepala|c_quinquesecta|c_groenlandica|c_deltoidea|c_asplenifolia|c_trifolia|c_quinquefolia|c_trifoliolata|c_chinensis,TCTCTTTCCGTACCTGCAACTAATT,ACATTTGACTCTTCACTCATCCCA,60.280,59.958,418,TGGGATGAGTGAAGAGTCAAATGT
53,c_ramosa|c_teeta|c_omeiensis|c_brevisepala|c_quinquesecta|c_groenlandica|c_deltoidea|c_asplenifolia|c_trifolia|c_quinquefolia|c_trifoliolata|c_chinensis,CCAAAGTACGAACGAGATGGATG,ACGAGAGGTAATGCGAAGAATTAT,59.448,58.156,555,ATAATTCTTCGCATTACCTCTCGT
54,c_ramosa|c_teeta|c_omeiensis|c_brevisepala|c_quinquesecta|c_groenlandica|c_deltoidea|c_asplenifolia|c_trifolia|c_quinquefolia|c_trifoliolata|c_chinensis,CTCATACGGCTCCTCCTTTCTG,TCAACAACAACTCCCTACCCTGT,60.224,61.463,1242,ACAGGGTAGGGAGTTGTTGTTGA
55,c_ramosa|c_teeta|c_omeiensis|c_brevisepala|c_quinquesecta|c_groenlandica|c_deltoidea|c_asplenifolia|c_trifolia|c_quinquefolia|c_trifoliolata|c_chinensis,GGTGGGTAATTTCCTTTCCTTCG,CTGTAGCAAAGAACGAGACTTCA,59.557,58.701,609,TGAAGTCTCGTTCTTTGCTACAG
56,c_ramosa|c_teeta|c_omeiensis|c_brevisepala|c_quinquesecta|c_groenlandica|c_deltoidea|c_asplenifolia|c_trifolia|c_quinquefolia|c_trifoliolata|c_chinensis,TCCTCCTCTTTCCGGACAACAT,TGACTAAATATGGATGCCGAGGT,61.092,59.354,417,ACCTCGGCATCCATATTTAGTCA
57,c_ramosa|c_teeta|c_omeiensis|c_brevisepala|c_quinquesecta|c_groenlandica|c_deltoidea|c_asplenifolia|c_trifolia|c_quinquefolia|c_trifoliolata|c_chinensis,GTCGGAATAGGTGGGTAATTTCCT,AGGTCTTATCCACACAAGCAACG,60.142,61.113,820,CGTTGCTTGTGTGGATAAGACCT
58,c_ramosa|c_teeta|c_omeiensis|c_brevisepala|c_quinquesecta|c_groenlandica|c_deltoidea|c_asplenifolia|c_trifolia|c_quinquefolia|c_trifoliolata|c_chinensis,ACTAGTTATTCCAGATGCTCGCC,TTTAGTGCCCATTTCGGTCAACT,60.244,60.749,246,AGTTGACCGAAATGGGCACTAAA
59,c_ramosa|c_teeta|c_omeiensis|c_brevisepala|c_quinquesecta|c_groenlandica|c_deltoidea|c_asplenifolia|c_trifolia|c_quinquefolia|c_trifoliolata|c_chinensis,GGATTGAGCTGACATCCGTTACG,CCCAGATCGCGGATAAATGGAA,61.582,60.550,842,TTCCATTTATCCGCGATCTGGG
60,c_ramosa|c_teeta|c_omeiensis|c_brevisepala|c_quinquesecta|c_groenlandica|c_deltoidea|c_asplenifolia|c_trifolia|c_quinquefolia|c_trifoliolata|c_chinensis,ACAGGGTAGGGAGTTGTTGTTGA,AATGCTACGCCTTGAACCACTC,61.463,61.194,428,GAGTGGTTCAAGGCGTAGCATT
61,c_ramosa|c_teeta|c_omeiensis|c_brevisepala|c_quinquesecta|c_groenlandica|c_deltoidea|c_asplenifolia|c_trifolia|c_quinquefolia|c_trifoliolata|c_chinensis,TGAAGTCTCGTTCTTTGCTACAG,CTACGAGAGGTAATGCGAAGAAT,58.701,58.139,1205,ATTCTTCGCATTACCTCTCGTAG
62,c_ramosa|c_teeta|c_omeiensis|c_brevisepala|c_quinquesecta|c_groenlandica|c_deltoidea|c_asplenifolia|c_trifolia|c_quinquefolia|c_trifoliolata|c_chinensis,TCAAATCGCACCATCTCTGTAAT,GAATAGCGAGCCATTCCTAGTATTT,58.230,58.833,951,AAATACTAGGAATGGCTCGCTATTC
63,c_ramosa|c_teeta|c_omeiensis|c_brevisepala|c_quinquesecta|c_groenlandica|c_deltoidea|c_asplenifolia|c_trifolia|c_quinquefolia|c_trifoliolata|c_chinensis,GACCCGCCAACAGTCAAGTAA,ACCGTAAAGATCAATTAGCGAGGT,60.542,60.142,1285,ACCTCGCTAATTGATCTTTACGGT
64,c_ramosa|c_teeta|c_omeiensis|c_brevisepala|c_quinquesecta|c_groenlandica|c_deltoidea|c_asplenifolia|c_trifolia|c_quinquefolia|c_trifoliolata|c_chinensis,CGTTACGGTCGTTCATTCTATTCA,TCTTACGAGAAAGGCACATGATT,59.205,58.168,674,AATCATGTGCCTTTCTCGTAAGA
