ID,SEQUENCE_ID,PRIMER_LEFT_SEQUENCE,PRIMER_RIGHT_SEQUENCE,PRIMER_LEFT_TM,PRIMER_RIGHT_TM,LENGTH_INTERMEDIATE_SEQUENCE,REV_RIGHT_SEQUENCE
1,c_asplenifolia|c_teeta|c_omeiensis|c_groenlandica|c_deltoidea|c_ramosa|c_quinquesecta|c_quinquefolia|c_trifoliolata|c_chinensis|c_brevisepala|c_trifolia,TGGTTCCTGGCATGTGGTTAATA,TGGGCTTCGATTACCAAGGAATA,59.989,59.543,857,TATTCCTTGGTAATCGAAGCCCA
2,c_asplenifolia|c_teeta|c_omeiensis|c_groenlandica|c_deltoidea|c_ramosa|c_quinquesecta|c_quinquefolia|c_trifoliolata|c_chinensis|c_brevisepala|c_trifolia,GCACACTGGGAGCGTAGATAATT,GGAGGGATGTTCAGTACCGATTC,60.741,60.493,627,GAATCGGTACTGAACATCCCTCC
3,c_asplenifolia|c_teeta|c_omeiensis|c_groenlandica|c_deltoidea|c_ramosa|c_quinquesecta|c_quinquefolia|c_trifoliolata|c_chinensis|c_brevisepala|c_trifolia,TGACATAGACCCAAGCCCTCTAA,CAGTTTATGGCCGCTTCTCTATG,60.568,59.504,1727,CATAGAGAAGCGGCCATAAACTG
4,c_asplenifolia|c_teeta|c_omeiensis|c_groenlandica|c_deltoidea|c_ramosa|c_quinquesecta|c_quinquefolia|c_trifoliolata|c_chinensis|c_brevisepala|c_trifolia,GTCGCTCTGTCAGACCATAATGA,TCCGAATGAAACCAGAGGAATGT,60.181,59.991,793,ACATTCCTCTGGTTTCATTCGGA
5,c_asplenifolia|c_teeta|c_omeiensis|c_groenlandica|c_deltoidea|c_ramosa|c_quinquesecta|c_quinquefolia|c_trifoliolata|c_chinensis|c_brevisepala|c_trifolia,ATCCTCGTGTCACCAGTTCAAAT,TTTGATGCCCGAAAGTTGGATAG,60.245,59.306,544,CTATCCAACTTTCGGGCATCAAA
6,c_asplenifolia|c_teeta|c_omeiensis|c_groenlandica|c_deltoidea|c_ramosa|c_quinquesecta|c_quinquefolia|c_trifoliolata|c_chinensis|c_brevisepala|c_trifolia,TGGTAGACGCTACGGACTTAATT,GGGCTTGGGTCTATGTCAATCAA,59.304,60.625,920,TTGATTGACATAGACCCAAGCCC
7,c_asplenifolia|c_teeta|c_omeiensis|c_groenlandica|c_deltoidea|c_ramosa|c_quinquesecta|c_quinquefolia|c_trifoliolata|c_chinensis|c_brevisepala|c_trifolia,TATGCACACTGGGAGCGTAGATA,TTATGGCCGCTTCTCTATGGTAC,61.001,59.993,864,GTACCATAGAGAAGCGGCCATAA
8,c_asplenifolia|c_teeta|c_omeiensis|c_groenlandica|c_deltoidea|c_ramosa|c_quinquesecta|c_quinquefolia|c_trifoliolata|c_chinensis|c_brevisepala|c_trifolia,GTACCATAGAGAAGCGGCCATAA,GGTTCAGTTTATGCATGGCGAAA,59.993,60.367,216,TTTCGCCATGCATAAACTGAACC
9,c_asplenifolia|c_teeta|c_omeiensis|c_groenlandica|c_deltoidea|c_ramosa|c_quinquesecta|c_quinquefolia|c_trifoliolata|c_chinensis|c_brevisepala|c_trifolia,TCCTCTGGTTTCATTCGGATAGG,GATTAGAGGGCTTGGGTCTATGT,59.612,59.351,1294,ACATAGACCCAAGCCCTCTAATC
10,c_asplenifolia|c_teeta|c_omeiensis|c_groenlandica|c_deltoidea|c_ramosa|c_quinquesecta|c_quinquefolia|c_trifoliolata|c_chinensis|c_brevisepala|c_trifolia,TGGATTGAGCCTTGGTATGGAAA,ACATGCCAGGAACCAGATTTGAA,59.989,60.755,1012,TTCAAATCTGGTTCCTGGCATGT
11,c_asplenifolia|c_teeta|c_omeiensis|c_groenlandica|c_deltoidea|c_ramosa|c_quinquesecta|c_quinquefolia|c_trifoliolata|c_chinensis|c_brevisepala|c_trifolia,TGGTAATCGAAGCCCAAAGATCT,TAGGCTCACGATTCGACTTTGAT,59.800,59.869,710,ATCAAAGTCGAATCGTGAGCCTA
12,c_asplenifolia|c_teeta|c_omeiensis|c_groenlandica|c_deltoidea|c_ramosa|c_quinquesecta|c_quinquefolia|c_trifoliolata|c_chinensis|c_brevisepala|c_trifolia,AAATGCGATGCTCTAACCTCTGA,CAACTGAGCTATCCCGACTCTTC,60.119,60.490,1675,GAAGAGTCGGGATAGCTCAGTTG
13,c_asplenifolia|c_teeta|c_omeiensis|c_groenlandica|c_deltoidea|c_ramosa|c_quinquesecta|c_quinquefolia|c_trifoliolata|c_chinensis|c_brevisepala|c_trifolia,CTCGTGTCACCAGTTCAAATCTG,ACTTTGATCGTTATGGGCTGGTA,59.815,59.801,1557,TACCAGCCCATAACGATCAAAGT
14,c_asplenifolia|c_teeta|c_omeiensis|c_groenlandica|c_deltoidea|c_ramosa|c_quinquesecta|c_quinquefolia|c_trifoliolata|c_chinensis|c_brevisepala|c_trifolia,CCTATCCAACTTTCGGGCATCAA,AGATCTTTGGGCTTCGATTACCA,60.935,59.800,368,TGGTAATCGAAGCCCAAAGATCT
15,c_asplenifolia|c_teeta|c_omeiensis|c_groenlandica|c_deltoidea|c_ramosa|c_quinquesecta|c_quinquefolia|c_trifoliolata|c_chinensis|c_brevisepala|c_trifolia,CAATCCTGAGCCAAATCCTGTTT,GGACTTGAACCCTCACGATTTAA,59.487,58.679,460,TTAAATCGTGAGGGTTCAAGTCC
16,c_asplenifolia|c_teeta|c_omeiensis|c_groenlandica|c_deltoidea|c_ramosa|c_quinquesecta|c_quinquefolia|c_trifoliolata|c_chinensis|c_brevisepala|c_trifolia,GTCGGGATAGCTCAGTTGGTAGA,GATGCCCGAAAGTTGGATAGGAT,61.248,60.497,578,ATCCTATCCAACTTTCGGGCATC
17,c_asplenifolia|c_teeta|c_omeiensis|c_groenlandica|c_deltoidea|c_ramosa|c_quinquesecta|c_quinquefolia|c_trifoliolata|c_chinensis|c_brevisepala|c_trifolia,AATTGGTAGACGCTACGGACTTA,AGAGGGCTTGGGTCTATGTCAAT,59.304,61.149,926,ATTGACATAGACCCAAGCCCTCT
18,c_asplenifolia|c_teeta|c_omeiensis|c_groenlandica|c_deltoidea|c_ramosa|c_quinquesecta|c_quinquefolia|c_trifoliolata|c_chinensis|c_brevisepala|c_trifolia,GAAGAGTCGGGATAGCTCAGTTG,TCCTAGGCAAGCGGATCTCATTT,60.490,61.768,1568,AAATGAGATCCGCTTGCCTAGGA
19,c_asplenifolia|c_teeta|c_omeiensis|c_groenlandica|c_deltoidea|c_ramosa|c_quinquesecta|c_quinquefolia|c_trifoliolata|c_chinensis|c_brevisepala|c_trifolia,GGTACTGAACATCCCTCCTGTAAT,TCGAATTGGTCAAGACTCTCCAG,59.591,60.057,276,CTGGAGAGTCTTGACCAATTCGA
20,c_asplenifolia|c_teeta|c_omeiensis|c_groenlandica|c_deltoidea|c_ramosa|c_quinquesecta|c_quinquefolia|c_trifoliolata|c_chinensis|c_brevisepala|c_trifolia,AAGCATTGCCCATCGGTTCTATA,TCGACGAATATTGAAACGAGACA,60.181,58.275,277,TGTCTCGTTTCAATATTCGTCGA
21,c_asplenifolia|c_teeta|c_omeiensis|c_groenlandica|c_deltoidea|c_ramosa|c_quinquesecta|c_quinquefolia|c_trifoliolata|c_chinensis|c_brevisepala|c_trifolia,CATAGACCCAAGCCCTCTAATCT,GGAATCCTAGAACTCCGTCTGTT,59.093,59.552,749,AACAGACGGAGTTCTAGGATTCC
22,c_asplenifolia|c_teeta|c_omeiensis|c_groenlandica|c_deltoidea|c_ramosa|c_quinquesecta|c_quinquefolia|c_trifoliolata|c_chinensis|c_brevisepala|c_trifolia,TCAAAGTCGAATCGTGAGCCTAT,TGGTTACAATTCCGAATCCGTTATT,59.869,59.119,426,AATAACGGATTCGGAATTGTAACCA
23,c_asplenifolia|c_teeta|c_omeiensis|c_groenlandica|c_deltoidea|c_ramosa|c_quinquesecta|c_quinquefolia|c_trifoliolata|c_chinensis|c_brevisepala|c_trifolia,GACGCTACGGACTTAATTGGATTG,CCACATGCCAGGAACCAGATTT,60.026,61.149,1031,AAATCTGGTTCCTGGCATGTGG
24,c_asplenifolia|c_teeta|c_omeiensis|c_groenlandica|c_deltoidea|c_ramosa|c_quinquesecta|c_quinquefolia|c_trifoliolata|c_chinensis|c_brevisepala|c_trifolia,TACCAGCCCATAACGATCAAAGT,GCATCTATGTTTCTGCTTCACGAATA,59.801,60.019,610,TATTCGTGAAGCAGAAACATAGATGC
25,c_asplenifolia|c_teeta|c_omeiensis|c_groenlandica|c_deltoidea|c_ramosa|c_quinquesecta|c_quinquefolia|c_trifoliolata|c_chinensis|c_brevisepala|c_trifolia,CCATAGAGAAGCGGCCATAAACT,CGATGGGCAATGCTTGGTTACA,60.495,61.778,383,TGTAACCAAGCATTGCCCATCG
26,c_asplenifolia|c_teeta|c_omeiensis|c_groenlandica|c_deltoidea|c_ramosa|c_quinquesecta|c_quinquefolia|c_trifoliolata|c_chinensis|c_brevisepala|c_trifolia,TTCAAATCTGGTTCCTGGCATGT,GAGGGATGTTCAGTACCGATTCTTA,60.755,59.931,1379,TAAGAATCGGTACTGAACATCCCTC
27,c_asplenifolia|c_teeta|c_omeiensis|c_groenlandica|c_deltoidea|c_ramosa|c_quinquesecta|c_quinquefolia|c_trifoliolata|c_chinensis|c_brevisepala|c_trifolia,AGACCCAAGCCCTCTAATCTAAA,TCCCAGTGTGCATATGATGTAGC,58.628,60.495,867,GCTACATCATATGCACACTGGGA
28,c_asplenifolia|c_teeta|c_omeiensis|c_groenlandica|c_deltoidea|c_ramosa|c_quinquesecta|c_quinquefolia|c_trifoliolata|c_chinensis|c_brevisepala|c_trifolia,ACATTCCTCTGGTTTCATTCGGA,AAACAGGATTTGGCTCAGGATTG,59.991,59.487,491,CAATCCTGAGCCAAATCCTGTTT
29,c_asplenifolia|c_teeta|c_omeiensis|c_groenlandica|c_deltoidea|c_ramosa|c_quinquesecta|c_quinquefolia|c_trifoliolata|c_chinensis|c_brevisepala|c_trifolia,AGTCCGCTTTACTCCCTAACTATTT,TATTAACCACATGCCAGGAACCA,59.575,59.989,469,TGGTTCCTGGCATGTGGTTAATA
30,c_asplenifolia|c_teeta|c_omeiensis|c_groenlandica|c_deltoidea|c_ramosa|c_quinquesecta|c_quinquefolia|c_trifoliolata|c_chinensis|c_brevisepala|c_trifolia,AATTGGATTGAGCCTTGGTATGG,GGCTTGGGTCTATGTCAATCAATTA,59.037,59.172,900,TAATTGATTGACATAGACCCAAGCC
31,c_asplenifolia|c_teeta|c_omeiensis|c_groenlandica|c_deltoidea|c_ramosa|c_quinquesecta|c_quinquefolia|c_trifoliolata|c_chinensis|c_brevisepala|c_trifolia,TCCCTACGAGACCCTCTAGAACA,GTCGATGTTTATTTGCCGGGTTG,61.399,60.973,1070,CAACCCGGCAAATAAACATCGAC
32,c_asplenifolia|c_teeta|c_omeiensis|c_groenlandica|c_deltoidea|c_ramosa|c_quinquesecta|c_quinquefolia|c_trifoliolata|c_chinensis|c_brevisepala|c_trifolia,CGGCAAATAAACATCGACAGGAA,TGTTGGTTCAGTTTATGCATGGC,59.874,60.306,509,GCCATGCATAAACTGAACCAACA
33,c_asplenifolia|c_teeta|c_omeiensis|c_groenlandica|c_deltoidea|c_ramosa|c_quinquesecta|c_quinquefolia|c_trifoliolata|c_chinensis|c_brevisepala|c_trifolia,AAGTCCGCTTTACTCCCTAACTA,AGTCCTCTGCTCTACCAACTGA,58.652,60.225,419,TCAGTTGGTAGAGCAGAGGACT
34,c_asplenifolia|c_teeta|c_omeiensis|c_groenlandica|c_deltoidea|c_ramosa|c_quinquesecta|c_quinquefolia|c_trifoliolata|c_chinensis|c_brevisepala|c_trifolia,ATCTGGTTCCTGGCATGTGGTTA,GGGCTTCGATTACCAAGGAATAGAA,61.912,60.687,859,TTCTATTCCTTGGTAATCGAAGCCC
35,c_asplenifolia|c_teeta|c_omeiensis|c_groenlandica|c_deltoidea|c_ramosa|c_quinquesecta|c_quinquefolia|c_trifoliolata|c_chinensis|c_brevisepala|c_trifolia,GCCATGCATAAACTGAACCAACA,GCATCTATGTTTCTGCTTCACGA,60.306,59.381,343,TCGTGAAGCAGAAACATAGATGC
36,c_asplenifolia|c_teeta|c_omeiensis|c_groenlandica|c_deltoidea|c_ramosa|c_quinquesecta|c_quinquefolia|c_trifoliolata|c_chinensis|c_brevisepala|c_trifolia,TACAAATGCGATGCTCTAACCTC,TTTCCATACCAAGGCTCAATCCA,58.880,59.989,747,TGGATTGAGCCTTGGTATGGAAA
37,c_asplenifolia|c_teeta|c_omeiensis|c_groenlandica|c_deltoidea|c_ramosa|c_quinquesecta|c_quinquefolia|c_trifoliolata|c_chinensis|c_brevisepala|c_trifolia,GTAGACGCTACGGACTTAATTGGA,TACCAACTGAGCTATCCCGACTC,60.202,61.248,977,GAGTCGGGATAGCTCAGTTGGTA
38,c_asplenifolia|c_teeta|c_omeiensis|c_groenlandica|c_deltoidea|c_ramosa|c_quinquesecta|c_quinquefolia|c_trifoliolata|c_chinensis|c_brevisepala|c_trifolia,CCAATCCTCGGGCTTTATTTGTA,GGGAGTCGATAAGCTAATTCCTGT,58.796,59.961,530,ACAGGAATTAGCTTATCGACTCCC
39,c_asplenifolia|c_teeta|c_omeiensis|c_groenlandica|c_deltoidea|c_ramosa|c_quinquesecta|c_quinquefolia|c_trifoliolata|c_chinensis|c_brevisepala|c_trifolia,GACCCGTTGAACCTTTGGCTTT,TCCATACCAAGGCTCAATCCAATTA,61.851,60.104,1235,TAATTGGATTGAGCCTTGGTATGGA
40,c_asplenifolia|c_teeta|c_omeiensis|c_groenlandica|c_deltoidea|c_ramosa|c_quinquesecta|c_quinquefolia|c_trifoliolata|c_chinensis|c_brevisepala|c_trifolia,GGTACCAGCCCATAACGATCAA,GAGTTTCGATGTATTGGGTGTATCC,60.159,59.534,355,GGATACACCCAATACATCGAAACTC
41,c_asplenifolia|c_teeta|c_omeiensis|c_groenlandica|c_deltoidea|c_ramosa|c_quinquesecta|c_quinquefolia|c_trifoliolata|c_chinensis|c_brevisepala|c_trifolia,GGTTCCTGGCATGTGGTTAATAATG,CGTGCTGGAAATTATGATCAAGGA,60.452,59.424,1143,TCCTTGATCATAATTTCCAGCACG
42,c_asplenifolia|c_teeta|c_omeiensis|c_groenlandica|c_deltoidea|c_ramosa|c_quinquesecta|c_quinquefolia|c_trifoliolata|c_chinensis|c_brevisepala|c_trifolia,ACGAGACCCTCTAGAACACATAT,TGCTTCATTAATAGGCTCACGATTC,58.206,59.533,1315,GAATCGTGAGCCTATTAATGAAGCA
43,c_asplenifolia|c_teeta|c_omeiensis|c_groenlandica|c_deltoidea|c_ramosa|c_quinquesecta|c_quinquefolia|c_trifoliolata|c_chinensis|c_brevisepala|c_trifolia,TCGAAGCCCAAAGATCTATGAACT,ACTCGTGCTGGAAATTATGATCAA,59.838,58.815,300,TTGATCATAATTTCCAGCACGAGT
44,c_asplenifolia|c_teeta|c_omeiensis|c_groenlandica|c_deltoidea|c_ramosa|c_quinquesecta|c_quinquefolia|c_trifoliolata|c_chinensis|c_brevisepala|c_trifolia,ACACTGGGAGCGTAGATAATTGTA,AGGGATGTTCAGTACCGATTCTTATAG,59.352,60.040,623,CTATAAGAATCGGTACTGAACATCCCT
45,c_asplenifolia|c_teeta|c_omeiensis|c_groenlandica|c_deltoidea|c_ramosa|c_quinquesecta|c_quinquefolia|c_trifoliolata|c_chinensis|c_brevisepala|c_trifolia,GTGTTATCCAAACGCATTTCAAGT,TCCAATTAAGTCCGTAGCGTCTA,58.780,59.053,1258,TAGACGCTACGGACTTAATTGGA
46,c_asplenifolia|c_teeta|c_omeiensis|c_groenlandica|c_deltoidea|c_ramosa|c_quinquesecta|c_quinquefolia|c_trifoliolata|c_chinensis|c_brevisepala|c_trifolia,AAATCCTCGTGTCACCAGTTCA,CGCTTCTCTATGGTACCAGTTGT,59.896,60.119,1625,ACAACTGGTACCATAGAGAAGCG
47,c_asplenifolia|c_teeta|c_omeiensis|c_groenlandica|c_deltoidea|c_ramosa|c_quinquesecta|c_quinquefolia|c_trifoliolata|c_chinensis|c_brevisepala|c_trifolia,TTTCGCCATGCATAAACTGAACC,TCGACGAATATTGAAACGAGACATATT,60.367,59.353,455,AATATGTCTCGTTTCAATATTCGTCGA
48,c_asplenifolia|c_teeta|c_omeiensis|c_groenlandica|c_deltoidea|c_ramosa|c_quinquesecta|c_quinquefolia|c_trifoliolata|c_chinensis|c_brevisepala|c_trifolia,CTCAGTTGGTAGAGCAGAGGACT,TCTATGGTACCAGTTGTTGCTTCA,61.128,59.959,1644,TGAAGCAACAACTGGTACCATAGA
49,c_asplenifolia|c_teeta|c_omeiensis|c_groenlandica|c_deltoidea|c_ramosa|c_quinquesecta|c_quinquefolia|c_trifoliolata|c_chinensis|c_brevisepala|c_trifolia,TGGAGAGTCTTGACCAATTCGAA,TTGGTTACAATTCCGAATCCGTT,59.676,58.926,348,AACGGATTCGGAATTGTAACCAA
50,c_asplenifolia|c_teeta|c_omeiensis|c_groenlandica|c_deltoidea|c_ramosa|c_quinquesecta|c_quinquefolia|c_trifoliolata|c_chinensis|c_brevisepala|c_trifolia,ACCCGGCAAATAAACATCGACAG,CCATTACTTGATCGAACAACCCAAA,61.726,60.048,396,TTTGGGTTGTTCGATCAAGTAATGG
51,c_asplenifolia|c_teeta|c_omeiensis|c_groenlandica|c_deltoidea|c_ramosa|c_quinquesecta|c_quinquefolia|c_trifoliolata|c_chinensis|c_brevisepala|c_trifolia,CAAAGTCGAATCGTGAGCCTATTAA,TTTCGTGCTTATCCCAATTGTTG,59.481,58.196,291,CAACAATTGGGATAAGCACGAAA
52,c_asplenifolia|c_teeta|c_omeiensis|c_groenlandica|c_deltoidea|c_ramosa|c_quinquesecta|c_quinquefolia|c_trifoliolata|c_chinensis|c_brevisepala|c_trifolia,GCTACATCATATGCACACTGGGA,CGATAAGCTAATTCCTGTCGATGTT,60.495,59.308,595,AACATCGACAGGAATTAGCTTATCG
53,c_asplenifolia|c_teeta|c_omeiensis|c_groenlandica|c_deltoidea|c_ramosa|c_quinquesecta|c_quinquefolia|c_trifoliolata|c_chinensis|c_brevisepala|c_trifolia,GATTGACATAGACCCAAGCCCTC,AGTTCATAGATCTTTGGGCTTCGA,60.746,59.838,991,TCGAAGCCCAAAGATCTATGAACT
54,c_asplenifolia|c_teeta|c_omeiensis|c_groenlandica|c_deltoidea|c_ramosa|c_quinquesecta|c_quinquefolia|c_trifoliolata|c_chinensis|c_brevisepala|c_trifolia,CGGCAAATAAACATCGACAGGAATTA,AGTCCTAGGCAAGCGGATCTC,60.458,61.367,210,GAGATCCGCTTGCCTAGGACT
55,c_asplenifolia|c_teeta|c_omeiensis|c_groenlandica|c_deltoidea|c_ramosa|c_quinquesecta|c_quinquefolia|c_trifoliolata|c_chinensis|c_brevisepala|c_trifolia,TCCAGCGATATGAACGTATTTAAGT,CCTATCCGAATGAAACCAGAGGA,58.490,59.612,826,TCCTCTGGTTTCATTCGGATAGG
56,c_asplenifolia|c_teeta|c_omeiensis|c_groenlandica|c_deltoidea|c_ramosa|c_quinquesecta|c_quinquefolia|c_trifoliolata|c_chinensis|c_brevisepala|c_trifolia,GGTAATCGAAGCCCAAAGATCTATG,CGTGCTGGAAATTATGATCAAGGATTA,59.590,60.041,302,TAATCCTTGATCATAATTTCCAGCACG
57,c_asplenifolia|c_teeta|c_omeiensis|c_groenlandica|c_deltoidea|c_ramosa|c_quinquesecta|c_quinquefolia|c_trifoliolata|c_chinensis|c_brevisepala|c_trifolia,CAACCCGGCAAATAAACATCGA,TCTTTCGAATTGGTCAAGACTCTC,59.837,58.769,345,GAGAGTCTTGACCAATTCGAAAGA
58,c_asplenifolia|c_teeta|c_omeiensis|c_groenlandica|c_deltoidea|c_ramosa|c_quinquesecta|c_quinquefolia|c_trifoliolata|c_chinensis|c_brevisepala|c_trifolia,CATCCTATCCAACTTTCGGGCAT,TTCCTGTCGATGTTTATTTGCCG,60.749,59.874,824,CGGCAAATAAACATCGACAGGAA
59,c_asplenifolia|c_teeta|c_omeiensis|c_groenlandica|c_deltoidea|c_ramosa|c_quinquesecta|c_quinquefolia|c_trifoliolata|c_chinensis|c_brevisepala|c_trifolia,TCCAAACGCATTTCAAGTAATTGT,TAAGTCCGTAGCGTCTACCAATT,58.163,59.304,1246,AATTGGTAGACGCTACGGACTTA
60,c_asplenifolia|c_teeta|c_omeiensis|c_groenlandica|c_deltoidea|c_ramosa|c_quinquesecta|c_quinquefolia|c_trifoliolata|c_chinensis|c_brevisepala|c_trifolia,ACTGAACATCCCTCCTGTAATAGT,TCCATTACTTGATCGAACAACCC,58.719,58.741,331,GGGTTGTTCGATCAAGTAATGGA
61,c_asplenifolia|c_teeta|c_omeiensis|c_groenlandica|c_deltoidea|c_ramosa|c_quinquesecta|c_quinquefolia|c_trifoliolata|c_chinensis|c_brevisepala|c_trifolia,AGTGCAATGACTCTGTTTGATCT,TGGTTACAATTATCTACGCTCCCA,58.350,59.594,434,TGGGAGCGTAGATAATTGTAACCA
62,c_asplenifolia|c_teeta|c_omeiensis|c_groenlandica|c_deltoidea|c_ramosa|c_quinquesecta|c_quinquefolia|c_trifoliolata|c_chinensis|c_brevisepala|c_trifolia,AGTCGAATCGTGAGCCTATTAATGA,GATGAGTTTCGATGTATTGGGTGTA,59.990,58.953,336,TACACCCAATACATCGAAACTCATC
63,c_asplenifolia|c_teeta|c_omeiensis|c_groenlandica|c_deltoidea|c_ramosa|c_quinquesecta|c_quinquefolia|c_trifoliolata|c_chinensis|c_brevisepala|c_trifolia,AGACCCAAGCCCTCTAATCTAAATAG,GGACTGTTAGCTAGTGTGTATCATCT,59.729,59.960,837,AGATGATACACACTAGCTAACAGTCC
64,c_asplenifolia|c_teeta|c_omeiensis|c_groenlandica|c_deltoidea|c_ramosa|c_quinquesecta|c_quinquefolia|c_trifoliolata|c_chinensis|c_brevisepala|c_trifolia,AGCCCAAAGATCTATGAACTAGCC,ACAGGAGGGATGTTCAGTACCG,60.202,61.474,524,CGGTACTGAACATCCCTCCTGT
