ID,SEQUENCE_ID,PRIMER_LEFT_SEQUENCE,PRIMER_RIGHT_SEQUENCE,PRIMER_LEFT_TM,PRIMER_RIGHT_TM,LENGTH_INTERMEDIATE_SEQUENCE,REV_RIGHT_SEQUENCE
1,c_chinensis|c_brevisepala|c_groenlandica|c_omeiensis|c_trifolia|c_ramosa|c_quinquefolia|c_asplenifolia|c_trifoliolata|c_deltoidea|c_quinquesecta|c_teeta,TTCGTCAATTCCCGCCCAAATAT,GAGAGATGGCTGAGTGGACTAAA,60.938,59.551,1174,TTTAGTCCACTCAGCCATCTCTC
2,c_chinensis|c_brevisepala|c_groenlandica|c_omeiensis|c_trifolia|c_ramosa|c_quinquefolia|c_asplenifolia|c_trifoliolata|c_deltoidea|c_quinquesecta|c_teeta,AAATGGCAGCAACATACCCTTTG,CAGACGCGCTATCCAAGAATTTC,60.307,60.303,1386,GAAATTCTTGGATAGCGCGTCTG
3,c_chinensis|c_brevisepala|c_groenlandica|c_omeiensis|c_trifolia|c_ramosa|c_quinquefolia|c_asplenifolia|c_trifoliolata|c_deltoidea|c_quinquesecta|c_teeta,CACTCAGCCATCTCTCCCAATTG,TGGTTTCATTCGGCTCCTTTATG,61.242,59.306,1213,CATAAAGGAGCCGAATGAAACCA
4,c_chinensis|c_brevisepala|c_groenlandica|c_omeiensis|c_trifolia|c_ramosa|c_quinquefolia|c_asplenifolia|c_trifoliolata|c_deltoidea|c_quinquesecta|c_teeta,AGCCATCTCTCCCAATTGAACAA,CTTTGGTTTCATTCGGCTCCTTT,60.245,59.994,1211,AAAGGAGCCGAATGAAACCAAAG
5,c_chinensis|c_brevisepala|c_groenlandica|c_omeiensis|c_trifolia|c_ramosa|c_quinquefolia|c_asplenifolia|c_trifoliolata|c_deltoidea|c_quinquesecta|c_teeta,CGTCAATTCCCGCCCAAATATCTA,TTCAATTGGGAGAGATGGCTGAG,61.041,60.371,1181,CTCAGCCATCTCTCCCAATTGAA
6,c_chinensis|c_brevisepala|c_groenlandica|c_omeiensis|c_trifolia|c_ramosa|c_quinquefolia|c_asplenifolia|c_trifoliolata|c_deltoidea|c_quinquesecta|c_teeta,TCGAAACGTATAGGAGGCTTTCT,ACGCGCTATCCAAGAATTTCCTT,59.302,60.931,1809,AAGGAAATTCTTGGATAGCGCGT
7,c_chinensis|c_brevisepala|c_groenlandica|c_omeiensis|c_trifolia|c_ramosa|c_quinquefolia|c_asplenifolia|c_trifoliolata|c_deltoidea|c_quinquesecta|c_teeta,GCTTTAGTCCACTCAGCCATCTC,TGAGTGGGTCATTTGTCGAACA,60.987,60.159,543,TGTTCGACAAATGACCCACTCA
8,c_chinensis|c_brevisepala|c_groenlandica|c_omeiensis|c_trifolia|c_ramosa|c_quinquefolia|c_asplenifolia|c_trifoliolata|c_deltoidea|c_quinquesecta|c_teeta,AAACCCACCTTCCGAAGATCTC,ACAAAGGGTATGTTGCTGCCATT,60.027,61.325,554,AATGGCAGCAACATACCCTTTGT
9,c_chinensis|c_brevisepala|c_groenlandica|c_omeiensis|c_trifolia|c_ramosa|c_quinquefolia|c_asplenifolia|c_trifoliolata|c_deltoidea|c_quinquesecta|c_teeta,TTAGTCCACTCAGCCATCTCTCC,ACCACTAAACTATACCCGCTACAA,61.195,59.289,579,TTGTAGCGGGTATAGTTTAGTGGT
10,c_chinensis|c_brevisepala|c_groenlandica|c_omeiensis|c_trifolia|c_ramosa|c_quinquefolia|c_asplenifolia|c_trifoliolata|c_deltoidea|c_quinquesecta|c_teeta,GATCTCTTCCTTCTCTTCGGGATC,ATATTTGGGCGGGAATTGACGAA,60.022,60.938,1343,TTCGTCAATTCCCGCCCAAATAT
11,c_chinensis|c_brevisepala|c_groenlandica|c_omeiensis|c_trifolia|c_ramosa|c_quinquefolia|c_asplenifolia|c_trifoliolata|c_deltoidea|c_quinquesecta|c_teeta,CCTTCGAAACGTATAGGAGGCTT,TCCAGACGCGCTATCCAAGAAT,60.181,61.855,1817,ATTCTTGGATAGCGCGTCTGGA
12,c_chinensis|c_brevisepala|c_groenlandica|c_omeiensis|c_trifolia|c_ramosa|c_quinquefolia|c_asplenifolia|c_trifoliolata|c_deltoidea|c_quinquesecta|c_teeta,ACCCTAGATCCTTACCTCTGAGAA,CCTTTGTTCAATTGGGAGAGATGG,59.517,59.841,1784,CCATCTCTCCCAATTGAACAAAGG
13,c_chinensis|c_brevisepala|c_groenlandica|c_omeiensis|c_trifolia|c_ramosa|c_quinquefolia|c_asplenifolia|c_trifoliolata|c_deltoidea|c_quinquesecta|c_teeta,TCGAACATCAATTGCAACGATTC,TAGATATTTGGGCGGGAATTGAC,58.597,58.605,1324,GTCAATTCCCGCCCAAATATCTA
14,c_chinensis|c_brevisepala|c_groenlandica|c_omeiensis|c_trifolia|c_ramosa|c_quinquefolia|c_asplenifolia|c_trifoliolata|c_deltoidea|c_quinquesecta|c_teeta,GGGATCGAACATCAATTGCAACG,TCTCAGAGGTAAGGATCTAGGGTTAA,61.031,59.838,730,TTAACCCTAGATCCTTACCTCTGAGA
15,c_chinensis|c_brevisepala|c_groenlandica|c_omeiensis|c_trifolia|c_ramosa|c_quinquefolia|c_asplenifolia|c_trifoliolata|c_deltoidea|c_quinquesecta|c_teeta,AATATCATGAACGGTTCCGGTAG,AAGCCTCCTATACGTTTCGAAGG,58.372,60.181,221,CCTTCGAAACGTATAGGAGGCTT
16,c_chinensis|c_brevisepala|c_groenlandica|c_omeiensis|c_trifolia|c_ramosa|c_quinquefolia|c_asplenifolia|c_trifoliolata|c_deltoidea|c_quinquesecta|c_teeta,GAAATTCTTGGATAGCGCGTCTG,TCCGAAGATGAAGAGAGAAACAAAGA,60.303,60.239,342,TCTTTGTTTCTCTCTTCATCTTCGGA
17,c_chinensis|c_brevisepala|c_groenlandica|c_omeiensis|c_trifolia|c_ramosa|c_quinquefolia|c_asplenifolia|c_trifoliolata|c_deltoidea|c_quinquesecta|c_teeta,TGGGTTTAGACATTACTTCGGTGAT,TCTCAGAGGTAAGGATCTAGGGT,60.046,58.944,273,ACCCTAGATCCTTACCTCTGAGA
18,c_chinensis|c_brevisepala|c_groenlandica|c_omeiensis|c_trifolia|c_ramosa|c_quinquefolia|c_asplenifolia|c_trifoliolata|c_deltoidea|c_quinquesecta|c_teeta,TGTTCGACAAATGACCCACTCA,CCGCATCGTTAGCTTGGAAGG,60.159,61.665,796,CCTTCCAAGCTAACGATGCGG
19,c_chinensis|c_brevisepala|c_groenlandica|c_omeiensis|c_trifolia|c_ramosa|c_quinquefolia|c_asplenifolia|c_trifoliolata|c_deltoidea|c_quinquesecta|c_teeta,CCATCTCTCCCAATTGAACAAAGG,AAACAATAAACGGCCCGGCTAG,59.841,61.518,245,CTAGCCGGGCCGTTTATTGTTT
20,c_chinensis|c_brevisepala|c_groenlandica|c_omeiensis|c_trifolia|c_ramosa|c_quinquefolia|c_asplenifolia|c_trifoliolata|c_deltoidea|c_quinquesecta|c_teeta,AGATGGCTCATTGGGATAGAAATAGA,ACCGAAGTAATGTCTAAACCCAATG,59.497,59.354,449,CATTGGGTTTAGACATTACTTCGGT
21,c_chinensis|c_brevisepala|c_groenlandica|c_omeiensis|c_trifolia|c_ramosa|c_quinquefolia|c_asplenifolia|c_trifoliolata|c_deltoidea|c_quinquesecta|c_teeta,AAGATCTCTTCCTTCTCTTCGGG,TCACCGAAGTAATGTCTAAACCCA,59.296,59.716,501,TGGGTTTAGACATTACTTCGGTGA
22,c_chinensis|c_brevisepala|c_groenlandica|c_omeiensis|c_trifolia|c_ramosa|c_quinquefolia|c_asplenifolia|c_trifoliolata|c_deltoidea|c_quinquesecta|c_teeta,TGAGTCCTTGGCATTTCATTTATTGA,GGTGATCCAGACGCGCTATC,59.563,60.665,1603,GATAGCGCGTCTGGATCACC
23,c_chinensis|c_brevisepala|c_groenlandica|c_omeiensis|c_trifolia|c_ramosa|c_quinquefolia|c_asplenifolia|c_trifoliolata|c_deltoidea|c_quinquesecta|c_teeta,TTCTTGGATAGCGCGTCTGGAT,ATTGGGAGAGATGGCTGAGTGG,61.855,61.819,618,CCACTCAGCCATCTCTCCCAAT
24,c_chinensis|c_brevisepala|c_groenlandica|c_omeiensis|c_trifolia|c_ramosa|c_quinquefolia|c_asplenifolia|c_trifoliolata|c_deltoidea|c_quinquesecta|c_teeta,TGTAGCGGGTATAGTTTAGTGGTAAA,TCATCATTTCAAATTGGAACGTCTCT,59.620,59.569,713,AGAGACGTTCCAATTTGAAATGATGA
25,c_chinensis|c_brevisepala|c_groenlandica|c_omeiensis|c_trifolia|c_ramosa|c_quinquefolia|c_asplenifolia|c_trifoliolata|c_deltoidea|c_quinquesecta|c_teeta,CGAGTTGGTTGGGTGCATTCA,GAACCCGCATCGTTAGCTTGG,61.421,61.926,234,CCAAGCTAACGATGCGGGTTC
26,c_chinensis|c_brevisepala|c_groenlandica|c_omeiensis|c_trifolia|c_ramosa|c_quinquefolia|c_asplenifolia|c_trifoliolata|c_deltoidea|c_quinquesecta|c_teeta,GTTCGTCAATTCCCGCCCAAA,GATCCAGACGCGCTATCCAAG,61.752,60.933,585,CTTGGATAGCGCGTCTGGATC
27,c_chinensis|c_brevisepala|c_groenlandica|c_omeiensis|c_trifolia|c_ramosa|c_quinquefolia|c_asplenifolia|c_trifoliolata|c_deltoidea|c_quinquesecta|c_teeta,ACATCAATTGCAACGATTCGATAG,CAGAGGTAAGGATCTAGGGTTAATGT,58.259,59.445,719,ACATTAACCCTAGATCCTTACCTCTG
28,c_chinensis|c_brevisepala|c_groenlandica|c_omeiensis|c_trifolia|c_ramosa|c_quinquefolia|c_asplenifolia|c_trifoliolata|c_deltoidea|c_quinquesecta|c_teeta,TGACATTAACCCTAGATCCTTACCT,ACGAAGAGTTTGAGAGTAAGCATTA,58.550,58.311,1459,TAATGCTTACTCTCAAACTCTTCGT
29,c_chinensis|c_brevisepala|c_groenlandica|c_omeiensis|c_trifolia|c_ramosa|c_quinquefolia|c_asplenifolia|c_trifoliolata|c_deltoidea|c_quinquesecta|c_teeta,CTGCACCTGTCACTAAACAACT,GAATGCACCCAACCAACTCG,58.794,59.759,738,CGAGTTGGTTGGGTGCATTC
30,c_chinensis|c_brevisepala|c_groenlandica|c_omeiensis|c_trifolia|c_ramosa|c_quinquefolia|c_asplenifolia|c_trifoliolata|c_deltoidea|c_quinquesecta|c_teeta,GGATAGCGCGTCTGGATCAC,GGAGAGATGGCTGAGTGGACT,60.665,60.964,609,AGTCCACTCAGCCATCTCTCC
31,c_chinensis|c_brevisepala|c_groenlandica|c_omeiensis|c_trifolia|c_ramosa|c_quinquefolia|c_asplenifolia|c_trifoliolata|c_deltoidea|c_quinquesecta|c_teeta,GATAGATGGCTCATTGGGATAGAAA,CCGAAGTAATGTCTAAACCCAATGATT,58.285,59.933,451,AATCATTGGGTTTAGACATTACTTCGG
32,c_chinensis|c_brevisepala|c_groenlandica|c_omeiensis|c_trifolia|c_ramosa|c_quinquefolia|c_asplenifolia|c_trifoliolata|c_deltoidea|c_quinquesecta|c_teeta,TCTCTCCCAATTGAACAAAGGATAA,AGTTGTTTAGTGACAGGTGCAG,58.211,58.794,372,CTGCACCTGTCACTAAACAACT
33,c_chinensis|c_brevisepala|c_groenlandica|c_omeiensis|c_trifolia|c_ramosa|c_quinquefolia|c_asplenifolia|c_trifoliolata|c_deltoidea|c_quinquesecta|c_teeta,TGTAGCGGGTATAGTTTAGTGGT,GGGTTATAGTCGACGTAAATTCATCAT,58.719,59.402,733,ATGATGAATTTACGTCGACTATAACCC
34,c_chinensis|c_brevisepala|c_groenlandica|c_omeiensis|c_trifolia|c_ramosa|c_quinquefolia|c_asplenifolia|c_trifoliolata|c_deltoidea|c_quinquesecta|c_teeta,GGTTTAGACATTACTTCGGTGATCCT,CCGAAGATGAAGAGAGAAACAAAGAATA,60.630,59.703,1741,TATTCTTTGTTTCTCTCTTCATCTTCGG
35,c_chinensis|c_brevisepala|c_groenlandica|c_omeiensis|c_trifolia|c_ramosa|c_quinquefolia|c_asplenifolia|c_trifoliolata|c_deltoidea|c_quinquesecta|c_teeta,AAGGAAATTCTTGGATAGCGCGT,GCACCCAACCAACTCGCTTT,60.931,61.734,1698,AAAGCGAGTTGGTTGGGTGC
36,c_chinensis|c_brevisepala|c_groenlandica|c_omeiensis|c_trifolia|c_ramosa|c_quinquefolia|c_asplenifolia|c_trifoliolata|c_deltoidea|c_quinquesecta|c_teeta,AATGCTTACTCTCAAACTCTTCGT,GGTTCGAATCCCTCTCTTTCC,58.457,58.092,277,GGAAAGAGAGGGATTCGAACC
37,c_chinensis|c_brevisepala|c_groenlandica|c_omeiensis|c_trifolia|c_ramosa|c_quinquefolia|c_asplenifolia|c_trifoliolata|c_deltoidea|c_quinquesecta|c_teeta,TCATTGGGTTTAGACATTACTTCGG,GAGGTAAGGATCTAGGGTTAATGTCAA,59.122,59.929,272,TTGACATTAACCCTAGATCCTTACCTC
38,c_chinensis|c_brevisepala|c_groenlandica|c_omeiensis|c_trifolia|c_ramosa|c_quinquefolia|c_asplenifolia|c_trifoliolata|c_deltoidea|c_quinquesecta|c_teeta,GACATTAACCCTAGATCCTTACCTCTG,GGGCGGGAATTGACGAACAG,60.256,61.645,619,CTGTTCGTCAATTCCCGCCC
39,c_chinensis|c_brevisepala|c_groenlandica|c_omeiensis|c_trifolia|c_ramosa|c_quinquefolia|c_asplenifolia|c_trifoliolata|c_deltoidea|c_quinquesecta|c_teeta,CTTTCATTTGCCTATTCAAGCCC,ACTTTGGTTTCATTCGGCTCC,58.564,59.113,800,GGAGCCGAATGAAACCAAAGT
40,c_chinensis|c_brevisepala|c_groenlandica|c_omeiensis|c_trifolia|c_ramosa|c_quinquefolia|c_asplenifolia|c_trifoliolata|c_deltoidea|c_quinquesecta|c_teeta,TCTTTGTTTCTCTCTTCATCTTCGG,TTATCCTTTGTTCAATTGGGAGAGA,59.071,58.211,320,TCTCTCCCAATTGAACAAAGGATAA
41,c_chinensis|c_brevisepala|c_groenlandica|c_omeiensis|c_trifolia|c_ramosa|c_quinquefolia|c_asplenifolia|c_trifoliolata|c_deltoidea|c_quinquesecta|c_teeta,GTTTAGACATTACTTCGGTGATCCTTAA,GGTAAGGATCTAGGGTTAATGTCAATCA,59.495,60.430,263,TGATTGACATTAACCCTAGATCCTTACC
42,c_chinensis|c_brevisepala|c_groenlandica|c_omeiensis|c_trifolia|c_ramosa|c_quinquefolia|c_asplenifolia|c_trifoliolata|c_deltoidea|c_quinquesecta|c_teeta,TGGCTCAATCGGTACATAATAATACA,CCGAAAGAACCACTGAAGTCA,58.328,58.166,1812,TGACTTCAGTGGTTCTTTCGG
43,c_chinensis|c_brevisepala|c_groenlandica|c_omeiensis|c_trifolia|c_ramosa|c_quinquefolia|c_asplenifolia|c_trifoliolata|c_deltoidea|c_quinquesecta|c_teeta,ACAGTGGTGATATTCTTTGTTTCTCTC,GTGTTTCCGCCGAGCTAAA,59.611,58.464,1277,TTTAGCTCGGCGGAAACAC
44,c_chinensis|c_brevisepala|c_groenlandica|c_omeiensis|c_trifolia|c_ramosa|c_quinquefolia|c_asplenifolia|c_trifoliolata|c_deltoidea|c_quinquesecta|c_teeta,TAGCCGGGCCGTTTATTGTTT,CCATGGATTCTTTACTCATACTCATTCA,60.614,59.331,605,TGAATGAGTATGAGTAAAGAATCCATGG
45,c_chinensis|c_brevisepala|c_groenlandica|c_omeiensis|c_trifolia|c_ramosa|c_quinquefolia|c_asplenifolia|c_trifoliolata|c_deltoidea|c_quinquesecta|c_teeta,CTTTCTCCTCGTACGGCTCG,CAATAAATGAAATGCCAAGGACTCA,60.248,58.367,224,TGAGTCCTTGGCATTTCATTTATTG
46,c_chinensis|c_brevisepala|c_groenlandica|c_omeiensis|c_trifolia|c_ramosa|c_quinquefolia|c_asplenifolia|c_trifoliolata|c_deltoidea|c_quinquesecta|c_teeta,TTGATTGACATTAACCCTAGATCCTT,GAGAGAAACAAAGAATATCACCACTGT,58.128,59.611,1495,ACAGTGGTGATATTCTTTGTTTCTCTC
47,c_chinensis|c_brevisepala|c_groenlandica|c_omeiensis|c_trifolia|c_ramosa|c_quinquefolia|c_asplenifolia|c_trifoliolata|c_deltoidea|c_quinquesecta|c_teeta,CCACTCAGCCATCTCTCCCAA,TGGATTCTTTACTCATACTCATTCAATTGG,61.520,60.202,834,CCAATTGAATGAGTATGAGTAAAGAATCCA
48,c_chinensis|c_brevisepala|c_groenlandica|c_omeiensis|c_trifolia|c_ramosa|c_quinquefolia|c_asplenifolia|c_trifoliolata|c_deltoidea|c_quinquesecta|c_teeta,TCTCTCCCAATTGAACAAAGGATAATTA,CTCCATGGATTCTTTACTCATACTCAT,58.949,58.626,828,ATGAGTATGAGTAAAGAATCCATGGAG
49,c_chinensis|c_brevisepala|c_groenlandica|c_omeiensis|c_trifolia|c_ramosa|c_quinquefolia|c_asplenifolia|c_trifoliolata|c_deltoidea|c_quinquesecta|c_teeta,GTGGTGATATTCTTTGTTTCTCTCTTCA,GCTGAGTGGACTAAAGCGTC,59.856,58.649,303,GACGCTTTAGTCCACTCAGC
50,c_chinensis|c_brevisepala|c_groenlandica|c_omeiensis|c_trifolia|c_ramosa|c_quinquefolia|c_asplenifolia|c_trifoliolata|c_deltoidea|c_quinquesecta|c_teeta,CCTAGCCGGGCCGTTTATT,TCCTTCTAGTTACTTCGTTCTTTATTTCT,59.852,58.770,809,AGAAATAAAGAACGAAGTAACTAGAAGGA
51,c_chinensis|c_brevisepala|c_groenlandica|c_omeiensis|c_trifolia|c_ramosa|c_quinquefolia|c_asplenifolia|c_trifoliolata|c_deltoidea|c_quinquesecta|c_teeta,TTTGCCAAATTGCCCGAGG,CGAAGATGAAGAGAGAAACAAAGAATATCA,59.329,60.201,554,TGATATTCTTTGTTTCTCTCTTCATCTTCG
52,c_chinensis|c_brevisepala|c_groenlandica|c_omeiensis|c_trifolia|c_ramosa|c_quinquefolia|c_asplenifolia|c_trifoliolata|c_deltoidea|c_quinquesecta|c_teeta,TCGATGAGATCTTTAATACTGTCTTACA,TGAAGAGAGAAACAAAGAATATCACCAC,58.186,59.856,435,GTGGTGATATTCTTTGTTTCTCTCTTCA
53,c_chinensis|c_brevisepala|c_groenlandica|c_omeiensis|c_trifolia|c_ramosa|c_quinquefolia|c_asplenifolia|c_trifoliolata|c_deltoidea|c_quinquesecta|c_teeta,GGAAAGAGAGGGATTCGAACC,AACAATATATCGATGGCTTTAGTAAACC,58.092,58.302,1031,GGTTTACTAAAGCCATCGATATATTGTT
54,c_chinensis|c_brevisepala|c_groenlandica|c_omeiensis|c_trifolia|c_ramosa|c_quinquefolia|c_asplenifolia|c_trifoliolata|c_deltoidea|c_quinquesecta|c_teeta,AGGCTTTCTCCTCGTACGG,AGGATCTAGGGTTAATGTCAATCAATAA,58.809,58.359,635,TTATTGATTGACATTAACCCTAGATCCT
55,c_chinensis|c_brevisepala|c_groenlandica|c_omeiensis|c_trifolia|c_ramosa|c_quinquefolia|c_asplenifolia|c_trifoliolata|c_deltoidea|c_quinquesecta|c_teeta,GGTGATATTCTTTGTTTCTCTCTTCATCT,AGTAATTATCCTTTGTTCAATTGGGAG,59.732,58.029,333,CTCCCAATTGAACAAAGGATAATTACT
56,c_chinensis|c_brevisepala|c_groenlandica|c_omeiensis|c_trifolia|c_ramosa|c_quinquefolia|c_asplenifolia|c_trifoliolata|c_deltoidea|c_quinquesecta|c_teeta,ATCCATTCGATTGTTGCAACGA,TCCTTGTTTAAATTGATGTAAGACTTGTCT,59.253,60.006,529,AGACAAGTCTTACATCAATTTAAACAAGGA
57,c_chinensis|c_brevisepala|c_groenlandica|c_omeiensis|c_trifolia|c_ramosa|c_quinquefolia|c_asplenifolia|c_trifoliolata|c_deltoidea|c_quinquesecta|c_teeta,AACTTATTGATTGACATTAACCCTAGATC,TGTATTATTATGTACCGATTGAGCCA,58.061,58.328,345,TGGCTCAATCGGTACATAATAATACA
58,c_chinensis|c_brevisepala|c_groenlandica|c_omeiensis|c_trifolia|c_ramosa|c_quinquefolia|c_asplenifolia|c_trifoliolata|c_deltoidea|c_quinquesecta|c_teeta,CTCTCCCAATTGAACAAAGGATAATTACTA,TTGCGCGCGAATCCTGAG,59.761,61.188,996,CTCAGGATTCGCGCGCAA
