ID,SEQUENCE_ID,PRIMER_LEFT_SEQUENCE,PRIMER_RIGHT_SEQUENCE,PRIMER_LEFT_TM,PRIMER_RIGHT_TM,LENGTH_INTERMEDIATE_SEQUENCE,REV_RIGHT_SEQUENCE
1,c_chinensis|c_quinquesecta|c_quinquefolia|c_trifolia|c_ramosa|c_omeiensis|c_groenlandica|c_asplenifolia|c_teeta|c_deltoidea|c_brevisepala|c_trifoliolata,ACCAACCATTTGTCAGGCTATTG,CGGATCGTTGGTGAGGAACATTA,59.489,60.678,1418,TAATGTTCCTCACCAACGATCCG
2,c_chinensis|c_quinquesecta|c_quinquefolia|c_trifolia|c_ramosa|c_omeiensis|c_groenlandica|c_asplenifolia|c_teeta|c_deltoidea|c_brevisepala|c_trifoliolata,GCGAGTATCTACAGGACCCAAAT,GACCCACTTGCTATCGGACATTT,59.930,60.931,459,AAATGTCCGATAGCAAGTGGGTC
3,c_chinensis|c_quinquesecta|c_quinquefolia|c_trifolia|c_ramosa|c_omeiensis|c_groenlandica|c_asplenifolia|c_teeta|c_deltoidea|c_brevisepala|c_trifoliolata,GGGCAGTCAAACCAACTCTCATA,ACTCGCACAACATCTCCTATTCA,60.559,59.804,385,TGAATAGGAGATGTTGTGCGAGT
4,c_chinensis|c_quinquesecta|c_quinquefolia|c_trifolia|c_ramosa|c_omeiensis|c_groenlandica|c_asplenifolia|c_teeta|c_deltoidea|c_brevisepala|c_trifoliolata,TGCTACGAAGAAGGGTTGTGATAA,AGAGTTGGTTTGACTGCCCTAAC,60.021,60.748,573,GTTAGGGCAGTCAAACCAACTCT
5,c_chinensis|c_quinquesecta|c_quinquefolia|c_trifolia|c_ramosa|c_omeiensis|c_groenlandica|c_asplenifolia|c_teeta|c_deltoidea|c_brevisepala|c_trifoliolata,GGTGGGTTCTATTTGACGCCTAA,AGAGAGCTATCGTGTCGGATCAT,60.620,60.809,287,ATGATCCGACACGATAGCTCTCT
6,c_chinensis|c_quinquesecta|c_quinquefolia|c_trifolia|c_ramosa|c_omeiensis|c_groenlandica|c_asplenifolia|c_teeta|c_deltoidea|c_brevisepala|c_trifoliolata,GTGGGCAATTGGGTTTGAGTATAT,ATCGTGTCGGATCATGCAATATT,59.351,58.682,1089,AATATTGCATGATCCGACACGAT
7,c_chinensis|c_quinquesecta|c_quinquefolia|c_trifolia|c_ramosa|c_omeiensis|c_groenlandica|c_asplenifolia|c_teeta|c_deltoidea|c_brevisepala|c_trifoliolata,GGATAAAGCCAGCATCAGGAGAA,GCGTCAAATAGAACCCACCATTG,60.434,60.428,867,CAATGGTGGGTTCTATTTGACGC
8,c_chinensis|c_quinquesecta|c_quinquefolia|c_trifolia|c_ramosa|c_omeiensis|c_groenlandica|c_asplenifolia|c_teeta|c_deltoidea|c_brevisepala|c_trifoliolata,AGCCCTCTTGATAGTACGGTAGT,ATTAACCGACCCACTTGCTATCG,60.118,60.740,1152,CGATAGCAAGTGGGTCGGTTAAT
9,c_chinensis|c_quinquesecta|c_quinquefolia|c_trifolia|c_ramosa|c_omeiensis|c_groenlandica|c_asplenifolia|c_teeta|c_deltoidea|c_brevisepala|c_trifoliolata,GCGGTTCATTCATCTGACCATAG,GTCCTGTAGATACTCGCACAACA,59.504,60.120,363,TGTTGTGCGAGTATCTACAGGAC
10,c_chinensis|c_quinquesecta|c_quinquefolia|c_trifolia|c_ramosa|c_omeiensis|c_groenlandica|c_asplenifolia|c_teeta|c_deltoidea|c_brevisepala|c_trifoliolata,TGGCCAACAGTATCTTGACCTTTA,TGAATTAACCGACCCACTTGCTA,59.958,59.992,258,TAGCAAGTGGGTCGGTTAATTCA
11,c_chinensis|c_quinquesecta|c_quinquefolia|c_trifolia|c_ramosa|c_omeiensis|c_groenlandica|c_asplenifolia|c_teeta|c_deltoidea|c_brevisepala|c_trifoliolata,GCCAGCATCAGGAGAATTCAAATT,CTCCCGCCGTATGAAAGCAATAC,60.142,61.891,1282,GTATTGCTTTCATACGGCGGGAG
12,c_chinensis|c_quinquesecta|c_quinquefolia|c_trifolia|c_ramosa|c_omeiensis|c_groenlandica|c_asplenifolia|c_teeta|c_deltoidea|c_brevisepala|c_trifoliolata,GCGGGAGTCATTGGTTCAAATC,AGGATCGTTTAACCGTAGCAAGA,60.159,59.806,913,TCTTGCTACGGTTAAACGATCCT
13,c_chinensis|c_quinquesecta|c_quinquefolia|c_trifolia|c_ramosa|c_omeiensis|c_groenlandica|c_asplenifolia|c_teeta|c_deltoidea|c_brevisepala|c_trifoliolata,GTTGGAGCATAGTTGACGTTGAA,GGTCTGATGAGAGGAATGGAAGT,59.503,59.546,880,ACTTCCATTCCTCTCATCAGACC
14,c_chinensis|c_quinquesecta|c_quinquefolia|c_trifolia|c_ramosa|c_omeiensis|c_groenlandica|c_asplenifolia|c_teeta|c_deltoidea|c_brevisepala|c_trifoliolata,CGAACTGTTTCAAAGACCCAACA,CACAACCCTTCTTCGTAGCAGAA,59.872,60.802,1674,TTCTGCTACGAAGAAGGGTTGTG
15,c_chinensis|c_quinquesecta|c_quinquefolia|c_trifolia|c_ramosa|c_omeiensis|c_groenlandica|c_asplenifolia|c_teeta|c_deltoidea|c_brevisepala|c_trifoliolata,AAAGCCAGCATCAGGAGAATTCA,CAATGACTCCCGCCGTATGAAAG,60.563,61.833,1291,CTTTCATACGGCGGGAGTCATTG
16,c_chinensis|c_quinquesecta|c_quinquefolia|c_trifolia|c_ramosa|c_omeiensis|c_groenlandica|c_asplenifolia|c_teeta|c_deltoidea|c_brevisepala|c_trifoliolata,TTAGGGCAGTCAAACCAACTCTC,AAACAGCGGCCAATGTCATAAA,60.496,59.439,996,TTTATGACATTGGCCGCTGTTT
17,c_chinensis|c_quinquesecta|c_quinquefolia|c_trifolia|c_ramosa|c_omeiensis|c_groenlandica|c_asplenifolia|c_teeta|c_deltoidea|c_brevisepala|c_trifoliolata,TGGAGCATAGTTGACGTTGAATCT,CGTACTCGCGAAGGAAATGATCT,60.323,60.792,515,AGATCATTTCCTTCGCGAGTACG
18,c_chinensis|c_quinquesecta|c_quinquefolia|c_trifolia|c_ramosa|c_omeiensis|c_groenlandica|c_asplenifolia|c_teeta|c_deltoidea|c_brevisepala|c_trifoliolata,ACATTTGATTGGATCGGCAGAAT,GCCAAAGGTATCTATCCAGCAGTA,59.044,59.960,910,TACTGCTGGATAGATACCTTTGGC
19,c_chinensis|c_quinquesecta|c_quinquefolia|c_trifolia|c_ramosa|c_omeiensis|c_groenlandica|c_asplenifolia|c_teeta|c_deltoidea|c_brevisepala|c_trifoliolata,GCTCTCTGATCTGTTTCCTACCA,GCGTTTCTTATCACAACCCTTCTT,59.551,59.784,1030,AAGAAGGGTTGTGATAAGAAACGC
20,c_chinensis|c_quinquesecta|c_quinquefolia|c_trifolia|c_ramosa|c_omeiensis|c_groenlandica|c_asplenifolia|c_teeta|c_deltoidea|c_brevisepala|c_trifoliolata,AAATTTGGAATGGTGGGCAATTG,CCGCCGTATGAAAGCAATACTCTA,58.919,60.795,1260,TAGAGTATTGCTTTCATACGGCGG
21,c_chinensis|c_quinquesecta|c_quinquefolia|c_trifolia|c_ramosa|c_omeiensis|c_groenlandica|c_asplenifolia|c_teeta|c_deltoidea|c_brevisepala|c_trifoliolata,TTCTGCTACGAAGAAGGGTTGTG,CCTGTAGATACTCGCACAACATCT,60.802,60.202,951,AGATGTTGTGCGAGTATCTACAGG
22,c_chinensis|c_quinquesecta|c_quinquefolia|c_trifolia|c_ramosa|c_omeiensis|c_groenlandica|c_asplenifolia|c_teeta|c_deltoidea|c_brevisepala|c_trifoliolata,GACTCGAACCGTAGACCTTCTC,ATTCTGCCGATCCAATCAAATGT,59.904,59.044,1074,ACATTTGATTGGATCGGCAGAAT
23,c_chinensis|c_quinquesecta|c_quinquefolia|c_trifolia|c_ramosa|c_omeiensis|c_groenlandica|c_asplenifolia|c_teeta|c_deltoidea|c_brevisepala|c_trifoliolata,CACCGCACCAACAAACAACTAG,TATCACAACCCTTCTTCGTAGCA,60.541,59.488,626,TGCTACGAAGAAGGGTTGTGATA
24,c_chinensis|c_quinquesecta|c_quinquefolia|c_trifolia|c_ramosa|c_omeiensis|c_groenlandica|c_asplenifolia|c_teeta|c_deltoidea|c_brevisepala|c_trifoliolata,CAGCCAGCCCTCTTGATAGTAC,GACGGTCTGATGAGAGGAATGG,60.224,60.224,826,CCATTCCTCTCATCAGACCGTC
25,c_chinensis|c_quinquesecta|c_quinquefolia|c_trifolia|c_ramosa|c_omeiensis|c_groenlandica|c_asplenifolia|c_teeta|c_deltoidea|c_brevisepala|c_trifoliolata,CTGTTTCAAAGACCCAACATGCA,CAACGTCAACTATGCTCCAACCT,60.181,61.113,1856,AGGTTGGAGCATAGTTGACGTTG
26,c_chinensis|c_quinquesecta|c_quinquefolia|c_trifolia|c_ramosa|c_omeiensis|c_groenlandica|c_asplenifolia|c_teeta|c_deltoidea|c_brevisepala|c_trifoliolata,GCGCAGTTTCATAATGTTCCTCA,ACTCGCGAAGGAAATGATCTTTAC,59.873,59.433,550,GTAAAGATCATTTCCTTCGCGAGT
27,c_chinensis|c_quinquesecta|c_quinquefolia|c_trifolia|c_ramosa|c_omeiensis|c_groenlandica|c_asplenifolia|c_teeta|c_deltoidea|c_brevisepala|c_trifoliolata,GTTTCAAAGACCCAACATGCATTT,AGGCAAATTTAGCTCTCAGACGA,59.184,60.056,1129,TCGTCTGAGAGCTAAATTTGCCT
28,c_chinensis|c_quinquesecta|c_quinquefolia|c_trifolia|c_ramosa|c_omeiensis|c_groenlandica|c_asplenifolia|c_teeta|c_deltoidea|c_brevisepala|c_trifoliolata,CCGGAAAGAATCAGTTGAAACCC,CTGCCAAAGGTATCTATCCAGCA,60.058,60.181,322,TGCTGGATAGATACCTTTGGCAG
29,c_chinensis|c_quinquesecta|c_quinquefolia|c_trifolia|c_ramosa|c_omeiensis|c_groenlandica|c_asplenifolia|c_teeta|c_deltoidea|c_brevisepala|c_trifoliolata,GATAGCCTCTACTCGCGTCCTAG,TGAGCGTTTCTTATCACAACCCT,61.470,60.244,600,AGGGTTGTGATAAGAAACGCTCA
30,c_chinensis|c_quinquesecta|c_quinquefolia|c_trifolia|c_ramosa|c_omeiensis|c_groenlandica|c_asplenifolia|c_teeta|c_deltoidea|c_brevisepala|c_trifoliolata,AGGAGATGTTGTGCGAGTATCTA,GCGAGGTACAGCAATTATTAGGA,58.792,58.372,206,TCCTAATAATTGCTGTACCTCGC
31,c_chinensis|c_quinquesecta|c_quinquefolia|c_trifolia|c_ramosa|c_omeiensis|c_groenlandica|c_asplenifolia|c_teeta|c_deltoidea|c_brevisepala|c_trifoliolata,CCCTCTCTGCATCATTGACTAAA,CGTATGAGAGTTGGTTTGACTGC,58.226,59.876,1008,GCAGTCAAACCAACTCTCATACG
32,c_chinensis|c_quinquesecta|c_quinquefolia|c_trifolia|c_ramosa|c_omeiensis|c_groenlandica|c_asplenifolia|c_teeta|c_deltoidea|c_brevisepala|c_trifoliolata,AATCTATCGATGTGGCGTGATGG,TCTGCCGATCCAATCAAATGTAAT,60.862,58.867,294,ATTACATTTGATTGGATCGGCAGA
33,c_chinensis|c_quinquesecta|c_quinquefolia|c_trifolia|c_ramosa|c_omeiensis|c_groenlandica|c_asplenifolia|c_teeta|c_deltoidea|c_brevisepala|c_trifoliolata,TCATATTCGTGAAGCAGAAACATAGA,CCAATTGCCCACCATTCCAAATT,58.735,60.562,539,AATTTGGAATGGTGGGCAATTGG
34,c_chinensis|c_quinquesecta|c_quinquefolia|c_trifolia|c_ramosa|c_omeiensis|c_groenlandica|c_asplenifolia|c_teeta|c_deltoidea|c_brevisepala|c_trifoliolata,ACCTTCAAGTTCATAGGACGAAAGA,AGGAAACAGATCAGAGAGCTATCG,59.988,59.722,403,CGATAGCTCTCTGATCTGTTTCCT
35,c_chinensis|c_quinquesecta|c_quinquefolia|c_trifolia|c_ramosa|c_omeiensis|c_groenlandica|c_asplenifolia|c_teeta|c_deltoidea|c_brevisepala|c_trifoliolata,GGTGGGCAATTGGGTTTGAGTA,GCTATCGTGTCGGATCATGCAAT,61.084,61.409,1093,ATTGCATGATCCGACACGATAGC
36,c_chinensis|c_quinquesecta|c_quinquefolia|c_trifolia|c_ramosa|c_omeiensis|c_groenlandica|c_asplenifolia|c_teeta|c_deltoidea|c_brevisepala|c_trifoliolata,ACTCTTTGCGCAGTTTCATAATGT,AGATACTCGCACAACATCTCCTA,59.784,58.792,801,TAGGAGATGTTGTGCGAGTATCT
37,c_chinensis|c_quinquesecta|c_quinquefolia|c_trifolia|c_ramosa|c_omeiensis|c_groenlandica|c_asplenifolia|c_teeta|c_deltoidea|c_brevisepala|c_trifoliolata,GAGGTTGGAGCATAGTTGACGTT,ACCTGTTGATAATTTGGGTCCTGTA,60.865,59.985,785,TACAGGACCCAAATTATCAACAGGT
38,c_chinensis|c_quinquesecta|c_quinquefolia|c_trifolia|c_ramosa|c_omeiensis|c_groenlandica|c_asplenifolia|c_teeta|c_deltoidea|c_brevisepala|c_trifoliolata,GAATGGTGGGCAATTGGGTTTG,GAGAAGGTCTACGGTTCGAGTC,60.875,59.904,398,GACTCGAACCGTAGACCTTCTC
39,c_chinensis|c_quinquesecta|c_quinquefolia|c_trifolia|c_ramosa|c_omeiensis|c_groenlandica|c_asplenifolia|c_teeta|c_deltoidea|c_brevisepala|c_trifoliolata,CTTTCATACGGCGGGAGTCATT,GATCGTTGGTGAGGAACATTATGA,60.742,58.884,1036,TCATAATGTTCCTCACCAACGATC
40,c_chinensis|c_quinquesecta|c_quinquefolia|c_trifolia|c_ramosa|c_omeiensis|c_groenlandica|c_asplenifolia|c_teeta|c_deltoidea|c_brevisepala|c_trifoliolata,TAATGTTCCTCACCAACGATCCG,TGATGAGAGGAATGGAAGTGATTGA,60.678,59.810,901,TCAATCACTTCCATTCCTCTCATCA
41,c_chinensis|c_quinquesecta|c_quinquefolia|c_trifolia|c_ramosa|c_omeiensis|c_groenlandica|c_asplenifolia|c_teeta|c_deltoidea|c_brevisepala|c_trifoliolata,CCAACCAACCATTTGTCAGGCTA,CAGATCAGAGAGCTATCGTGTCG,61.316,60.364,252,CGACACGATAGCTCTCTGATCTG
42,c_chinensis|c_quinquesecta|c_quinquefolia|c_trifolia|c_ramosa|c_omeiensis|c_groenlandica|c_asplenifolia|c_teeta|c_deltoidea|c_brevisepala|c_trifoliolata,ACCATTTGTCAGGCTATTGTTCTC,CCCATCACGCCACATCGATAG,59.298,60.937,315,CTATCGATGTGGCGTGATGGG
43,c_chinensis|c_quinquesecta|c_quinquefolia|c_trifolia|c_ramosa|c_omeiensis|c_groenlandica|c_asplenifolia|c_teeta|c_deltoidea|c_brevisepala|c_trifoliolata,TGAATAGGAGATGTTGTGCGAGTA,GCGAGGTACAGCAATTATTAGGAAAT,59.599,59.795,211,ATTTCCTAATAATTGCTGTACCTCGC
44,c_chinensis|c_quinquesecta|c_quinquefolia|c_trifolia|c_ramosa|c_omeiensis|c_groenlandica|c_asplenifolia|c_teeta|c_deltoidea|c_brevisepala|c_trifoliolata,ACACCTTCAAGTTCATAGGACGAA,TGGTAGGAAACAGATCAGAGAGC,59.960,59.551,409,GCTCTCTGATCTGTTTCCTACCA
45,c_chinensis|c_quinquesecta|c_quinquefolia|c_trifolia|c_ramosa|c_omeiensis|c_groenlandica|c_asplenifolia|c_teeta|c_deltoidea|c_brevisepala|c_trifoliolata,CGATAGCTCTCTGATCTGTTTCCT,CGTTGGTGAGGAACATTATGAAACT,59.722,59.819,1182,AGTTTCATAATGTTCCTCACCAACG
46,c_chinensis|c_quinquesecta|c_quinquefolia|c_trifolia|c_ramosa|c_omeiensis|c_groenlandica|c_asplenifolia|c_teeta|c_deltoidea|c_brevisepala|c_trifoliolata,CAGGCTATTGTTCTCTTGTTCCC,ATCAGAGAGCTATCGTGTCGGAT,59.308,60.809,233,ATCCGACACGATAGCTCTCTGAT
47,c_chinensis|c_quinquesecta|c_quinquefolia|c_trifolia|c_ramosa|c_omeiensis|c_groenlandica|c_asplenifolia|c_teeta|c_deltoidea|c_brevisepala|c_trifoliolata,ACTGCTGGATAGATACCTTTGGC,CTCGCACAACATCTCCTATTCATAG,60.181,59.367,718,CTATGAATAGGAGATGTTGTGCGAG
48,c_chinensis|c_quinquesecta|c_quinquefolia|c_trifolia|c_ramosa|c_omeiensis|c_groenlandica|c_asplenifolia|c_teeta|c_deltoidea|c_brevisepala|c_trifoliolata,CGGCCAGCTACAAACAACAAA,CGTCAAATAGAACCCACCATTGATT,59.934,59.875,560,AATCAATGGTGGGTTCTATTTGACG
49,c_chinensis|c_quinquesecta|c_quinquefolia|c_trifolia|c_ramosa|c_omeiensis|c_groenlandica|c_asplenifolia|c_teeta|c_deltoidea|c_brevisepala|c_trifoliolata,GACCAACCAACCATTTGTCAGG,GCCGTATGAAAGCAATACTCTAACC,59.964,60.050,397,GGTTAGAGTATTGCTTTCATACGGC
50,c_chinensis|c_quinquesecta|c_quinquefolia|c_trifolia|c_ramosa|c_omeiensis|c_groenlandica|c_asplenifolia|c_teeta|c_deltoidea|c_brevisepala|c_trifoliolata,AAGATCATTTCCTTCGCGAGTAC,ATTTGGGTCCTGTAGATACTCGC,58.887,59.930,278,GCGAGTATCTACAGGACCCAAAT
51,c_chinensis|c_quinquesecta|c_quinquefolia|c_trifolia|c_ramosa|c_omeiensis|c_groenlandica|c_asplenifolia|c_teeta|c_deltoidea|c_brevisepala|c_trifoliolata,TCGTCTGAGAGCTAAATTTGCCT,GATTCAACGTCAACTATGCTCCAA,60.056,59.608,752,TTGGAGCATAGTTGACGTTGAATC
52,c_chinensis|c_quinquesecta|c_quinquefolia|c_trifolia|c_ramosa|c_omeiensis|c_groenlandica|c_asplenifolia|c_teeta|c_deltoidea|c_brevisepala|c_trifoliolata,ATGTCTCGTTTCAATATTCGTCGA,TTCTCCTGATGCTGGCTTTATCC,58.662,60.434,399,GGATAAAGCCAGCATCAGGAGAA
53,c_chinensis|c_quinquesecta|c_quinquefolia|c_trifolia|c_ramosa|c_omeiensis|c_groenlandica|c_asplenifolia|c_teeta|c_deltoidea|c_brevisepala|c_trifoliolata,TCCACGGCGATAAGGAGCTAAA,GTCTGATGAGAGGAATGGAAGTGAT,61.534,60.163,245,ATCACTTCCATTCCTCTCATCAGAC
54,c_chinensis|c_quinquesecta|c_quinquefolia|c_trifolia|c_ramosa|c_omeiensis|c_groenlandica|c_asplenifolia|c_teeta|c_deltoidea|c_brevisepala|c_trifoliolata,AATGCCTATATCTACAGCCGTGG,TGGCTGCCAAAGGTATCTATCC,60.056,59.893,571,GGATAGATACCTTTGGCAGCCA
55,c_chinensis|c_quinquesecta|c_quinquefolia|c_trifolia|c_ramosa|c_omeiensis|c_groenlandica|c_asplenifolia|c_teeta|c_deltoidea|c_brevisepala|c_trifoliolata,GAAACCGCCCATCAGAGCTAT,GGAACATTATGAAACTGCGCAAAG,60.203,59.676,546,CTTTGCGCAGTTTCATAATGTTCC
56,c_chinensis|c_quinquesecta|c_quinquefolia|c_trifolia|c_ramosa|c_omeiensis|c_groenlandica|c_asplenifolia|c_teeta|c_deltoidea|c_brevisepala|c_trifoliolata,GGGCGTGATTTGATAATACACCAA,GGGTTTCAACTGATTCTTTCCGG,59.663,60.058,240,CCGGAAAGAATCAGTTGAAACCC
57,c_chinensis|c_quinquesecta|c_quinquefolia|c_trifolia|c_ramosa|c_omeiensis|c_groenlandica|c_asplenifolia|c_teeta|c_deltoidea|c_brevisepala|c_trifoliolata,CCGAGGTTGGAGCATAGTTGAC,TCGCGAAGGAAATGATCTTTACATG,60.996,59.993,517,CATGTAAAGATCATTTCCTTCGCGA
58,c_chinensis|c_quinquesecta|c_quinquefolia|c_trifolia|c_ramosa|c_omeiensis|c_groenlandica|c_asplenifolia|c_teeta|c_deltoidea|c_brevisepala|c_trifoliolata,TTGCGGATCAATGTCACTACCC,CTACCGTACTATCAAGAGGGCTG,60.680,59.746,718,CAGCCCTCTTGATAGTACGGTAG
59,c_chinensis|c_quinquesecta|c_quinquefolia|c_trifolia|c_ramosa|c_omeiensis|c_groenlandica|c_asplenifolia|c_teeta|c_deltoidea|c_brevisepala|c_trifoliolata,CAATGGTGGGTTCTATTTGACGC,ATAGCTCTGATGGGCGGTTTC,60.428,60.203,927,GAAACCGCCCATCAGAGCTAT
60,c_chinensis|c_quinquesecta|c_quinquefolia|c_trifolia|c_ramosa|c_omeiensis|c_groenlandica|c_asplenifolia|c_teeta|c_deltoidea|c_brevisepala|c_trifoliolata,TTCAAATTTGGAATGGTGGGCAA,AATGCATGTTGGGTCTTTGAAAC,59.863,58.620,479,GTTTCAAAGACCCAACATGCATT
61,c_chinensis|c_quinquesecta|c_quinquefolia|c_trifolia|c_ramosa|c_omeiensis|c_groenlandica|c_asplenifolia|c_teeta|c_deltoidea|c_brevisepala|c_trifoliolata,TGATTCGAACTGTTTCAAAGACCC,TCGTCCTATGAACTTGAAGGTGTAT,59.725,59.579,297,ATACACCTTCAAGTTCATAGGACGA
62,c_chinensis|c_quinquesecta|c_quinquefolia|c_trifolia|c_ramosa|c_omeiensis|c_groenlandica|c_asplenifolia|c_teeta|c_deltoidea|c_brevisepala|c_trifoliolata,CAATTGTTTGTCTCTTGCCTTCAG,ACATTATGAAACTGCGCAAAGAGT,59.020,59.784,685,ACTCTTTGCGCAGTTTCATAATGT
63,c_chinensis|c_quinquesecta|c_quinquefolia|c_trifolia|c_ramosa|c_omeiensis|c_groenlandica|c_asplenifolia|c_teeta|c_deltoidea|c_brevisepala|c_trifoliolata,TGTCAGGCTATTGTTCTCTTGTT,CAATGACTCCCGCCGTATGA,58.027,59.896,393,TCATACGGCGGGAGTCATTG
64,c_chinensis|c_quinquesecta|c_quinquefolia|c_trifolia|c_ramosa|c_omeiensis|c_groenlandica|c_asplenifolia|c_teeta|c_deltoidea|c_brevisepala|c_trifoliolata,TGGGCAATTGGGTTTGAGTATATTAG,TTAGGCGTCAAATAGAACCCACC,59.451,60.620,832,GGTGGGTTCTATTTGACGCCTAA
