ID,SEQUENCE_ID,PRIMER_LEFT_SEQUENCE,PRIMER_RIGHT_SEQUENCE,PRIMER_LEFT_TM,PRIMER_RIGHT_TM,LENGTH_INTERMEDIATE_SEQUENCE,REV_RIGHT_SEQUENCE
1,c_deltoidea|c_teeta|c_quinquefolia|c_trifolia|c_chinensis|c_omeiensis|c_quinquesecta|c_groenlandica|c_brevisepala|c_trifoliolata|c_ramosa|c_asplenifolia,TCTGCGAATTCCTGTTGCTTATG,GGTCTTCACTCCCGTTGGTATTT,59.625,60.559,1776,AAATACCAACGGGAGTGAAGACC
2,c_deltoidea|c_teeta|c_quinquefolia|c_trifolia|c_chinensis|c_omeiensis|c_quinquesecta|c_groenlandica|c_brevisepala|c_trifoliolata|c_ramosa|c_asplenifolia,GAACGTGAACTCCCAACCATTTA,GAGCAAGATCACGTCCCTCATTA,59.183,60.181,704,TAATGAGGGACGTGATCTTGCTC
3,c_deltoidea|c_teeta|c_quinquefolia|c_trifolia|c_chinensis|c_omeiensis|c_quinquesecta|c_groenlandica|c_brevisepala|c_trifoliolata|c_ramosa|c_asplenifolia,CTTGCAAATGGAGCCTTGAACTA,CCTCCGGAAGCACACACTATAAT,59.493,60.181,1793,ATTATAGTGTGTGCTTCCGGAGG
4,c_deltoidea|c_teeta|c_quinquefolia|c_trifolia|c_chinensis|c_omeiensis|c_quinquesecta|c_groenlandica|c_brevisepala|c_trifoliolata|c_ramosa|c_asplenifolia,ACTTACCAGCCTTGATCGTTACA,GATCTCGGTCAAAGCAGGCATAT,59.740,60.805,961,ATATGCCTGCTTTGACCGAGATC
5,c_deltoidea|c_teeta|c_quinquefolia|c_trifolia|c_chinensis|c_omeiensis|c_quinquesecta|c_groenlandica|c_brevisepala|c_trifoliolata|c_ramosa|c_asplenifolia,GTGATCTTGCTCGTGAAGGTAATG,CCACCGGTTGTAGGAGATGTAAG,59.967,60.430,1958,CTTACATCTCCTACAACCGGTGG
6,c_deltoidea|c_teeta|c_quinquefolia|c_trifolia|c_chinensis|c_omeiensis|c_quinquesecta|c_groenlandica|c_brevisepala|c_trifoliolata|c_ramosa|c_asplenifolia,CTGCCGAATCTTCTACAGGTACA,GGCTTCTAGGGCTACTCGATTAG,59.869,59.808,1106,CTAATCGAGTAGCCCTAGAAGCC
7,c_deltoidea|c_teeta|c_quinquefolia|c_trifolia|c_chinensis|c_omeiensis|c_quinquesecta|c_groenlandica|c_brevisepala|c_trifoliolata|c_ramosa|c_asplenifolia,AGGGTTAACTGAGGCTGTTCAAA,GTAGGCATTAGGTTCGGCAATAA,60.118,58.868,370,TTATTGCCGAACCTAATGCCTAC
8,c_deltoidea|c_teeta|c_quinquefolia|c_trifolia|c_chinensis|c_omeiensis|c_quinquesecta|c_groenlandica|c_brevisepala|c_trifoliolata|c_ramosa|c_asplenifolia,ACCAAGGATGATGAGAACGTGAA,GCGGTGAATGTGAAGAAGTAGAC,59.992,59.632,288,GTCTACTTCTTCACATTCACCGC
9,c_deltoidea|c_teeta|c_quinquefolia|c_trifolia|c_chinensis|c_omeiensis|c_quinquesecta|c_groenlandica|c_brevisepala|c_trifoliolata|c_ramosa|c_asplenifolia,CAGCATTCCGAGTAACTCCTCAA,CACCAGACATACGTAACGCTTTAG,60.368,59.735,855,CTAAAGCGTTACGTATGTCTGGTG
10,c_deltoidea|c_teeta|c_quinquefolia|c_trifolia|c_chinensis|c_omeiensis|c_quinquesecta|c_groenlandica|c_brevisepala|c_trifoliolata|c_ramosa|c_asplenifolia,AACTGTGTGGACCGATGGACTTA,AACGCATAAATGGTTGGGAGTTC,61.573,59.807,440,GAACTCCCAACCATTTATGCGTT
11,c_deltoidea|c_teeta|c_quinquefolia|c_trifolia|c_chinensis|c_omeiensis|c_quinquesecta|c_groenlandica|c_brevisepala|c_trifoliolata|c_ramosa|c_asplenifolia,ACCCGTTTGATCGAATATGCTACT,GCCGGAAATACTAGACCCACTAA,60.202,59.614,1024,TTAGTGGGTCTAGTATTTCCGGC
12,c_deltoidea|c_teeta|c_quinquefolia|c_trifolia|c_chinensis|c_omeiensis|c_quinquesecta|c_groenlandica|c_brevisepala|c_trifoliolata|c_ramosa|c_asplenifolia,TAGCCCTAGAAGCCTGTGTACAA,CTCGCCTACTACGGATCCCATAC,60.820,61.728,1800,GTATGGGATCCGTAGTAGGCGAG
13,c_deltoidea|c_teeta|c_quinquefolia|c_trifolia|c_chinensis|c_omeiensis|c_quinquesecta|c_groenlandica|c_brevisepala|c_trifoliolata|c_ramosa|c_asplenifolia,TGTCACCACAAACAGAGACTAAAG,TGTCGTAGCATCGTCCTTTGTAA,58.884,60.057,258,TTACAAAGGACGATGCTACGACA
14,c_deltoidea|c_teeta|c_quinquefolia|c_trifolia|c_chinensis|c_omeiensis|c_quinquesecta|c_groenlandica|c_brevisepala|c_trifoliolata|c_ramosa|c_asplenifolia,CAGAGACTAAAGCAAGTGTTGGC,TGTAACGATCAAGGCTGGTAAGT,60.059,59.740,228,ACTTACCAGCCTTGATCGTTACA
15,c_deltoidea|c_teeta|c_quinquefolia|c_trifolia|c_chinensis|c_omeiensis|c_quinquesecta|c_groenlandica|c_brevisepala|c_trifoliolata|c_ramosa|c_asplenifolia,AGGTGTTCTGGGTGAGTTATTTCA,ACTAGACCCACTAAAGGCACAAA,59.896,59.607,638,TTTGTGCCTTTAGTGGGTCTAGT
16,c_deltoidea|c_teeta|c_quinquefolia|c_trifolia|c_chinensis|c_omeiensis|c_quinquesecta|c_groenlandica|c_brevisepala|c_trifoliolata|c_ramosa|c_asplenifolia,CGTGAACTCCCAACCATTTATGC,TCATTACCTTCACGAGCAAGATCA,60.428,60.082,714,TGATCTTGCTCGTGAAGGTAATGA
17,c_deltoidea|c_teeta|c_quinquefolia|c_trifolia|c_chinensis|c_omeiensis|c_quinquesecta|c_groenlandica|c_brevisepala|c_trifoliolata|c_ramosa|c_asplenifolia,ATATGCCTGCTTTGACCGAGATC,GTTTGAACAGCCTCAGTTAACCC,60.805,59.996,1817,GGGTTAACTGAGGCTGTTCAAAC
18,c_deltoidea|c_teeta|c_quinquefolia|c_trifolia|c_chinensis|c_omeiensis|c_quinquesecta|c_groenlandica|c_brevisepala|c_trifoliolata|c_ramosa|c_asplenifolia,TGCGAATTCCTGTTGCTTATGTTAA,TGTCCTTTGATTTCACCGGTTTC,59.818,59.683,301,GAAACCGGTGAAATCAAAGGACA
19,c_deltoidea|c_teeta|c_quinquefolia|c_trifolia|c_chinensis|c_omeiensis|c_quinquesecta|c_groenlandica|c_brevisepala|c_trifoliolata|c_ramosa|c_asplenifolia,GAGTAGCCCTAGAAGCCTGTGTA,CCGGTTGTAGGAGATGTAAGGAT,60.940,59.358,1997,ATCCTTACATCTCCTACAACCGG
20,c_deltoidea|c_teeta|c_quinquefolia|c_trifolia|c_chinensis|c_omeiensis|c_quinquesecta|c_groenlandica|c_brevisepala|c_trifoliolata|c_ramosa|c_asplenifolia,ACCAGCCTTGATCGTTACAAAGG,AAATGGTTGGGAGTTCACGTTCT,61.118,60.687,411,AGAACGTGAACTCCCAACCATTT
21,c_deltoidea|c_teeta|c_quinquefolia|c_trifolia|c_chinensis|c_omeiensis|c_quinquesecta|c_groenlandica|c_brevisepala|c_trifoliolata|c_ramosa|c_asplenifolia,GCGGGTACATGCGAAGAAATGAT,TCGTCGCGTAGTAAATCAACAAAG,61.842,59.911,326,CTTTGTTGATTTACTACGCGACGA
22,c_deltoidea|c_teeta|c_quinquefolia|c_trifolia|c_chinensis|c_omeiensis|c_quinquesecta|c_groenlandica|c_brevisepala|c_trifoliolata|c_ramosa|c_asplenifolia,CTGGCAGCATTCCGAGTAACT,TTCACGTTCTCATCATCCTTGGT,60.406,59.992,512,ACCAAGGATGATGAGAACGTGAA
23,c_deltoidea|c_teeta|c_quinquefolia|c_trifolia|c_chinensis|c_omeiensis|c_quinquesecta|c_groenlandica|c_brevisepala|c_trifoliolata|c_ramosa|c_asplenifolia,AGTCGCGGTATTTACTTCACTCA,AGTTGACCTATGCCTGTTTGAAC,59.808,59.179,1914,GTTCAAACAGGCATAGGTCAACT
24,c_deltoidea|c_teeta|c_quinquefolia|c_trifolia|c_chinensis|c_omeiensis|c_quinquesecta|c_groenlandica|c_brevisepala|c_trifoliolata|c_ramosa|c_asplenifolia,GGGTGCCATCATCTATAGTGAAGT,CAAGCTCAAACTTCCTTCTTGCA,59.959,59.933,1295,TGCAAGAAGGAAGTTTGAGCTTG
25,c_deltoidea|c_teeta|c_quinquefolia|c_trifolia|c_chinensis|c_omeiensis|c_quinquesecta|c_groenlandica|c_brevisepala|c_trifoliolata|c_ramosa|c_asplenifolia,GCCCATCGTAATGCATGACTACT,AGCTAGTTCAAGGCTCCATTTGC,60.804,61.432,583,GCAAATGGAGCCTTGAACTAGCT
26,c_deltoidea|c_teeta|c_quinquefolia|c_trifolia|c_chinensis|c_omeiensis|c_quinquesecta|c_groenlandica|c_brevisepala|c_trifoliolata|c_ramosa|c_asplenifolia,TCACCCGTTTGATCGAATATGCT,AGCTGAAATAACTCACCCAGAACA,60.432,60.202,406,TGTTCTGGGTGAGTTATTTCAGCT
27,c_deltoidea|c_teeta|c_quinquefolia|c_trifolia|c_chinensis|c_omeiensis|c_quinquesecta|c_groenlandica|c_brevisepala|c_trifoliolata|c_ramosa|c_asplenifolia,ACCGGTGAAATCAAAGGACATTAC,TAGTTCAAGGCTCCATTTGCAAG,59.542,59.493,672,CTTGCAAATGGAGCCTTGAACTA
28,c_deltoidea|c_teeta|c_quinquefolia|c_trifolia|c_chinensis|c_omeiensis|c_quinquesecta|c_groenlandica|c_brevisepala|c_trifoliolata|c_ramosa|c_asplenifolia,GTAATGAGGGACGTGATCTTGCT,AGCATATTCGATCAAACGGGTGA,60.431,60.432,1800,TCACCCGTTTGATCGAATATGCT
29,c_deltoidea|c_teeta|c_quinquefolia|c_trifolia|c_chinensis|c_omeiensis|c_quinquesecta|c_groenlandica|c_brevisepala|c_trifoliolata|c_ramosa|c_asplenifolia,CCACAAACAGAGACTAAAGCAAGT,CACAGTTGTCCATGTACCTGTAGA,59.424,60.021,201,TCTACAGGTACATGGACAACTGTG
30,c_deltoidea|c_teeta|c_quinquefolia|c_trifolia|c_chinensis|c_omeiensis|c_quinquesecta|c_groenlandica|c_brevisepala|c_trifoliolata|c_ramosa|c_asplenifolia,GTTCAAACAGGCATAGGTCAACT,CCGTGAAGCTGAAATAACTCACC,59.179,59.875,515,GGTGAGTTATTTCAGCTTCACGG
31,c_deltoidea|c_teeta|c_quinquefolia|c_trifolia|c_chinensis|c_omeiensis|c_quinquesecta|c_groenlandica|c_brevisepala|c_trifoliolata|c_ramosa|c_asplenifolia,GCCTGCTTTGACCGAGATCTTT,TCCGGAAGCACACACTATAATAAGA,61.196,59.638,1973,TCTTATTATAGTGTGTGCTTCCGGA
32,c_deltoidea|c_teeta|c_quinquefolia|c_trifolia|c_chinensis|c_omeiensis|c_quinquesecta|c_groenlandica|c_brevisepala|c_trifoliolata|c_ramosa|c_asplenifolia,TCATGGTTGGGATGATAGCTCTAA,AGAAACCGTGAAGCTGAAATAACT,59.093,58.936,1280,AGTTATTTCAGCTTCACGGTTTCT
33,c_deltoidea|c_teeta|c_quinquefolia|c_trifolia|c_chinensis|c_omeiensis|c_quinquesecta|c_groenlandica|c_brevisepala|c_trifoliolata|c_ramosa|c_asplenifolia,GAAACCGGTGAAATCAAAGGACAT,TCTCCACCAGACATACGTAACG,60.022,59.579,281,CGTTACGTATGTCTGGTGGAGA
34,c_deltoidea|c_teeta|c_quinquefolia|c_trifolia|c_chinensis|c_omeiensis|c_quinquesecta|c_groenlandica|c_brevisepala|c_trifoliolata|c_ramosa|c_asplenifolia,CGTGATCTTGCTCGTGAAGGTA,AGGAGATGTAAGGATTGCTACGT,60.415,59.039,1948,ACGTAGCAATCCTTACATCTCCT
35,c_deltoidea|c_teeta|c_quinquefolia|c_trifolia|c_chinensis|c_omeiensis|c_quinquesecta|c_groenlandica|c_brevisepala|c_trifoliolata|c_ramosa|c_asplenifolia,GGATCTGCGAATTCCTGTTGCTT,TCACGTTCTCATCATCCTTGGTAAA,61.733,60.280,212,TTTACCAAGGATGATGAGAACGTGA
36,c_deltoidea|c_teeta|c_quinquefolia|c_trifolia|c_chinensis|c_omeiensis|c_quinquesecta|c_groenlandica|c_brevisepala|c_trifoliolata|c_ramosa|c_asplenifolia,GCTAAAGCGTTACGTATGTCTGG,TTCCTCCACCGAACTGTAGTACG,59.758,61.670,274,CGTACTACAGTTCGGTGGAGGAA
37,c_deltoidea|c_teeta|c_quinquefolia|c_trifolia|c_chinensis|c_omeiensis|c_quinquesecta|c_groenlandica|c_brevisepala|c_trifoliolata|c_ramosa|c_asplenifolia,TCAGAGACATTCGGAGTTTGATCT,ATTATGATCCAAGTCCGAGCCTT,59.536,59.607,1950,AAGGCTCGGACTTGGATCATAAT
38,c_deltoidea|c_teeta|c_quinquefolia|c_trifolia|c_chinensis|c_omeiensis|c_quinquesecta|c_groenlandica|c_brevisepala|c_trifoliolata|c_ramosa|c_asplenifolia,CATGCAAGAAGGAAGTTTGAGCT,TGAAGCTGAAATAACTCACCCAGA,59.745,59.958,336,TCTGGGTGAGTTATTTCAGCTTCA
39,c_deltoidea|c_teeta|c_quinquefolia|c_trifolia|c_chinensis|c_omeiensis|c_quinquesecta|c_groenlandica|c_brevisepala|c_trifoliolata|c_ramosa|c_asplenifolia,GACCTTGTCCTTGTGAGAATTCTT,CGCAGATCCTCCAAACGTAGAG,58.933,60.796,466,CTCTACGTTTGGAGGATCTGCG
40,c_deltoidea|c_teeta|c_quinquefolia|c_trifolia|c_chinensis|c_omeiensis|c_quinquesecta|c_groenlandica|c_brevisepala|c_trifoliolata|c_ramosa|c_asplenifolia,GAGAACGTGAACTCCCAACCAT,GCGCGGTGAATGTGAAGAAGTA,60.550,61.495,278,TACTTCTTCACATTCACCGCGC
41,c_deltoidea|c_teeta|c_quinquefolia|c_trifolia|c_chinensis|c_omeiensis|c_quinquesecta|c_groenlandica|c_brevisepala|c_trifoliolata|c_ramosa|c_asplenifolia,GCTTGCAAATGGAGCCTTGAA,AGATCAAACTCCGAATGTCTCTGA,59.999,59.536,935,TCAGAGACATTCGGAGTTTGATCT
42,c_deltoidea|c_teeta|c_quinquefolia|c_trifolia|c_chinensis|c_omeiensis|c_quinquesecta|c_groenlandica|c_brevisepala|c_trifoliolata|c_ramosa|c_asplenifolia,TAATCGAGTAGCCCTAGAAGCCT,TTTCTACCGCTTGAAATGGAACT,60.181,58.605,1303,AGTTCCATTTCAAGCGGTAGAAA
43,c_deltoidea|c_teeta|c_quinquefolia|c_trifolia|c_chinensis|c_omeiensis|c_quinquesecta|c_groenlandica|c_brevisepala|c_trifoliolata|c_ramosa|c_asplenifolia,GGGATCCGTAGTAGGCGAGAAA,TGAAATAACTCACCCAGAACACCT,61.333,59.896,426,AGGTGTTCTGGGTGAGTTATTTCA
44,c_deltoidea|c_teeta|c_quinquefolia|c_trifolia|c_chinensis|c_omeiensis|c_quinquesecta|c_groenlandica|c_brevisepala|c_trifoliolata|c_ramosa|c_asplenifolia,TCTTGCTCGTGAAGGTAATGAAAT,TCTACCGCTTGAAATGGAACTATC,58.754,58.643,1250,GATAGTTCCATTTCAAGCGGTAGA
45,c_deltoidea|c_teeta|c_quinquefolia|c_trifolia|c_chinensis|c_omeiensis|c_quinquesecta|c_groenlandica|c_brevisepala|c_trifoliolata|c_ramosa|c_asplenifolia,GAACTCCCAACCATTTATGCGTT,TGAGTGAAGTAAATACCGCGACT,59.807,59.808,480,AGTCGCGGTATTTACTTCACTCA
46,c_deltoidea|c_teeta|c_quinquefolia|c_trifolia|c_chinensis|c_omeiensis|c_quinquesecta|c_groenlandica|c_brevisepala|c_trifoliolata|c_ramosa|c_asplenifolia,TGTTGATTTACTACGCGACGATTT,CACCTGTGTTCTAACTCTTCCTTAGA,59.378,60.015,1090,TCTAAGGAAGAGTTAGAACACAGGTG
47,c_deltoidea|c_teeta|c_quinquefolia|c_trifolia|c_chinensis|c_omeiensis|c_quinquesecta|c_groenlandica|c_brevisepala|c_trifoliolata|c_ramosa|c_asplenifolia,CGTAGCAATCCTTACATCTCCTACA,CAAGTGCCGGAAATACTAGACCC,59.990,60.988,871,GGGTCTAGTATTTCCGGCACTTG
48,c_deltoidea|c_teeta|c_quinquefolia|c_trifolia|c_chinensis|c_omeiensis|c_quinquesecta|c_groenlandica|c_brevisepala|c_trifoliolata|c_ramosa|c_asplenifolia,CTGTAGCTGCCGAATCTTCTAC,GCATAAATGGTTGGGAGTTCACG,58.623,60.428,471,CGTGAACTCCCAACCATTTATGC
49,c_deltoidea|c_teeta|c_quinquefolia|c_trifolia|c_chinensis|c_omeiensis|c_quinquesecta|c_groenlandica|c_brevisepala|c_trifoliolata|c_ramosa|c_asplenifolia,TTATTGCCGAACCTAATGCCTAC,CCGGAAATACTAGACCCACTAAAGG,58.868,60.453,797,CCTTTAGTGGGTCTAGTATTTCCGG
50,c_deltoidea|c_teeta|c_quinquefolia|c_trifolia|c_chinensis|c_omeiensis|c_quinquesecta|c_groenlandica|c_brevisepala|c_trifoliolata|c_ramosa|c_asplenifolia,CGTTACGTATGTCTGGTGGAGA,TGTCCTAAAGTTCCTCCACCGAA,59.579,61.263,277,TTCGGTGGAGGAACTTTAGGACA
51,c_deltoidea|c_teeta|c_quinquefolia|c_trifolia|c_chinensis|c_omeiensis|c_quinquesecta|c_groenlandica|c_brevisepala|c_trifoliolata|c_ramosa|c_asplenifolia,GGCGAATCAAATACCATGGTGTAA,GCCAACACTTGCTTTAGTCTCTG,59.663,60.059,205,CAGAGACTAAAGCAAGTGTTGGC
52,c_deltoidea|c_teeta|c_quinquefolia|c_trifolia|c_chinensis|c_omeiensis|c_quinquesecta|c_groenlandica|c_brevisepala|c_trifoliolata|c_ramosa|c_asplenifolia,CCGAATCTTCTACAGGTACATGGA,CATAAGCAACAGGAATTCGCAGA,59.659,59.625,258,TCTGCGAATTCCTGTTGCTTATG
53,c_deltoidea|c_teeta|c_quinquefolia|c_trifolia|c_chinensis|c_omeiensis|c_quinquesecta|c_groenlandica|c_brevisepala|c_trifoliolata|c_ramosa|c_asplenifolia,GACCTTGTCCTTGTGAGAATTCTTAAT,TAAGTCCATCGGTCCACACAGTT,59.608,61.573,273,AACTGTGTGGACCGATGGACTTA
54,c_deltoidea|c_teeta|c_quinquefolia|c_trifolia|c_chinensis|c_omeiensis|c_quinquesecta|c_groenlandica|c_brevisepala|c_trifoliolata|c_ramosa|c_asplenifolia,CGAAACCGGTGAAATCAAAGGA,AATCGTCGCGTAGTAAATCAACA,59.449,58.832,368,TGTTGATTTACTACGCGACGATT
55,c_deltoidea|c_teeta|c_quinquefolia|c_trifolia|c_chinensis|c_omeiensis|c_quinquesecta|c_groenlandica|c_brevisepala|c_trifoliolata|c_ramosa|c_asplenifolia,GATAGTTCCATTTCAAGCGGTAGAA,TCCACCGGTTGTAGGAGATGT,59.184,60.552,729,ACATCTCCTACAACCGGTGGA
56,c_deltoidea|c_teeta|c_quinquefolia|c_trifolia|c_chinensis|c_omeiensis|c_quinquesecta|c_groenlandica|c_brevisepala|c_trifoliolata|c_ramosa|c_asplenifolia,GAGTTATTTCAGCTTCACGGTTTCT,AGAGGGTAAGTTGAAAGTTGTCATAGA,59.820,59.984,599,TCTATGACAACTTTCAACTTACCCTCT
57,c_deltoidea|c_teeta|c_quinquefolia|c_trifolia|c_chinensis|c_omeiensis|c_quinquesecta|c_groenlandica|c_brevisepala|c_trifoliolata|c_ramosa|c_asplenifolia,GCAGCATTCCGAGTAACTCCT,ATTGCGCGGTGAATGTGAAGAA,60.135,61.704,779,TTCTTCACATTCACCGCGCAAT
58,c_deltoidea|c_teeta|c_quinquefolia|c_trifolia|c_chinensis|c_omeiensis|c_quinquesecta|c_groenlandica|c_brevisepala|c_trifoliolata|c_ramosa|c_asplenifolia,ACAAACAGAGACTAAAGCAAGTGTT,CCTTTGTAACGATCAAGGCTGGT,59.352,61.118,237,ACCAGCCTTGATCGTTACAAAGG
59,c_deltoidea|c_teeta|c_quinquefolia|c_trifolia|c_chinensis|c_omeiensis|c_quinquesecta|c_groenlandica|c_brevisepala|c_trifoliolata|c_ramosa|c_asplenifolia,CCCATCGTAATGCATGACTACTTAAC,TTTCATTACCTTCACGAGCAAGA,60.074,58.363,544,TCTTGCTCGTGAAGGTAATGAAA
60,c_deltoidea|c_teeta|c_quinquefolia|c_trifolia|c_chinensis|c_omeiensis|c_quinquesecta|c_groenlandica|c_brevisepala|c_trifoliolata|c_ramosa|c_asplenifolia,TGGTGGTTCAATTCAATGTTGTCT,GGTTGTAGGAGATGTAAGGATTGC,59.351,59.183,1179,GCAATCCTTACATCTCCTACAACC
61,c_deltoidea|c_teeta|c_quinquefolia|c_trifolia|c_chinensis|c_omeiensis|c_quinquesecta|c_groenlandica|c_brevisepala|c_trifoliolata|c_ramosa|c_asplenifolia,AAAGCGTTACGTATGTCTGGTGG,CCCAAAGATCTCGGTCAAAGCAG,61.166,61.724,240,CTGCTTTGACCGAGATCTTTGGG
62,c_deltoidea|c_teeta|c_quinquefolia|c_trifolia|c_chinensis|c_omeiensis|c_quinquesecta|c_groenlandica|c_brevisepala|c_trifoliolata|c_ramosa|c_asplenifolia,CGCATGCAAGAAGGAAGTTTGA,ACATGAAGAGATAGAGAAGCCATTG,60.031,58.710,985,CAATGGCTTCTCTATCTCTTCATGT
63,c_deltoidea|c_teeta|c_quinquefolia|c_trifolia|c_chinensis|c_omeiensis|c_quinquesecta|c_groenlandica|c_brevisepala|c_trifoliolata|c_ramosa|c_asplenifolia,TGACAATCACTACTATGACCGTTACA,TTTCTCGCCTACTACGGATCCC,59.849,61.333,637,GGGATCCGTAGTAGGCGAGAAA
64,c_deltoidea|c_teeta|c_quinquefolia|c_trifolia|c_chinensis|c_omeiensis|c_quinquesecta|c_groenlandica|c_brevisepala|c_trifoliolata|c_ramosa|c_asplenifolia,TCATTAAAGCCTAATCCATGTCGAGTA,CAGTTGTCCATGTACCTGTAGAAGA,60.202,60.047,282,TCTTCTACAGGTACATGGACAACTG
