ID,SEQUENCE_ID,PRIMER_LEFT_SEQUENCE,PRIMER_RIGHT_SEQUENCE,PRIMER_LEFT_TM,PRIMER_RIGHT_TM,LENGTH_INTERMEDIATE_SEQUENCE,REV_RIGHT_SEQUENCE
1,c_quinquefolia|c_chinensis|c_groenlandica|c_asplenifolia|c_brevisepala|c_deltoidea|c_trifolia|c_quinquesecta|c_ramosa|c_trifoliolata|c_teeta|c_omeiensis,GGGATCGCAGGTTTGTTCATTAG,CCCTGGCCTCTGATTTCCATATA,59.935,59.411,242,TATATGGAAATCAGAGGCCAGGG
2,c_quinquefolia|c_chinensis|c_groenlandica|c_asplenifolia|c_brevisepala|c_deltoidea|c_trifolia|c_quinquesecta|c_ramosa|c_trifoliolata|c_teeta|c_omeiensis,TTTACCCTCGGCGTGTACTTTAT,ACCTCAATATCCACGGGCTTATT,59.805,59.605,1709,AATAAGCCCGTGGATATTGAGGT
3,c_quinquefolia|c_chinensis|c_groenlandica|c_asplenifolia|c_brevisepala|c_deltoidea|c_trifolia|c_quinquesecta|c_ramosa|c_trifoliolata|c_teeta|c_omeiensis,AGGCTCGGACTTGGATCATAATA,GGATACAGGCCCAGCAGAAATTA,58.840,60.435,461,TAATTTCTGCTGGGCCTGTATCC
4,c_quinquefolia|c_chinensis|c_groenlandica|c_asplenifolia|c_brevisepala|c_deltoidea|c_trifolia|c_quinquesecta|c_ramosa|c_trifoliolata|c_teeta|c_omeiensis,TGGTCAGGGAGATGCAGAAATAG,GTTGTTTGTCAGCACGGGTTTAG,59.865,60.791,1070,CTAAACCCGTGCTGACAAACAAC
5,c_quinquefolia|c_chinensis|c_groenlandica|c_asplenifolia|c_brevisepala|c_deltoidea|c_trifolia|c_quinquesecta|c_ramosa|c_trifoliolata|c_teeta|c_omeiensis,ACCCTCGGCGTGTACTTTATATG,ACCACCTCATTCCTCGACTCTAT,60.244,60.373,570,ATAGAGTCGAGGAATGAGGTGGT
6,c_quinquefolia|c_chinensis|c_groenlandica|c_asplenifolia|c_brevisepala|c_deltoidea|c_trifolia|c_quinquesecta|c_ramosa|c_trifoliolata|c_teeta|c_omeiensis,TCACCTCACGGCTGGGAATTAAT,TTTCTGCATCTCCCTGACCAAAT,61.963,60.245,1239,ATTTGGTCAGGGAGATGCAGAAA
7,c_quinquefolia|c_chinensis|c_groenlandica|c_asplenifolia|c_brevisepala|c_deltoidea|c_trifolia|c_quinquesecta|c_ramosa|c_trifoliolata|c_teeta|c_omeiensis,TTTGTGCCTTTAGTGGGTCTAGT,TACAGGCCCAGCAGAAATTACTT,59.607,59.990,576,AAGTAATTTCTGCTGGGCCTGTA
8,c_quinquefolia|c_chinensis|c_groenlandica|c_asplenifolia|c_brevisepala|c_deltoidea|c_trifolia|c_quinquesecta|c_ramosa|c_trifoliolata|c_teeta|c_omeiensis,CCTTCCAGTAGTATCGGCCATTT,ACAATCAAACCCGAACGAACAAA,60.181,59.871,252,TTTGTTCGTTCGGGTTTGATTGT
9,c_quinquefolia|c_chinensis|c_groenlandica|c_asplenifolia|c_brevisepala|c_deltoidea|c_trifolia|c_quinquesecta|c_ramosa|c_trifoliolata|c_teeta|c_omeiensis,ATTTGGTCAGGGAGATGCAGAAA,TATTCATTGCGGGTTGGTTGTTT,60.245,59.678,1089,AAACAACCAACCCGCAATGAATA
10,c_quinquefolia|c_chinensis|c_groenlandica|c_asplenifolia|c_brevisepala|c_deltoidea|c_trifolia|c_quinquesecta|c_ramosa|c_trifoliolata|c_teeta|c_omeiensis,CGTGTATCTCCGTCACTTGTAGT,ATACAATACGCCCAGTTGCTTCT,59.873,60.371,426,AGAAGCAACTGGGCGTATTGTAT
11,c_quinquefolia|c_chinensis|c_groenlandica|c_asplenifolia|c_brevisepala|c_deltoidea|c_trifolia|c_quinquesecta|c_ramosa|c_trifoliolata|c_teeta|c_omeiensis,CACTTTGTTCGTTCGGGTTTGAT,ACTGATCCCATCTTTCACGGAAT,60.243,59.799,499,ATTCCGTGAAAGATGGGATCAGT
12,c_quinquefolia|c_chinensis|c_groenlandica|c_asplenifolia|c_brevisepala|c_deltoidea|c_trifolia|c_quinquesecta|c_ramosa|c_trifoliolata|c_teeta|c_omeiensis,TGTGCCTTTAGTGGGTCTAGTATTT,AACAAACCTGCGATCCCATAGAA,59.750,60.308,719,TTCTATGGGATCGCAGGTTTGTT
13,c_quinquefolia|c_chinensis|c_groenlandica|c_asplenifolia|c_brevisepala|c_deltoidea|c_trifolia|c_quinquesecta|c_ramosa|c_trifoliolata|c_teeta|c_omeiensis,CCTCACGGCTGGGAATTAATGAT,ACGTGATGGGTCTTGAAGTACTA,60.749,58.916,1259,TAGTACTTCAAGACCCATCACGT
14,c_quinquefolia|c_chinensis|c_groenlandica|c_asplenifolia|c_brevisepala|c_deltoidea|c_trifolia|c_quinquesecta|c_ramosa|c_trifoliolata|c_teeta|c_omeiensis,TTTGTTCGTTCGGGTTTGATTGT,CGGGTTTAGCTTACGATGTGTTT,59.871,59.566,313,AAACACATCGTAAGCTAAACCCG
15,c_quinquefolia|c_chinensis|c_groenlandica|c_asplenifolia|c_brevisepala|c_deltoidea|c_trifolia|c_quinquesecta|c_ramosa|c_trifoliolata|c_teeta|c_omeiensis,GTATTTACCCTCGGCGTGTACTT,ACCTCATTCCTCGACTCTATCCA,60.429,60.117,573,TGGATAGAGTCGAGGAATGAGGT
16,c_quinquefolia|c_chinensis|c_groenlandica|c_asplenifolia|c_brevisepala|c_deltoidea|c_trifolia|c_quinquesecta|c_ramosa|c_trifoliolata|c_teeta|c_omeiensis,TGCGCCAATTGTCATTTAGCTAAT,ATCAAACCCGAACGAACAAAGTG,59.902,60.243,1410,CACTTTGTTCGTTCGGGTTTGAT
17,c_quinquefolia|c_chinensis|c_groenlandica|c_asplenifolia|c_brevisepala|c_deltoidea|c_trifolia|c_quinquesecta|c_ramosa|c_trifoliolata|c_teeta|c_omeiensis,AGTAATTTCTGCTGGGCCTGTAT,ACCACTACCTACATTCCACGAAAT,59.797,59.776,216,ATTTCGTGGAATGTAGGTAGTGGT
18,c_quinquefolia|c_chinensis|c_groenlandica|c_asplenifolia|c_brevisepala|c_deltoidea|c_trifolia|c_quinquesecta|c_ramosa|c_trifoliolata|c_teeta|c_omeiensis,CACGGCTGGGAATTAATGATTGG,GGGATTGCTCGTTAATGGTTGAT,60.244,59.368,1199,ATCAACCATTAACGAGCAATCCC
19,c_quinquefolia|c_chinensis|c_groenlandica|c_asplenifolia|c_brevisepala|c_deltoidea|c_trifolia|c_quinquesecta|c_ramosa|c_trifoliolata|c_teeta|c_omeiensis,TGGGTCTAGTATTTCCGGCACTT,AAACCTGCGATCCCATAGAAAGA,61.391,59.800,705,TCTTTCTATGGGATCGCAGGTTT
20,c_quinquefolia|c_chinensis|c_groenlandica|c_asplenifolia|c_brevisepala|c_deltoidea|c_trifolia|c_quinquesecta|c_ramosa|c_trifoliolata|c_teeta|c_omeiensis,GAGTCGAGGAATGAGGTGGTTTC,ACATTGGGATTGCTCGTTAATGG,60.923,59.619,1750,CCATTAACGAGCAATCCCAATGT
21,c_quinquefolia|c_chinensis|c_groenlandica|c_asplenifolia|c_brevisepala|c_deltoidea|c_trifolia|c_quinquesecta|c_ramosa|c_trifoliolata|c_teeta|c_omeiensis,GGCGATCAGAACGTATATGGATAGA,ATGAACAAACCTGCGATCCCATA,59.934,60.371,220,TATGGGATCGCAGGTTTGTTCAT
22,c_quinquefolia|c_chinensis|c_groenlandica|c_asplenifolia|c_brevisepala|c_deltoidea|c_trifolia|c_quinquesecta|c_ramosa|c_trifoliolata|c_teeta|c_omeiensis,CCATTAACGAGCAATCCCAATGT,GGGTCAATATCAGCAATGCAGTT,59.619,59.617,861,AACTGCATTGCTGATATTGACCC
23,c_quinquefolia|c_chinensis|c_groenlandica|c_asplenifolia|c_brevisepala|c_deltoidea|c_trifolia|c_quinquesecta|c_ramosa|c_trifoliolata|c_teeta|c_omeiensis,AATCGTGTATCTCCGTCACTTGT,CCCAGTTGCTTCTCGTGGATTT,59.807,61.136,419,AAATCCACGAGAAGCAACTGGG
24,c_quinquefolia|c_chinensis|c_groenlandica|c_asplenifolia|c_brevisepala|c_deltoidea|c_trifolia|c_quinquesecta|c_ramosa|c_trifoliolata|c_teeta|c_omeiensis,TCTTGTTTCCACCTTTCCAGTCA,GCTAAATGACAATTGGCGCATAC,60.054,59.269,512,GTATGCGCCAATTGTCATTTAGC
25,c_quinquefolia|c_chinensis|c_groenlandica|c_asplenifolia|c_brevisepala|c_deltoidea|c_trifolia|c_quinquesecta|c_ramosa|c_trifoliolata|c_teeta|c_omeiensis,TGGCGATCAGAACGTATATGGAT,CCTGCGATCCCATAGAAAGACAT,59.490,60.244,212,ATGTCTTTCTATGGGATCGCAGG
26,c_quinquefolia|c_chinensis|c_groenlandica|c_asplenifolia|c_brevisepala|c_deltoidea|c_trifolia|c_quinquesecta|c_ramosa|c_trifoliolata|c_teeta|c_omeiensis,TCTGGTCTTGTTTCCACCTTTCC,GGTTGCTAGTAGAGTTCCCTATCC,60.687,59.719,283,GGATAGGGAACTCTACTAGCAACC
27,c_quinquefolia|c_chinensis|c_groenlandica|c_asplenifolia|c_brevisepala|c_deltoidea|c_trifolia|c_quinquesecta|c_ramosa|c_trifoliolata|c_teeta|c_omeiensis,TGTTTCCACCTTTCCAGTCATTCT,TTGCATGGTCCAATCATTGATCC,60.386,59.615,324,GGATCAATGATTGGACCATGCAA
28,c_quinquefolia|c_chinensis|c_groenlandica|c_asplenifolia|c_brevisepala|c_deltoidea|c_trifolia|c_quinquesecta|c_ramosa|c_trifoliolata|c_teeta|c_omeiensis,TATGGGATCGCAGGTTTGTTCAT,GAAACCACCTCATTCCTCGACTC,60.371,60.923,778,GAGTCGAGGAATGAGGTGGTTTC
29,c_quinquefolia|c_chinensis|c_groenlandica|c_asplenifolia|c_brevisepala|c_deltoidea|c_trifolia|c_quinquesecta|c_ramosa|c_trifoliolata|c_teeta|c_omeiensis,GGGAACTCTACTAGCAACCTACC,CTGACCAAATCCACCCACATTG,59.616,59.768,887,CAATGTGGGTGGATTTGGTCAG
30,c_quinquefolia|c_chinensis|c_groenlandica|c_asplenifolia|c_brevisepala|c_deltoidea|c_trifolia|c_quinquesecta|c_ramosa|c_trifoliolata|c_teeta|c_omeiensis,GCTCGGACTTGGATCATAATACAG,GGCCCAGCAGAAATTACTTGTTT,59.074,59.993,452,AAACAAGTAATTTCTGCTGGGCC
31,c_quinquefolia|c_chinensis|c_groenlandica|c_asplenifolia|c_brevisepala|c_deltoidea|c_trifolia|c_quinquesecta|c_ramosa|c_trifoliolata|c_teeta|c_omeiensis,TAAGCCCGTGGATATTGAGGTTC,GACACGTGATGGGTCTTGAAGTA,60.181,60.306,670,TACTTCAAGACCCATCACGTGTC
32,c_quinquefolia|c_chinensis|c_groenlandica|c_asplenifolia|c_brevisepala|c_deltoidea|c_trifolia|c_quinquesecta|c_ramosa|c_trifoliolata|c_teeta|c_omeiensis,TGGATAGAGTCGAGGAATGAGGT,CTATTTCTGCATCTCCCTGACCA,60.117,59.865,1788,TGGTCAGGGAGATGCAGAAATAG
33,c_quinquefolia|c_chinensis|c_groenlandica|c_asplenifolia|c_brevisepala|c_deltoidea|c_trifolia|c_quinquesecta|c_ramosa|c_trifoliolata|c_teeta|c_omeiensis,AAACAACCAACCCGCAATGAATA,GGTACACTATTGACGATCTCACAAAG,59.678,59.746,227,CTTTGTGAGATCGTCAATAGTGTACC
34,c_quinquefolia|c_chinensis|c_groenlandica|c_asplenifolia|c_brevisepala|c_deltoidea|c_trifolia|c_quinquesecta|c_ramosa|c_trifoliolata|c_teeta|c_omeiensis,TCGTGGAATGTAGGTAGTGGTTATG,AGAATGACTGGAAAGGTGGAAAC,60.163,58.855,1354,GTTTCCACCTTTCCAGTCATTCT
35,c_quinquefolia|c_chinensis|c_groenlandica|c_asplenifolia|c_brevisepala|c_deltoidea|c_trifolia|c_quinquesecta|c_ramosa|c_trifoliolata|c_teeta|c_omeiensis,GCAGGTTTGTTCATTAGCTCCTATT,GGTAGGTTGCTAGTAGAGTTCCC,59.642,59.616,1648,GGGAACTCTACTAGCAACCTACC
36,c_quinquefolia|c_chinensis|c_groenlandica|c_asplenifolia|c_brevisepala|c_deltoidea|c_trifolia|c_quinquesecta|c_ramosa|c_trifoliolata|c_teeta|c_omeiensis,GTATGCGCCAATTGTCATTTAGC,GACACAATCAAACCCGAACGAAC,59.269,60.847,1419,GTTCGTTCGGGTTTGATTGTGTC
37,c_quinquefolia|c_chinensis|c_groenlandica|c_asplenifolia|c_brevisepala|c_deltoidea|c_trifolia|c_quinquesecta|c_ramosa|c_trifoliolata|c_teeta|c_omeiensis,TTCTATGGGATCGCAGGTTTGTT,TCCATATAAAGTACACGCCGAGG,60.308,59.995,233,CCTCGGCGTGTACTTTATATGGA
38,c_quinquefolia|c_chinensis|c_groenlandica|c_asplenifolia|c_brevisepala|c_deltoidea|c_trifolia|c_quinquesecta|c_ramosa|c_trifoliolata|c_teeta|c_omeiensis,GTTCGTTCGGGTTTGATTGTGTC,CACGGGTTTAGCTTACGATGTG,60.847,59.653,312,CACATCGTAAGCTAAACCCGTG
39,c_quinquefolia|c_chinensis|c_groenlandica|c_asplenifolia|c_brevisepala|c_deltoidea|c_trifolia|c_quinquesecta|c_ramosa|c_trifoliolata|c_teeta|c_omeiensis,CGGCTGGGAATTAATGATTGGTTT,ACGTGATGGGTCTTGAAGTACTATTT,60.142,60.296,1254,AAATAGTACTTCAAGACCCATCACGT
40,c_quinquefolia|c_chinensis|c_groenlandica|c_asplenifolia|c_brevisepala|c_deltoidea|c_trifolia|c_quinquesecta|c_ramosa|c_trifoliolata|c_teeta|c_omeiensis,GGTGGATTTGGTCAGGGAGATG,CAGTGAGATGGTTGGCTGTTCA,60.685,60.812,890,TGAACAGCCAACCATCTCACTG
41,c_quinquefolia|c_chinensis|c_groenlandica|c_asplenifolia|c_brevisepala|c_deltoidea|c_trifolia|c_quinquesecta|c_ramosa|c_trifoliolata|c_teeta|c_omeiensis,ATAGAGTCGAGGAATGAGGTGGT,CAATCATTAATTCCCAGCCGTGAG,60.373,60.261,571,CTCACGGCTGGGAATTAATGATTG
42,c_quinquefolia|c_chinensis|c_groenlandica|c_asplenifolia|c_brevisepala|c_deltoidea|c_trifolia|c_quinquesecta|c_ramosa|c_trifoliolata|c_teeta|c_omeiensis,TAGTGGGTCTAGTATTTCCGGCA,ATGTCATGGTTACACGCGCATAA,60.628,61.232,219,TTATGCGCGTGTAACCATGACAT
43,c_quinquefolia|c_chinensis|c_groenlandica|c_asplenifolia|c_brevisepala|c_deltoidea|c_trifolia|c_quinquesecta|c_ramosa|c_trifoliolata|c_teeta|c_omeiensis,TTCGTGGAATGTAGGTAGTGGTT,CCTCATTCCTCGACTCTATCCAATC,59.420,60.336,724,GATTGGATAGAGTCGAGGAATGAGG
44,c_quinquefolia|c_chinensis|c_groenlandica|c_asplenifolia|c_brevisepala|c_deltoidea|c_trifolia|c_quinquesecta|c_ramosa|c_trifoliolata|c_teeta|c_omeiensis,TGGCTTCTCTATCTCTTCATGTTCAA,GCTAATGAACAAACCTGCGATCC,60.071,60.488,688,GGATCGCAGGTTTGTTCATTAGC
45,c_quinquefolia|c_chinensis|c_groenlandica|c_asplenifolia|c_brevisepala|c_deltoidea|c_trifolia|c_quinquesecta|c_ramosa|c_trifoliolata|c_teeta|c_omeiensis,CAACCATTAACGAGCAATCCCAA,CATTGCGGGTTGGTTGTTTGTC,59.808,61.369,1117,GACAAACAACCAACCCGCAATG
46,c_quinquefolia|c_chinensis|c_groenlandica|c_asplenifolia|c_brevisepala|c_deltoidea|c_trifolia|c_quinquesecta|c_ramosa|c_trifoliolata|c_teeta|c_omeiensis,TCCACCTTTCCAGTCATTCTAGA,GGATTGCTCGTTAATGGTTGATCAA,58.574,60.164,1117,TTGATCAACCATTAACGAGCAATCC
47,c_quinquefolia|c_chinensis|c_groenlandica|c_asplenifolia|c_brevisepala|c_deltoidea|c_trifolia|c_quinquesecta|c_ramosa|c_trifoliolata|c_teeta|c_omeiensis,ATCGCAGGTTTGTTCATTAGCTC,CCTGGCCTCTGATTTCCATATAAAG,59.625,59.291,238,CTTTATATGGAAATCAGAGGCCAGG
48,c_quinquefolia|c_chinensis|c_groenlandica|c_asplenifolia|c_brevisepala|c_deltoidea|c_trifolia|c_quinquesecta|c_ramosa|c_trifoliolata|c_teeta|c_omeiensis,TGATCAACCATTAACGAGCAATCC,GGTTTAGCTTACGATGTGTTTGGA,59.665,59.547,1093,TCCAAACACATCGTAAGCTAAACC
49,c_quinquefolia|c_chinensis|c_groenlandica|c_asplenifolia|c_brevisepala|c_deltoidea|c_trifolia|c_quinquesecta|c_ramosa|c_trifoliolata|c_teeta|c_omeiensis,CAGATTGGATAGAGTCGAGGAATGA,CGCATACAATACGCCCAGTTG,59.757,60.004,1127,CAACTGGGCGTATTGTATGCG
50,c_quinquefolia|c_chinensis|c_groenlandica|c_asplenifolia|c_brevisepala|c_deltoidea|c_trifolia|c_quinquesecta|c_ramosa|c_trifoliolata|c_teeta|c_omeiensis,CGAGTTGCGCCAAAGAATCAAA,ATGTCTGGAAGCACGGGAGAA,60.604,61.448,229,TTCTCCCGTGCTTCCAGACAT
51,c_quinquefolia|c_chinensis|c_groenlandica|c_asplenifolia|c_brevisepala|c_deltoidea|c_trifolia|c_quinquesecta|c_ramosa|c_trifoliolata|c_teeta|c_omeiensis,CAATGTGGGTGGATTTGGTCAG,TGGTTCATATTCTGGATTGGGTTCA,59.768,60.281,461,TGAACCCAATCCAGAATATGAACCA
52,c_quinquefolia|c_chinensis|c_groenlandica|c_asplenifolia|c_brevisepala|c_deltoidea|c_trifolia|c_quinquesecta|c_ramosa|c_trifoliolata|c_teeta|c_omeiensis,ATTGTATGCGCCAATTGTCATTT,GCATCTCCCTGACCAAATCCA,58.242,60.064,668,TGGATTTGGTCAGGGAGATGC
53,c_quinquefolia|c_chinensis|c_groenlandica|c_asplenifolia|c_brevisepala|c_deltoidea|c_trifolia|c_quinquesecta|c_ramosa|c_trifoliolata|c_teeta|c_omeiensis,TCTTTCTATGGGATCGCAGGTTT,ATGTGTATCCGGGTATTCCTTTAC,59.800,58.138,1046,GTAAAGGAATACCCGGATACACAT
54,c_quinquefolia|c_chinensis|c_groenlandica|c_asplenifolia|c_brevisepala|c_deltoidea|c_trifolia|c_quinquesecta|c_ramosa|c_trifoliolata|c_teeta|c_omeiensis,GTCAGGGAGATGCAGAAATAGTACT,GTGTTGAATTGAATCGTACCAGTCT,59.930,59.591,741,AGACTGGTACGATTCAATTCAACAC
55,c_quinquefolia|c_chinensis|c_groenlandica|c_asplenifolia|c_brevisepala|c_deltoidea|c_trifolia|c_quinquesecta|c_ramosa|c_trifoliolata|c_teeta|c_omeiensis,TGAGGTGGTTTCATTAGCAATTCA,GCTAGTAGAGTTCCCTATCCACG,58.924,59.497,883,CGTGGATAGGGAACTCTACTAGC
56,c_quinquefolia|c_chinensis|c_groenlandica|c_asplenifolia|c_brevisepala|c_deltoidea|c_trifolia|c_quinquesecta|c_ramosa|c_trifoliolata|c_teeta|c_omeiensis,CCTCGGCGTGTACTTTATATGGAA,CATTCCTCGACTCTATCCAATCTGA,60.500,59.757,561,TCAGATTGGATAGAGTCGAGGAATG
57,c_quinquefolia|c_chinensis|c_groenlandica|c_asplenifolia|c_brevisepala|c_deltoidea|c_trifolia|c_quinquesecta|c_ramosa|c_trifoliolata|c_teeta|c_omeiensis,CGGCGTGTACTTTATATGGAAATCA,GAACCTCAATATCCACGGGCTT,59.536,60.422,1703,AAGCCCGTGGATATTGAGGTTC
58,c_quinquefolia|c_chinensis|c_groenlandica|c_asplenifolia|c_brevisepala|c_deltoidea|c_trifolia|c_quinquesecta|c_ramosa|c_trifoliolata|c_teeta|c_omeiensis,AATTTCTGCTGGGCCTGTATCCT,TGTGAATTGCTAATGAAACCACCTC,61.981,60.048,936,GAGGTGGTTTCATTAGCAATTCACA
59,c_quinquefolia|c_chinensis|c_groenlandica|c_asplenifolia|c_brevisepala|c_deltoidea|c_trifolia|c_quinquesecta|c_ramosa|c_trifoliolata|c_teeta|c_omeiensis,CTTCCAGTAGTATCGGCCATTTATC,TCCAACGATAAACCTAATCCGAATT,59.130,58.649,289,AATTCGGATTAGGTTTATCGTTGGA
60,c_quinquefolia|c_chinensis|c_groenlandica|c_asplenifolia|c_brevisepala|c_deltoidea|c_trifolia|c_quinquesecta|c_ramosa|c_trifoliolata|c_teeta|c_omeiensis,CTAAACCCGTGCTGACAAACAAC,CTCACAAAGATAAAGGACCAGTGG,60.791,59.303,226,CCACTGGTCCTTTATCTTTGTGAG
61,c_quinquefolia|c_chinensis|c_groenlandica|c_asplenifolia|c_brevisepala|c_deltoidea|c_trifolia|c_quinquesecta|c_ramosa|c_trifoliolata|c_teeta|c_omeiensis,GGAACTCTACTAGCAACCTACCAAA,TCATTTCGGACAATTGAACCTTCTC,60.047,59.819,1022,GAGAAGGTTCAATTGTCCGAAATGA
62,c_quinquefolia|c_chinensis|c_groenlandica|c_asplenifolia|c_brevisepala|c_deltoidea|c_trifolia|c_quinquesecta|c_ramosa|c_trifoliolata|c_teeta|c_omeiensis,CCACCTTTCCAGTCATTCTAGATACA,AGTAGAGTTCCCTATCCACGATT,60.127,58.194,263,AATCGTGGATAGGGAACTCTACT
63,c_quinquefolia|c_chinensis|c_groenlandica|c_asplenifolia|c_brevisepala|c_deltoidea|c_trifolia|c_quinquesecta|c_ramosa|c_trifoliolata|c_teeta|c_omeiensis,GGTGGTTTCATTAGCAATTCACAGA,CGTTTGTATATGTGTATCCGGGTATTC,60.048,59.937,280,GAATACCCGGATACACATATACAAACG
64,c_quinquefolia|c_chinensis|c_groenlandica|c_asplenifolia|c_brevisepala|c_deltoidea|c_trifolia|c_quinquesecta|c_ramosa|c_trifoliolata|c_teeta|c_omeiensis,TTATGCGCGTGTAACCATGACA,CACTACCTACATTCCACGAAATTGT,60.931,59.358,562,ACAATTTCGTGGAATGTAGGTAGTG
