ID,SEQUENCE_ID,PRIMER_LEFT_SEQUENCE,PRIMER_RIGHT_SEQUENCE,PRIMER_LEFT_TM,PRIMER_RIGHT_TM,LENGTH_INTERMEDIATE_SEQUENCE,REV_RIGHT_SEQUENCE
1,c_ramosa|c_omeiensis|c_asplenifolia|c_deltoidea|c_quinquesecta|c_chinensis|c_trifoliolata|c_quinquefolia|c_groenlandica|c_teeta|c_brevisepala|c_trifolia,GCACTCTATGGTTCGGGTCTTTA,AAATCGTGGTTGGGAAGGTCATA,60.119,59.990,1955,TATGACCTTCCCAACCACGATTT
2,c_ramosa|c_omeiensis|c_asplenifolia|c_deltoidea|c_quinquesecta|c_chinensis|c_trifoliolata|c_quinquefolia|c_groenlandica|c_teeta|c_brevisepala|c_trifolia,TAGGGATGCCGCGTACAAATAAA,TTGGTTTCTGCTCATCGGGATAG,60.432,60.432,1804,CTATCCCGATGAGCAGAAACCAA
3,c_ramosa|c_omeiensis|c_asplenifolia|c_deltoidea|c_quinquesecta|c_chinensis|c_trifoliolata|c_quinquefolia|c_groenlandica|c_teeta|c_brevisepala|c_trifolia,TGAGCAGAAACCAAAGCCCTTAT,TCGTGGTTGGGAAGGTCATAGTA,60.500,60.819,292,TACTATGACCTTCCCAACCACGA
4,c_ramosa|c_omeiensis|c_asplenifolia|c_deltoidea|c_quinquesecta|c_chinensis|c_trifoliolata|c_quinquefolia|c_groenlandica|c_teeta|c_brevisepala|c_trifolia,TCTACTGGCGGCTTCAACTATAA,GACCCGAACCATAGAGTGCTTAA,59.297,60.119,1136,TTAAGCACTCTATGGTTCGGGTC
5,c_ramosa|c_omeiensis|c_asplenifolia|c_deltoidea|c_quinquesecta|c_chinensis|c_trifoliolata|c_quinquefolia|c_groenlandica|c_teeta|c_brevisepala|c_trifolia,TATGACCTTCCCAACCACGATTT,GTGTATGTGCGACTCGTTCAAAT,59.990,59.877,642,ATTTGAACGAGTCGCACATACAC
6,c_ramosa|c_omeiensis|c_asplenifolia|c_deltoidea|c_quinquesecta|c_chinensis|c_trifoliolata|c_quinquefolia|c_groenlandica|c_teeta|c_brevisepala|c_trifolia,TCGGGTCTTTAGCAGGTCTATTG,CGTTTCGGACACAACTGTTACAT,59.868,59.753,553,ATGTAACAGTTGTGTCCGAAACG
7,c_ramosa|c_omeiensis|c_asplenifolia|c_deltoidea|c_quinquesecta|c_chinensis|c_trifoliolata|c_quinquefolia|c_groenlandica|c_teeta|c_brevisepala|c_trifolia,CAGGATTTGAACCCGTGACATTT,CTGCTAAAGACCCGAACCATAGA,59.744,59.868,448,TCTATGGTTCGGGTCTTTAGCAG
8,c_ramosa|c_omeiensis|c_asplenifolia|c_deltoidea|c_quinquesecta|c_chinensis|c_trifoliolata|c_quinquefolia|c_groenlandica|c_teeta|c_brevisepala|c_trifolia,AGTGGGTTCCTTCGTTTCTATGG,GGAACGTGTACTAGGGTGTATGT,60.307,59.555,513,ACATACACCCTAGTACACGTTCC
9,c_ramosa|c_omeiensis|c_asplenifolia|c_deltoidea|c_quinquesecta|c_chinensis|c_trifoliolata|c_quinquefolia|c_groenlandica|c_teeta|c_brevisepala|c_trifolia,TATCCCGATGAGCAGAAACCAAA,ATGTGCGACTCGTTCAAATCATG,60.055,60.182,918,CATGATTTGAACGAGTCGCACAT
10,c_ramosa|c_omeiensis|c_asplenifolia|c_deltoidea|c_quinquesecta|c_chinensis|c_trifoliolata|c_quinquefolia|c_groenlandica|c_teeta|c_brevisepala|c_trifolia,CTGCGCTACATCCCTTTCAATTG,TTATTTGTACGCGGCATCCCTAA,60.488,60.432,263,TTAGGGATGCCGCGTACAAATAA
11,c_ramosa|c_omeiensis|c_asplenifolia|c_deltoidea|c_quinquesecta|c_chinensis|c_trifoliolata|c_quinquefolia|c_groenlandica|c_teeta|c_brevisepala|c_trifolia,CCGTTTAGTTCCTTCATGCCTACT,CGCTCTTAGTTCAGTTCGGTAGA,60.623,59.873,579,TCTACCGAACTGAACTAAGAGCG
12,c_ramosa|c_omeiensis|c_asplenifolia|c_deltoidea|c_quinquesecta|c_chinensis|c_trifoliolata|c_quinquefolia|c_groenlandica|c_teeta|c_brevisepala|c_trifolia,CTCTATGGTTCGGGTCTTTAGCA,TAAGGGCTTTGGTTTCTGCTCAT,59.868,60.500,1679,ATGAGCAGAAACCAAAGCCCTTA
13,c_ramosa|c_omeiensis|c_asplenifolia|c_deltoidea|c_quinquesecta|c_chinensis|c_trifoliolata|c_quinquefolia|c_groenlandica|c_teeta|c_brevisepala|c_trifolia,GGAGCCTCTTCCCTCATTTAATC,GTACTAGGGTGTATGTGCGACTC,58.606,60.243,448,GAGTCGCACATACACCCTAGTAC
14,c_ramosa|c_omeiensis|c_asplenifolia|c_deltoidea|c_quinquesecta|c_chinensis|c_trifoliolata|c_quinquefolia|c_groenlandica|c_teeta|c_brevisepala|c_trifolia,GGTTCGGGTCTTTAGCAGGTCTA,TCGTCGTTTGTGGATTACTCGTATA,61.690,59.935,1621,TATACGAGTAATCCACAAACGACGA
15,c_ramosa|c_omeiensis|c_asplenifolia|c_deltoidea|c_quinquesecta|c_chinensis|c_trifoliolata|c_quinquefolia|c_groenlandica|c_teeta|c_brevisepala|c_trifolia,TTGCTACTATGACCTTCCCAACC,GGAAGAGGCTCCGGTGTATAGAA,60.055,61.254,221,TTCTATACACCGGAGCCTCTTCC
16,c_ramosa|c_omeiensis|c_asplenifolia|c_deltoidea|c_quinquesecta|c_chinensis|c_trifoliolata|c_quinquefolia|c_groenlandica|c_teeta|c_brevisepala|c_trifolia,AGAATCACGCTCTGTAGGATTTGA,TCGGACACAACTGTTACATTCCA,59.840,60.181,1221,TGGAATGTAACAGTTGTGTCCGA
17,c_ramosa|c_omeiensis|c_asplenifolia|c_deltoidea|c_quinquesecta|c_chinensis|c_trifoliolata|c_quinquefolia|c_groenlandica|c_teeta|c_brevisepala|c_trifolia,TTAGTTAGGGATGCCGCGTACAA,GCGGGCGAATCTTCTTTCTCTTT,61.994,61.722,349,AAAGAGAAAGAAGATTCGCCCGC
18,c_ramosa|c_omeiensis|c_asplenifolia|c_deltoidea|c_quinquesecta|c_chinensis|c_trifoliolata|c_quinquefolia|c_groenlandica|c_teeta|c_brevisepala|c_trifolia,GGCGGCTTCAACTATAACCTCAG,ACCTCCTGCGGATTAAAGAAAGG,61.292,60.622,389,CCTTTCTTTAATCCGCAGGAGGT
19,c_ramosa|c_omeiensis|c_asplenifolia|c_deltoidea|c_quinquesecta|c_chinensis|c_trifoliolata|c_quinquefolia|c_groenlandica|c_teeta|c_brevisepala|c_trifolia,CTTTCTATACACCGGAGCCTCTT,CCCAGTGGTAGCAAATGGTTATC,59.615,59.368,264,GATAACCATTTGCTACCACTGGG
20,c_ramosa|c_omeiensis|c_asplenifolia|c_deltoidea|c_quinquesecta|c_chinensis|c_trifoliolata|c_quinquefolia|c_groenlandica|c_teeta|c_brevisepala|c_trifolia,CGAGTAATCCACAAACGACGAAA,GCAACCATAGAAACGAAGGAACC,59.574,60.120,494,GGTTCCTTCGTTTCTATGGTTGC
21,c_ramosa|c_omeiensis|c_asplenifolia|c_deltoidea|c_quinquesecta|c_chinensis|c_trifoliolata|c_quinquefolia|c_groenlandica|c_teeta|c_brevisepala|c_trifolia,TCACGCTCTGTAGGATTTGAACC,TGTACGCGGCATCCCTAACTAAA,60.617,61.994,543,TTTAGTTAGGGATGCCGCGTACA
22,c_ramosa|c_omeiensis|c_asplenifolia|c_deltoidea|c_quinquesecta|c_chinensis|c_trifoliolata|c_quinquefolia|c_groenlandica|c_teeta|c_brevisepala|c_trifolia,TTTCTACTGGCGGCTTCAACTA,TCAAATCCTACAGAGCGTGATTCT,59.699,59.840,483,AGAATCACGCTCTGTAGGATTTGA
23,c_ramosa|c_omeiensis|c_asplenifolia|c_deltoidea|c_quinquesecta|c_chinensis|c_trifoliolata|c_quinquefolia|c_groenlandica|c_teeta|c_brevisepala|c_trifolia,CGGGTCTTTAGCAGGTCTATTGATA,TTTGTTGTCCTCGACCCTTAATT,59.989,58.279,273,AATTAAGGGTCGAGGACAACAAA
24,c_ramosa|c_omeiensis|c_asplenifolia|c_deltoidea|c_quinquesecta|c_chinensis|c_trifoliolata|c_quinquefolia|c_groenlandica|c_teeta|c_brevisepala|c_trifolia,CCCTATCCCGATGAGCAGAAAC,GGTTGGGAAGGTCATAGTAGCAA,60.549,60.055,299,TTGCTACTATGACCTTCCCAACC
25,c_ramosa|c_omeiensis|c_asplenifolia|c_deltoidea|c_quinquesecta|c_chinensis|c_trifoliolata|c_quinquefolia|c_groenlandica|c_teeta|c_brevisepala|c_trifolia,GGCTGGATTATTCGTAACTGCATATT,GGGTTCAAATCCTGTCATCCCTAT,59.851,60.141,425,ATAGGGATGACAGGATTTGAACCC
26,c_ramosa|c_omeiensis|c_asplenifolia|c_deltoidea|c_quinquesecta|c_chinensis|c_trifoliolata|c_quinquefolia|c_groenlandica|c_teeta|c_brevisepala|c_trifolia,CGCTACATCCCTTTCAATTGGAC,GTTGTCCTCGACCCTTAATTTCC,59.935,59.312,651,GGAAATTAAGGGTCGAGGACAAC
27,c_ramosa|c_omeiensis|c_asplenifolia|c_deltoidea|c_quinquesecta|c_chinensis|c_trifoliolata|c_quinquefolia|c_groenlandica|c_teeta|c_brevisepala|c_trifolia,AGGATCAAATAAGGTGTGAGTCTGA,ATAGTTGAAGCCGCCAGTAGAAA,59.515,60.055,211,TTTCTACTGGCGGCTTCAACTAT
28,c_ramosa|c_omeiensis|c_asplenifolia|c_deltoidea|c_quinquesecta|c_chinensis|c_trifoliolata|c_quinquefolia|c_groenlandica|c_teeta|c_brevisepala|c_trifolia,AATCGACACAATACGCCTAATCG,CCATAGAAACGAAGGAACCCACT,59.266,60.307,1496,AGTGGGTTCCTTCGTTTCTATGG
29,c_ramosa|c_omeiensis|c_asplenifolia|c_deltoidea|c_quinquesecta|c_chinensis|c_trifoliolata|c_quinquefolia|c_groenlandica|c_teeta|c_brevisepala|c_trifolia,ATGACAGGATTTGAACCCGTGAC,CGATTAGGCGTATTGTGTCGATT,61.118,59.266,1051,AATCGACACAATACGCCTAATCG
30,c_ramosa|c_omeiensis|c_asplenifolia|c_deltoidea|c_quinquesecta|c_chinensis|c_trifoliolata|c_quinquefolia|c_groenlandica|c_teeta|c_brevisepala|c_trifolia,CCTTCGTTTCTATGGTTGCTTCTT,GTGCAAATCCAATCACCTCAATT,59.544,58.176,342,AATTGAGGTGATTGGATTTGCAC
31,c_ramosa|c_omeiensis|c_asplenifolia|c_deltoidea|c_quinquesecta|c_chinensis|c_trifoliolata|c_quinquefolia|c_groenlandica|c_teeta|c_brevisepala|c_trifolia,ATCCCGTTTAGTTCCTTCATGCC,GCGGATTAAAGAAAGGAGGAGGT,60.936,60.371,435,ACCTCCTCCTTTCTTTAATCCGC
32,c_ramosa|c_omeiensis|c_asplenifolia|c_deltoidea|c_quinquesecta|c_chinensis|c_trifoliolata|c_quinquefolia|c_groenlandica|c_teeta|c_brevisepala|c_trifolia,TGGCTGGATTATTCGTAACTGCA,TAAAGACCCGAACCATAGAGTGC,60.370,60.119,856,GCACTCTATGGTTCGGGTCTTTA
33,c_ramosa|c_omeiensis|c_asplenifolia|c_deltoidea|c_quinquesecta|c_chinensis|c_trifoliolata|c_quinquefolia|c_groenlandica|c_teeta|c_brevisepala|c_trifolia,TACTATGACCTTCCCAACCACGA,GAGGCTCCGGTGTATAGAAAGG,60.819,59.964,213,CCTTTCTATACACCGGAGCCTC
34,c_ramosa|c_omeiensis|c_asplenifolia|c_deltoidea|c_quinquesecta|c_chinensis|c_trifoliolata|c_quinquefolia|c_groenlandica|c_teeta|c_brevisepala|c_trifolia,TATGGTTCGGGTCTTTAGCAGGT,TTCGTCGTTTGTGGATTACTCGT,61.391,60.551,1625,ACGAGTAATCCACAAACGACGAA
35,c_ramosa|c_omeiensis|c_asplenifolia|c_deltoidea|c_quinquesecta|c_chinensis|c_trifoliolata|c_quinquefolia|c_groenlandica|c_teeta|c_brevisepala|c_trifolia,TCCCTTTCAATTGGACTACAGTGT,GTTGCGGGCGAATCTTCTTTCT,59.896,61.762,578,AGAAAGAAGATTCGCCCGCAAC
36,c_ramosa|c_omeiensis|c_asplenifolia|c_deltoidea|c_quinquesecta|c_chinensis|c_trifoliolata|c_quinquefolia|c_groenlandica|c_teeta|c_brevisepala|c_trifolia,CTGGCGGCTTCAACTATAACCT,GCAGTTACGAATAATCCAGCCAAA,60.420,59.904,302,TTTGGCTGGATTATTCGTAACTGC
37,c_ramosa|c_omeiensis|c_asplenifolia|c_deltoidea|c_quinquesecta|c_chinensis|c_trifoliolata|c_quinquefolia|c_groenlandica|c_teeta|c_brevisepala|c_trifolia,GGCGATCAGTTGGACCTTTGA,TAGACCTGCTAAAGACCCGAACC,60.611,61.690,824,GGTTCGGGTCTTTAGCAGGTCTA
38,c_ramosa|c_omeiensis|c_asplenifolia|c_deltoidea|c_quinquesecta|c_chinensis|c_trifoliolata|c_quinquefolia|c_groenlandica|c_teeta|c_brevisepala|c_trifolia,GGTTCCTTCGTTTCTATGGTTGC,GGTGTATGTGCGACTCGTTCA,60.120,60.668,495,TGAACGAGTCGCACATACACC
39,c_ramosa|c_omeiensis|c_asplenifolia|c_deltoidea|c_quinquesecta|c_chinensis|c_trifoliolata|c_quinquefolia|c_groenlandica|c_teeta|c_brevisepala|c_trifolia,ACTTTGGCTGGATTATTCGTAACT,GTTCAAATCCTACAGAGCGTGAT,58.503,58.815,203,ATCACGCTCTGTAGGATTTGAAC
40,c_ramosa|c_omeiensis|c_asplenifolia|c_deltoidea|c_quinquesecta|c_chinensis|c_trifoliolata|c_quinquefolia|c_groenlandica|c_teeta|c_brevisepala|c_trifolia,TGACCTCCTCCTTTCTTTAATCCG,GGTTCAAATCCTGTCATCCCTATCTA,60.081,59.957,346,TAGATAGGGATGACAGGATTTGAACC
41,c_ramosa|c_omeiensis|c_asplenifolia|c_deltoidea|c_quinquesecta|c_chinensis|c_trifoliolata|c_quinquefolia|c_groenlandica|c_teeta|c_brevisepala|c_trifolia,GCTGCATTTATACGAGTAATCCACAA,CTCCGGTGTATAGAAAGGACCTC,60.018,59.681,541,GAGGTCCTTTCTATACACCGGAG
42,c_ramosa|c_omeiensis|c_asplenifolia|c_deltoidea|c_quinquesecta|c_chinensis|c_trifoliolata|c_quinquefolia|c_groenlandica|c_teeta|c_brevisepala|c_trifolia,GCTACATCCCTTTCAATTGGACTAC,CGTCGTTTGTGGATTACTCGTATAAAT,59.703,60.044,1996,ATTTATACGAGTAATCCACAAACGACG
43,c_ramosa|c_omeiensis|c_asplenifolia|c_deltoidea|c_quinquesecta|c_chinensis|c_trifoliolata|c_quinquefolia|c_groenlandica|c_teeta|c_brevisepala|c_trifolia,CCACCGGGTCGTTATATATATCCA,GGGACTCATTCAAGACTTACTCGA,59.354,59.842,1886,TCGAGTAAGTCTTGAATGAGTCCC
44,c_ramosa|c_omeiensis|c_asplenifolia|c_deltoidea|c_quinquesecta|c_chinensis|c_trifoliolata|c_quinquefolia|c_groenlandica|c_teeta|c_brevisepala|c_trifolia,TCTACCGAACTGAACTAAGAGCG,ACACTGTAGTCCAATTGAAAGGGA,59.873,59.896,268,TCCCTTTCAATTGGACTACAGTGT
45,c_ramosa|c_omeiensis|c_asplenifolia|c_deltoidea|c_quinquesecta|c_chinensis|c_trifoliolata|c_quinquefolia|c_groenlandica|c_teeta|c_brevisepala|c_trifolia,CGGCTTCAACTATAACCTCAGCTT,CGGATTAAAGAAAGGAGGAGGTCAA,60.920,60.571,379,TTGACCTCCTCCTTTCTTTAATCCG
46,c_ramosa|c_omeiensis|c_asplenifolia|c_deltoidea|c_quinquesecta|c_chinensis|c_trifoliolata|c_quinquefolia|c_groenlandica|c_teeta|c_brevisepala|c_trifolia,CGAGTAAGTCTTGAATGAGTCCC,AGAAGCAACCATAGAAACGAAGGA,58.574,60.263,405,TCCTTCGTTTCTATGGTTGCTTCT
47,c_ramosa|c_omeiensis|c_asplenifolia|c_deltoidea|c_quinquesecta|c_chinensis|c_trifoliolata|c_quinquefolia|c_groenlandica|c_teeta|c_brevisepala|c_trifolia,TCCGTGGCACCTGTGTTAAG,AAATAAGGGCTTTGGTTTCTGCT,60.250,59.096,1704,AGCAGAAACCAAAGCCCTTATTT
48,c_ramosa|c_omeiensis|c_asplenifolia|c_deltoidea|c_quinquesecta|c_chinensis|c_trifoliolata|c_quinquefolia|c_groenlandica|c_teeta|c_brevisepala|c_trifolia,GGCTTCAACTATAACCTCAGCTTTAT,AATCGATTAGGCGTATTGTGTCG,59.232,59.266,1737,CGACACAATACGCCTAATCGATT
49,c_ramosa|c_omeiensis|c_asplenifolia|c_deltoidea|c_quinquesecta|c_chinensis|c_trifoliolata|c_quinquefolia|c_groenlandica|c_teeta|c_brevisepala|c_trifolia,CCGTTTAGTTCCTTCATGCCTACTATA,CGGGTTCAAATCCTGTCATCCC,60.471,61.265,755,GGGATGACAGGATTTGAACCCG
50,c_ramosa|c_omeiensis|c_asplenifolia|c_deltoidea|c_quinquesecta|c_chinensis|c_trifoliolata|c_quinquefolia|c_groenlandica|c_teeta|c_brevisepala|c_trifolia,CCTTCGTTTCTATGGTTGCTTCTTAAA,GAGGAACGTGTACTAGGGTGTA,60.308,58.653,507,TACACCCTAGTACACGTTCCTC
51,c_ramosa|c_omeiensis|c_asplenifolia|c_deltoidea|c_quinquesecta|c_chinensis|c_trifoliolata|c_quinquefolia|c_groenlandica|c_teeta|c_brevisepala|c_trifolia,AGATAGGGATGACAGGATTTGAACC,CGCGATTCCTTATTAATACCGTTTC,60.163,58.706,1017,GAAACGGTATTAATAAGGAATCGCG
52,c_ramosa|c_omeiensis|c_asplenifolia|c_deltoidea|c_quinquesecta|c_chinensis|c_trifoliolata|c_quinquefolia|c_groenlandica|c_teeta|c_brevisepala|c_trifolia,CCCTGTTAGTCCGTTCTTGCAA,GTGTACTAGGGTGTATGTGCGA,60.809,59.575,295,TCGCACATACACCCTAGTACAC
53,c_ramosa|c_omeiensis|c_asplenifolia|c_deltoidea|c_quinquesecta|c_chinensis|c_trifoliolata|c_quinquefolia|c_groenlandica|c_teeta|c_brevisepala|c_trifolia,CGATGAGCAGAAACCAAAGCC,TTGCAAGAACGGACTAACAGGG,60.136,60.809,654,CCCTGTTAGTCCGTTCTTGCAA
54,c_ramosa|c_omeiensis|c_asplenifolia|c_deltoidea|c_quinquesecta|c_chinensis|c_trifoliolata|c_quinquefolia|c_groenlandica|c_teeta|c_brevisepala|c_trifolia,CTCCTCCTTTCTTTAATCCGCAG,CAATTGAAAGGGATGTAGCGCAG,59.126,60.488,402,CTGCGCTACATCCCTTTCAATTG
55,c_ramosa|c_omeiensis|c_asplenifolia|c_deltoidea|c_quinquesecta|c_chinensis|c_trifoliolata|c_quinquefolia|c_groenlandica|c_teeta|c_brevisepala|c_trifolia,GCTGCGCTACATCCCTTTCAA,CGTTGCGGGCGAATCTTCTT,61.281,61.636,590,AAGAAGATTCGCCCGCAACG
56,c_ramosa|c_omeiensis|c_asplenifolia|c_deltoidea|c_quinquesecta|c_chinensis|c_trifoliolata|c_quinquefolia|c_groenlandica|c_teeta|c_brevisepala|c_trifolia,CGAATTGCTGCATTTATACGAGTAATC,CCGTTTAAGAAGCAACCATAGAAAC,59.524,58.916,523,GTTTCTATGGTTGCTTCTTAAACGG
57,c_ramosa|c_omeiensis|c_asplenifolia|c_deltoidea|c_quinquesecta|c_chinensis|c_trifoliolata|c_quinquefolia|c_groenlandica|c_teeta|c_brevisepala|c_trifolia,GAAAGAAGATTCGCCCGCAAC,GCTTTGGTTTCTGCTCATCGG,60.466,60.136,1481,CCGATGAGCAGAAACCAAAGC
58,c_ramosa|c_omeiensis|c_asplenifolia|c_deltoidea|c_quinquesecta|c_chinensis|c_trifoliolata|c_quinquefolia|c_groenlandica|c_teeta|c_brevisepala|c_trifolia,GGATGACAGGATTTGAACCCGT,AGTTGACTCAGTTCTCTCAAATTGT,60.618,58.647,1569,ACAATTTGAGAGAACTGAGTCAACT
59,c_ramosa|c_omeiensis|c_asplenifolia|c_deltoidea|c_quinquesecta|c_chinensis|c_trifoliolata|c_quinquefolia|c_groenlandica|c_teeta|c_brevisepala|c_trifolia,GGCTTCAACTATAACCTCAGCTTTATTTA,TAATCAAAGGTCCAACTGATCGC,59.984,59.061,340,GCGATCAGTTGGACCTTTGATTA
60,c_ramosa|c_omeiensis|c_asplenifolia|c_deltoidea|c_quinquesecta|c_chinensis|c_trifoliolata|c_quinquefolia|c_groenlandica|c_teeta|c_brevisepala|c_trifolia,CCACCGGGTCGTTATATATATCCATTT,GGACTCATTCAAGACTTACTCGAACT,60.634,60.571,1885,AGTTCGAGTAAGTCTTGAATGAGTCC
61,c_ramosa|c_omeiensis|c_asplenifolia|c_deltoidea|c_quinquesecta|c_chinensis|c_trifoliolata|c_quinquefolia|c_groenlandica|c_teeta|c_brevisepala|c_trifolia,ACCTCAGCTTTATTTATTGGTCTGA,ATGCAGTTACGAATAATCCAGCC,58.279,59.185,286,GGCTGGATTATTCGTAACTGCAT
62,c_ramosa|c_omeiensis|c_asplenifolia|c_deltoidea|c_quinquesecta|c_chinensis|c_trifoliolata|c_quinquefolia|c_groenlandica|c_teeta|c_brevisepala|c_trifolia,ACAATTTGAGAGAACTGAGTCAACT,TGGATTACTCGTATAAATGCAGCAATT,58.647,59.771,503,AATTGCTGCATTTATACGAGTAATCCA
63,c_ramosa|c_omeiensis|c_asplenifolia|c_deltoidea|c_quinquesecta|c_chinensis|c_trifoliolata|c_quinquefolia|c_groenlandica|c_teeta|c_brevisepala|c_trifolia,ATACGAGTAATCCACAAACGACG,GGAAGAGGCTCCGGTGTATA,58.899,58.299,540,TATACACCGGAGCCTCTTCC
64,c_ramosa|c_omeiensis|c_asplenifolia|c_deltoidea|c_quinquesecta|c_chinensis|c_trifoliolata|c_quinquefolia|c_groenlandica|c_teeta|c_brevisepala|c_trifolia,GTCCTTTCTATACACCGGAGCCT,GGATGTCCTCAGCGTCGAG,61.506,59.935,489,CTCGACGCTGAGGACATCC
