ID,SEQUENCE_ID,PRIMER_LEFT_SEQUENCE,PRIMER_RIGHT_SEQUENCE,PRIMER_LEFT_TM,PRIMER_RIGHT_TM,LENGTH_INTERMEDIATE_SEQUENCE,REV_RIGHT_SEQUENCE
1,c_asplenifolia|c_chinensis|c_brevisepala|c_deltoidea|c_groenlandica|c_quinquesecta|c_trifoliolata|c_omeiensis|c_teeta|c_ramosa|c_quinquefolia|c_trifolia,CCGCTATCTGGCATTGGGTATAT,GGCAACCCTCTCAACAACTAAGA,60.118,60.496,1605,TCTTAGTTGTTGAGAGGGTTGCC
2,c_asplenifolia|c_chinensis|c_brevisepala|c_deltoidea|c_groenlandica|c_quinquesecta|c_trifoliolata|c_omeiensis|c_teeta|c_ramosa|c_quinquefolia|c_trifolia,AAGCGGCTAATCCCATGCATATT,CCTCTCCCTTTCGGTGGATTATT,60.815,59.863,1425,AATAATCCACCGAAAGGGAGAGG
3,c_asplenifolia|c_chinensis|c_brevisepala|c_deltoidea|c_groenlandica|c_quinquesecta|c_trifoliolata|c_omeiensis|c_teeta|c_ramosa|c_quinquefolia|c_trifolia,CAGCAGGTACGTTGGGCATATTA,GCTCACGCCCTTCTTTATCTCTA,60.743,59.932,450,TAGAGATAAAGAAGGGCGTGAGC
4,c_asplenifolia|c_chinensis|c_brevisepala|c_deltoidea|c_groenlandica|c_quinquesecta|c_trifoliolata|c_omeiensis|c_teeta|c_ramosa|c_quinquefolia|c_trifolia,CGACCGCTACAAGATCAACAATT,GCCGCTTCAATGGGATCTTTAAT,59.629,59.681,888,ATTAAAGATCCCATTGAAGCGGC
5,c_asplenifolia|c_chinensis|c_brevisepala|c_deltoidea|c_groenlandica|c_quinquesecta|c_trifoliolata|c_omeiensis|c_teeta|c_ramosa|c_quinquefolia|c_trifolia,AAGATCCCATTGAAGCGGCTAAT,TGCCTGTACGTTCATCAGAGAAT,60.436,59.804,1897,ATTCTCTGATGAACGTACAGGCA
6,c_asplenifolia|c_chinensis|c_brevisepala|c_deltoidea|c_groenlandica|c_quinquesecta|c_trifoliolata|c_omeiensis|c_teeta|c_ramosa|c_quinquefolia|c_trifolia,GAACTCGAAGTGCCATGCTATTA,CCAACCAGAAACGAGAGCTGTAT,58.880,60.618,1760,ATACAGCTCTCGTTTCTGGTTGG
7,c_asplenifolia|c_chinensis|c_brevisepala|c_deltoidea|c_groenlandica|c_quinquesecta|c_trifoliolata|c_omeiensis|c_teeta|c_ramosa|c_quinquefolia|c_trifolia,CGAGTCGCACATACACCCTAGTA,ATTAGCCGCTTCAATGGGATCTT,61.540,60.436,1192,AAGATCCCATTGAAGCGGCTAAT
8,c_asplenifolia|c_chinensis|c_brevisepala|c_deltoidea|c_groenlandica|c_quinquesecta|c_trifoliolata|c_omeiensis|c_teeta|c_ramosa|c_quinquefolia|c_trifolia,GGTCGGTTGCTTGCTGTACATATA,CCCAACGTACCTGCTGCAATAT,60.976,61.005,578,ATATTGCAGCAGGTACGTTGGG
9,c_asplenifolia|c_chinensis|c_brevisepala|c_deltoidea|c_groenlandica|c_quinquesecta|c_trifoliolata|c_omeiensis|c_teeta|c_ramosa|c_quinquefolia|c_trifolia,ACGTGCTCAATTGGGTGAAATTT,CCTGTCTCCTTGTAGTTGGATCT,59.931,59.228,254,AGATCCAACTACAAGGAGACAGG
10,c_asplenifolia|c_chinensis|c_brevisepala|c_deltoidea|c_groenlandica|c_quinquesecta|c_trifoliolata|c_omeiensis|c_teeta|c_ramosa|c_quinquefolia|c_trifolia,GTCGCACATACACCCTAGTACAC,GGTTCATTTCAGCGTCACAAACT,60.733,60.243,916,AGTTTGTGACGCTGAAATGAACC
11,c_asplenifolia|c_chinensis|c_brevisepala|c_deltoidea|c_groenlandica|c_quinquesecta|c_trifoliolata|c_omeiensis|c_teeta|c_ramosa|c_quinquefolia|c_trifolia,CGTGAGGGAATGCTATACGTTTG,GCCACACCTTCGTAACTCCAAATA,59.755,61.099,1847,TATTTGGAGTTACGAAGGTGTGGC
12,c_asplenifolia|c_chinensis|c_brevisepala|c_deltoidea|c_groenlandica|c_quinquesecta|c_trifoliolata|c_omeiensis|c_teeta|c_ramosa|c_quinquefolia|c_trifolia,GTCCAGCCAAGCCAACCATAAA,TTTCACCCAATTGAGCACGTCTA,61.407,60.495,1966,TAGACGTGCTCAATTGGGTGAAA
13,c_asplenifolia|c_chinensis|c_brevisepala|c_deltoidea|c_groenlandica|c_quinquesecta|c_trifoliolata|c_omeiensis|c_teeta|c_ramosa|c_quinquefolia|c_trifolia,CTGACCCTGTCCTTGATCCAATG,CCAATTGAGCACGTCTAGCATATT,60.934,59.487,1137,AATATGCTAGACGTGCTCAATTGG
14,c_asplenifolia|c_chinensis|c_brevisepala|c_deltoidea|c_groenlandica|c_quinquesecta|c_trifoliolata|c_omeiensis|c_teeta|c_ramosa|c_quinquefolia|c_trifolia,GTTGATTCCAGCCCACCTTCTTT,GTGCGACTTGTCAGACATATTGG,61.319,59.937,702,CCAATATGTCTGACAAGTCGCAC
15,c_asplenifolia|c_chinensis|c_brevisepala|c_deltoidea|c_groenlandica|c_quinquesecta|c_trifoliolata|c_omeiensis|c_teeta|c_ramosa|c_quinquefolia|c_trifolia,TTGGTAGACGGAGATGGAATTGT,AAAGCAAACGAAGCATGTCCAAA,59.482,60.430,272,TTTGGACATGCTTCGTTTGCTTT
16,c_asplenifolia|c_chinensis|c_brevisepala|c_deltoidea|c_groenlandica|c_quinquesecta|c_trifoliolata|c_omeiensis|c_teeta|c_ramosa|c_quinquefolia|c_trifolia,AGTTTGAGATCGCCCATATGCTATA,GGAACATCGGCTCTTACAATTCC,59.812,59.687,1939,GGAATTGTAAGAGCCGATGTTCC
17,c_asplenifolia|c_chinensis|c_brevisepala|c_deltoidea|c_groenlandica|c_quinquesecta|c_trifoliolata|c_omeiensis|c_teeta|c_ramosa|c_quinquefolia|c_trifolia,GATTTGAACGAGTCGCACATACA,ATGAGGCACAAACAGGAGAATTT,59.633,58.845,497,AAATTCTCCTGTTTGTGCCTCAT
18,c_asplenifolia|c_chinensis|c_brevisepala|c_deltoidea|c_groenlandica|c_quinquesecta|c_trifoliolata|c_omeiensis|c_teeta|c_ramosa|c_quinquefolia|c_trifolia,TGGCATTGGGTATATTGGGATCT,CGTACCTGCTGCAATATGATGAG,59.338,59.569,285,CTCATCATATTGCAGCAGGTACG
19,c_asplenifolia|c_chinensis|c_brevisepala|c_deltoidea|c_groenlandica|c_quinquesecta|c_trifoliolata|c_omeiensis|c_teeta|c_ramosa|c_quinquefolia|c_trifolia,TTTCGACCGCTACAAGATCAACA,AAAGAAGGTGGGCTGGAATCAA,60.553,60.158,1223,TTGATTCCAGCCCACCTTCTTT
20,c_asplenifolia|c_chinensis|c_brevisepala|c_deltoidea|c_groenlandica|c_quinquesecta|c_trifoliolata|c_omeiensis|c_teeta|c_ramosa|c_quinquefolia|c_trifolia,TTGGTCCGACTCGTTATCAATGG,TCGGCTCTTACAATTCCATCTCC,60.678,60.181,337,GGAGATGGAATTGTAAGAGCCGA
21,c_asplenifolia|c_chinensis|c_brevisepala|c_deltoidea|c_groenlandica|c_quinquesecta|c_trifoliolata|c_omeiensis|c_teeta|c_ramosa|c_quinquefolia|c_trifolia,CGGGTATTTGGAGTTACGAAGGT,GCTGCAATATGATGAGAGGCTATTC,60.369,59.935,352,GAATAGCCTCTCATCATATTGCAGC
22,c_asplenifolia|c_chinensis|c_brevisepala|c_deltoidea|c_groenlandica|c_quinquesecta|c_trifoliolata|c_omeiensis|c_teeta|c_ramosa|c_quinquefolia|c_trifolia,CGGCTAATCCCATGCATATTGTA,GTTTGCCTGTACGTTCATCAGAG,58.739,59.876,1885,CTCTGATGAACGTACAGGCAAAC
23,c_asplenifolia|c_chinensis|c_brevisepala|c_deltoidea|c_groenlandica|c_quinquesecta|c_trifoliolata|c_omeiensis|c_teeta|c_ramosa|c_quinquefolia|c_trifolia,AGTTTGTGACGCTGAAATGAACC,GGTCGGAGGAGAAATTACCAAAC,60.243,59.312,266,GTTTGGTAATTTCTCCTCCGACC
24,c_asplenifolia|c_chinensis|c_brevisepala|c_deltoidea|c_groenlandica|c_quinquesecta|c_trifoliolata|c_omeiensis|c_teeta|c_ramosa|c_quinquefolia|c_trifolia,TCATCATATTGCAGCAGGTACGT,TCGCCACCATAGAATTCAACAGT,60.181,60.307,615,ACTGTTGAATTCTATGGTGGCGA
25,c_asplenifolia|c_chinensis|c_brevisepala|c_deltoidea|c_groenlandica|c_quinquesecta|c_trifoliolata|c_omeiensis|c_teeta|c_ramosa|c_quinquefolia|c_trifolia,TCGGTTGCTTGCTGTACATATAATG,GCCAAGAAGCACAAACCAGAAA,59.764,60.159,279,TTTCTGGTTTGTGCTTCTTGGC
26,c_asplenifolia|c_chinensis|c_brevisepala|c_deltoidea|c_groenlandica|c_quinquesecta|c_trifoliolata|c_omeiensis|c_teeta|c_ramosa|c_quinquefolia|c_trifolia,GCTTCGTTTGCTTTGCTCTTCTT,TGGTCGCCATCTTTATATCTGGTT,60.793,59.897,634,AACCAGATATAAAGATGGCGACCA
27,c_asplenifolia|c_chinensis|c_brevisepala|c_deltoidea|c_groenlandica|c_quinquesecta|c_trifoliolata|c_omeiensis|c_teeta|c_ramosa|c_quinquefolia|c_trifolia,TGTTCTACTCCGGGTAAAGATCC,CGTAACTCCAAATACCCGGATTC,59.297,59.194,1231,GAATCCGGGTATTTGGAGTTACG
28,c_asplenifolia|c_chinensis|c_brevisepala|c_deltoidea|c_groenlandica|c_quinquesecta|c_trifoliolata|c_omeiensis|c_teeta|c_ramosa|c_quinquefolia|c_trifolia,CCATGTCTTCGGATACAACCCATA,ACCAAACGTATAGCATTCCCTCA,60.202,59.801,780,TGAGGGAATGCTATACGTTTGGT
29,c_asplenifolia|c_chinensis|c_brevisepala|c_deltoidea|c_groenlandica|c_quinquesecta|c_trifoliolata|c_omeiensis|c_teeta|c_ramosa|c_quinquefolia|c_trifolia,CATGATTTGAACGAGTCGCACAT,TGTTGATCTTGTAGCGGTCGAAA,60.182,60.553,331,TTTCGACCGCTACAAGATCAACA
30,c_asplenifolia|c_chinensis|c_brevisepala|c_deltoidea|c_groenlandica|c_quinquesecta|c_trifoliolata|c_omeiensis|c_teeta|c_ramosa|c_quinquefolia|c_trifolia,GTTGCTGGAACTATGTGGTATGG,ACAATTCCATCTCCGTCTACCAAA,59.372,60.020,377,TTTGGTAGACGGAGATGGAATTGT
31,c_asplenifolia|c_chinensis|c_brevisepala|c_deltoidea|c_groenlandica|c_quinquesecta|c_trifoliolata|c_omeiensis|c_teeta|c_ramosa|c_quinquefolia|c_trifolia,ACATACACCCTAGTACACGTTCC,ATGGGTTGTATCCGAAGACATGG,59.555,60.434,381,CCATGTCTTCGGATACAACCCAT
32,c_asplenifolia|c_chinensis|c_brevisepala|c_deltoidea|c_groenlandica|c_quinquesecta|c_trifoliolata|c_omeiensis|c_teeta|c_ramosa|c_quinquefolia|c_trifolia,TTCTCCTGTTTGTGCCTCATAAT,AAAGCAACGGAACCATCATAGTA,58.078,58.161,282,TACTATGATGGTTCCGTTGCTTT
33,c_asplenifolia|c_chinensis|c_brevisepala|c_deltoidea|c_groenlandica|c_quinquesecta|c_trifoliolata|c_omeiensis|c_teeta|c_ramosa|c_quinquefolia|c_trifolia,AGTGATCCATTTACCACCCTTCT,AATGAAGTATCCAGGCTCCGTTC,59.147,60.432,1305,GAACGGAGCCTGGATACTTCATT
34,c_asplenifolia|c_chinensis|c_brevisepala|c_deltoidea|c_groenlandica|c_quinquesecta|c_trifoliolata|c_omeiensis|c_teeta|c_ramosa|c_quinquefolia|c_trifolia,AGATGGAATTGTAAGAGCCGATGT,GAGCAAAGCAAACGAAGCATGTC,60.142,61.687,265,GACATGCTTCGTTTGCTTTGCTC
35,c_asplenifolia|c_chinensis|c_brevisepala|c_deltoidea|c_groenlandica|c_quinquesecta|c_trifoliolata|c_omeiensis|c_teeta|c_ramosa|c_quinquefolia|c_trifolia,TAGACGTGCTCAATTGGGTGAAA,CTACCTGTCTCCTTGTAGTTGGA,60.495,58.913,260,TCCAACTACAAGGAGACAGGTAG
36,c_asplenifolia|c_chinensis|c_brevisepala|c_deltoidea|c_groenlandica|c_quinquesecta|c_trifoliolata|c_omeiensis|c_teeta|c_ramosa|c_quinquefolia|c_trifolia,ACGTTTGGTAATTTCTCCTCCGA,TCCCAATATACCCAATGCCAGAT,59.993,59.338,1897,ATCTGGCATTGGGTATATTGGGA
37,c_asplenifolia|c_chinensis|c_brevisepala|c_deltoidea|c_groenlandica|c_quinquesecta|c_trifoliolata|c_omeiensis|c_teeta|c_ramosa|c_quinquefolia|c_trifolia,TTTGTGCTTCTTGGCCGCTATC,ACCTGCTGCAATATGATGAGAGG,61.770,60.496,304,CCTCTCATCATATTGCAGCAGGT
38,c_asplenifolia|c_chinensis|c_brevisepala|c_deltoidea|c_groenlandica|c_quinquesecta|c_trifoliolata|c_omeiensis|c_teeta|c_ramosa|c_quinquefolia|c_trifolia,GGAATTGTAAGAGCCGATGTTCC,GAAGAGCAAAGCAAACGAAGCAT,59.687,60.855,264,ATGCTTCGTTTGCTTTGCTCTTC
39,c_asplenifolia|c_chinensis|c_brevisepala|c_deltoidea|c_groenlandica|c_quinquesecta|c_trifoliolata|c_omeiensis|c_teeta|c_ramosa|c_quinquefolia|c_trifolia,TCTCTTTCCATGTCTTCGGATACA,CGTACGAGATTGAGGAACCATTC,59.290,59.203,203,GAATGGTTCCTCAATCTCGTACG
40,c_asplenifolia|c_chinensis|c_brevisepala|c_deltoidea|c_groenlandica|c_quinquesecta|c_trifoliolata|c_omeiensis|c_teeta|c_ramosa|c_quinquefolia|c_trifolia,TTGGACATGCTTCGTTTGCTTTG,GGTCGCCATCTTTATATCTGGTTTAC,61.040,59.853,641,GTAAACCAGATATAAAGATGGCGACC
41,c_asplenifolia|c_chinensis|c_brevisepala|c_deltoidea|c_groenlandica|c_quinquesecta|c_trifoliolata|c_omeiensis|c_teeta|c_ramosa|c_quinquefolia|c_trifolia,TTCCATGTCTTCGGATACAACCC,AGCAACGGAACCATCATAGTATTT,60.370,58.563,385,AAATACTATGATGGTTCCGTTGCT
42,c_asplenifolia|c_chinensis|c_brevisepala|c_deltoidea|c_groenlandica|c_quinquesecta|c_trifoliolata|c_omeiensis|c_teeta|c_ramosa|c_quinquefolia|c_trifolia,CCTCTCATCATATTGCAGCAGGTA,AGTTCGCCACCATAGAATTCAAC,60.263,59.310,622,GTTGAATTCTATGGTGGCGAACT
43,c_asplenifolia|c_chinensis|c_brevisepala|c_deltoidea|c_groenlandica|c_quinquesecta|c_trifoliolata|c_omeiensis|c_teeta|c_ramosa|c_quinquefolia|c_trifolia,GAACTCGAAGTGCCATGCTATTATTA,CGGGATCATTCAATACGACGGTA,59.576,60.305,1710,TACCGTCGTATTGAATGATCCCG
44,c_asplenifolia|c_chinensis|c_brevisepala|c_deltoidea|c_groenlandica|c_quinquesecta|c_trifoliolata|c_omeiensis|c_teeta|c_ramosa|c_quinquefolia|c_trifolia,CTGATGAACGTACAGGCAAACC,TGCTGCAATATGATGAGAGGCTA,59.840,59.674,245,TAGCCTCTCATCATATTGCAGCA
45,c_asplenifolia|c_chinensis|c_brevisepala|c_deltoidea|c_groenlandica|c_quinquesecta|c_trifoliolata|c_omeiensis|c_teeta|c_ramosa|c_quinquefolia|c_trifolia,CCGCTACAAGATCAACAATTCCA,TGGAGAGGAAGATGCAGTTTGG,59.311,60.291,1929,CCAAACTGCATCTTCCTCTCCA
46,c_asplenifolia|c_chinensis|c_brevisepala|c_deltoidea|c_groenlandica|c_quinquesecta|c_trifoliolata|c_omeiensis|c_teeta|c_ramosa|c_quinquefolia|c_trifolia,TCGAATTATTTGGTCCGACTCGT,GCTCTTACAATTCCATCTCCGTCTA,60.119,60.221,343,TAGACGGAGATGGAATTGTAAGAGC
47,c_asplenifolia|c_chinensis|c_brevisepala|c_deltoidea|c_groenlandica|c_quinquesecta|c_trifoliolata|c_omeiensis|c_teeta|c_ramosa|c_quinquefolia|c_trifolia,AAATTCTCCTGTTTGTGCCTCAT,TAATAGCATGGCACTTCGAGTTC,58.845,58.880,574,GAACTCGAAGTGCCATGCTATTA
48,c_asplenifolia|c_chinensis|c_brevisepala|c_deltoidea|c_groenlandica|c_quinquesecta|c_trifoliolata|c_omeiensis|c_teeta|c_ramosa|c_quinquefolia|c_trifolia,ACCCTTCATGACTCGTTTAGGAA,TGCCTGTACGTTCATCAGAGAATATT,59.419,60.407,200,AATATTCTCTGATGAACGTACAGGCA
49,c_asplenifolia|c_chinensis|c_brevisepala|c_deltoidea|c_groenlandica|c_quinquesecta|c_trifoliolata|c_omeiensis|c_teeta|c_ramosa|c_quinquefolia|c_trifolia,CCAAACTGCATCTTCCTCTCCAG,CTAATATGCCCAACGTACCTGCT,61.179,60.494,1102,AGCAGGTACGTTGGGCATATTAG
50,c_asplenifolia|c_chinensis|c_brevisepala|c_deltoidea|c_groenlandica|c_quinquesecta|c_trifoliolata|c_omeiensis|c_teeta|c_ramosa|c_quinquefolia|c_trifolia,TATTGAATGATCCCGGTCGGTTG,CAACGTACCTGCTGCAATATGAT,60.743,59.439,590,ATCATATTGCAGCAGGTACGTTG
51,c_asplenifolia|c_chinensis|c_brevisepala|c_deltoidea|c_groenlandica|c_quinquesecta|c_trifoliolata|c_omeiensis|c_teeta|c_ramosa|c_quinquefolia|c_trifolia,TGTCTTCGGATACAACCCATAAAG,AGAAGGGTGGTAAATGGATCACTT,58.575,59.708,340,AAGTGATCCATTTACCACCCTTCT
52,c_asplenifolia|c_chinensis|c_brevisepala|c_deltoidea|c_groenlandica|c_quinquesecta|c_trifoliolata|c_omeiensis|c_teeta|c_ramosa|c_quinquefolia|c_trifolia,CGAATTATTTGGTCCGACTCGTTAT,AAAGGAACATCGGCTCTTACAAT,59.539,58.410,354,ATTGTAAGAGCCGATGTTCCTTT
53,c_asplenifolia|c_chinensis|c_brevisepala|c_deltoidea|c_groenlandica|c_quinquesecta|c_trifoliolata|c_omeiensis|c_teeta|c_ramosa|c_quinquefolia|c_trifolia,CATTGAAGCGGCTAATCCCATG,GGTGGGCTGGAATCAACACATT,60.031,61.410,338,AATGTGTTGATTCCAGCCCACC
54,c_asplenifolia|c_chinensis|c_brevisepala|c_deltoidea|c_groenlandica|c_quinquesecta|c_trifoliolata|c_omeiensis|c_teeta|c_ramosa|c_quinquefolia|c_trifolia,TCATATTGCAGCAGGTACGTTGG,ACGAGTCGGACCAAATAATTCGA,61.235,60.119,214,TCGAATTATTTGGTCCGACTCGT
55,c_asplenifolia|c_chinensis|c_brevisepala|c_deltoidea|c_groenlandica|c_quinquesecta|c_trifoliolata|c_omeiensis|c_teeta|c_ramosa|c_quinquefolia|c_trifolia,GGTAGACGGAGATGGAATTGTAAGA,ACCATGCCAAATGTGTCCGAAA,59.931,61.340,301,TTTCGGACACATTTGGCATGGT
56,c_asplenifolia|c_chinensis|c_brevisepala|c_deltoidea|c_groenlandica|c_quinquesecta|c_trifoliolata|c_omeiensis|c_teeta|c_ramosa|c_quinquefolia|c_trifolia,CATGCTTCGTTTGCTTTGCTCTT,GCTTCCATAAATTCGATCGTGGT,61.099,59.440,352,ACCACGATCGAATTTATGGAAGC
57,c_asplenifolia|c_chinensis|c_brevisepala|c_deltoidea|c_groenlandica|c_quinquesecta|c_trifoliolata|c_omeiensis|c_teeta|c_ramosa|c_quinquefolia|c_trifolia,GGCATTGGGTATATTGGGATCTAGA,AAATTTCACCCAATTGAGCACGT,59.808,59.931,951,ACGTGCTCAATTGGGTGAAATTT
58,c_asplenifolia|c_chinensis|c_brevisepala|c_deltoidea|c_groenlandica|c_quinquesecta|c_trifoliolata|c_omeiensis|c_teeta|c_ramosa|c_quinquefolia|c_trifolia,TGGTTCCTCAATCTCGTACGATC,TCGGAGGAGAAATTACCAAACGTATA,59.934,59.903,618,TATACGTTTGGTAATTTCTCCTCCGA
59,c_asplenifolia|c_chinensis|c_brevisepala|c_deltoidea|c_groenlandica|c_quinquesecta|c_trifoliolata|c_omeiensis|c_teeta|c_ramosa|c_quinquefolia|c_trifolia,TGAGATCGCCCATATGCTATAAAGT,TCCTAAACGAGTCATGAAGGGTATAA,59.812,59.392,1000,TTATACCCTTCATGACTCGTTTAGGA
60,c_asplenifolia|c_chinensis|c_brevisepala|c_deltoidea|c_groenlandica|c_quinquesecta|c_trifoliolata|c_omeiensis|c_teeta|c_ramosa|c_quinquefolia|c_trifolia,AGTTTGAGATCGCCCATATGCT,CCAATATACCCAATGCCAGATAGC,59.895,59.358,1148,GCTATCTGGCATTGGGTATATTGG
61,c_asplenifolia|c_chinensis|c_brevisepala|c_deltoidea|c_groenlandica|c_quinquesecta|c_trifoliolata|c_omeiensis|c_teeta|c_ramosa|c_quinquefolia|c_trifolia,AGCCTCTCATCATATTGCAGCAG,ACATCGGCTCTTACAATTCCATC,60.808,58.870,549,GATGGAATTGTAAGAGCCGATGT
62,c_asplenifolia|c_chinensis|c_brevisepala|c_deltoidea|c_groenlandica|c_quinquesecta|c_trifoliolata|c_omeiensis|c_teeta|c_ramosa|c_quinquefolia|c_trifolia,AGTGTCGAACAAGTAGGAGTAACT,AAAGAAGAGCAAAGCAAACGAAG,59.174,58.645,219,CTTCGTTTGCTTTGCTCTTCTTT
63,c_asplenifolia|c_chinensis|c_brevisepala|c_deltoidea|c_groenlandica|c_quinquesecta|c_trifoliolata|c_omeiensis|c_teeta|c_ramosa|c_quinquefolia|c_trifolia,GTTGAATTCTATGGTGGCGAACT,TCCACTTGAGCATCCAAATCTG,59.310,58.650,278,CAGATTTGGATGCTCAAGTGGA
64,c_asplenifolia|c_chinensis|c_brevisepala|c_deltoidea|c_groenlandica|c_quinquesecta|c_trifoliolata|c_omeiensis|c_teeta|c_ramosa|c_quinquefolia|c_trifolia,ACCCTTCATGACTCGTTTAGGAATAA,CGCCACCATAGAATTCAACAGTTAC,60.070,60.447,1025,GTAACTGTTGAATTCTATGGTGGCG
