ID,SEQUENCE_ID,PRIMER_LEFT_SEQUENCE,PRIMER_RIGHT_SEQUENCE,PRIMER_LEFT_TM,PRIMER_RIGHT_TM,LENGTH_INTERMEDIATE_SEQUENCE,REV_RIGHT_SEQUENCE
1,c_ramosa|c_teeta|c_omeiensis|c_brevisepala|c_quinquesecta|c_groenlandica|c_deltoidea|c_asplenifolia|c_trifolia|c_quinquefolia|c_trifoliolata|c_chinensis,ACCAGGGTTGCTGTTTCCATTAT,AGTCGGCTCATTCGTCTTTATGT,60.502,60.119,964,ACATAAAGACGAATGAGCCGACT
2,c_ramosa|c_teeta|c_omeiensis|c_brevisepala|c_quinquesecta|c_groenlandica|c_deltoidea|c_asplenifolia|c_trifolia|c_quinquefolia|c_trifoliolata|c_chinensis,AGACGAATGAGCCGACTTGATAT,GCAACTACCCATCGCAAAGAATT,59.681,60.119,1566,AATTCTTTGCGATGGGTAGTTGC
3,c_ramosa|c_teeta|c_omeiensis|c_brevisepala|c_quinquesecta|c_groenlandica|c_deltoidea|c_asplenifolia|c_trifolia|c_quinquefolia|c_trifoliolata|c_chinensis,ATTCCTTACCTCGGGACCAAATT,ACCAATCATTGACGGCTCTAGAA,59.731,59.802,1305,TTCTAGAGCCGTCAATGATTGGT
4,c_ramosa|c_teeta|c_omeiensis|c_brevisepala|c_quinquesecta|c_groenlandica|c_deltoidea|c_asplenifolia|c_trifolia|c_quinquefolia|c_trifoliolata|c_chinensis,CGGCGAGTATGATGGTCCTAATG,TTCACCAATCATTGACGGCTCTA,60.919,60.055,1449,TAGAGCCGTCAATGATTGGTGAA
5,c_ramosa|c_teeta|c_omeiensis|c_brevisepala|c_quinquesecta|c_groenlandica|c_deltoidea|c_asplenifolia|c_trifolia|c_quinquefolia|c_trifoliolata|c_chinensis,AAGTGCTAGTGTGGGTCAATCAA,CGAACCAGCCTATCCTCTGTAAG,60.181,60.244,468,CTTACAGAGGATAGGCTGGTTCG
6,c_ramosa|c_teeta|c_omeiensis|c_brevisepala|c_quinquesecta|c_groenlandica|c_deltoidea|c_asplenifolia|c_trifolia|c_quinquefolia|c_trifoliolata|c_chinensis,TGCATTTCGAACAGGCATGAATA,GGCGTTGCTTGGAGAAATAGAAG,59.306,60.182,394,CTTCTATTTCTCCAAGCAACGCC
7,c_ramosa|c_teeta|c_omeiensis|c_brevisepala|c_quinquesecta|c_groenlandica|c_deltoidea|c_asplenifolia|c_trifolia|c_quinquefolia|c_trifoliolata|c_chinensis,TGGAATTCTTTGCGATGGGTAGT,TTTGCGTCAAGGGTCCTGGATAT,60.308,61.963,1562,ATATCCAGGACCCTTGACGCAAA
8,c_ramosa|c_teeta|c_omeiensis|c_brevisepala|c_quinquesecta|c_groenlandica|c_deltoidea|c_asplenifolia|c_trifolia|c_quinquefolia|c_trifoliolata|c_chinensis,CGTCGCGAGTTCCATACAGATTA,GACAGCAAGCGTCTTTGTTATGG,60.547,60.668,250,CCATAACAAAGACGCTTGCTGTC
9,c_ramosa|c_teeta|c_omeiensis|c_brevisepala|c_quinquesecta|c_groenlandica|c_deltoidea|c_asplenifolia|c_trifolia|c_quinquefolia|c_trifoliolata|c_chinensis,ATGGCTCTATTTGCGGTATTCCT,TGGATCTTACGAAGCCTGTTCAT,59.927,59.802,1951,ATGAACAGGCTTCGTAAGATCCA
10,c_ramosa|c_teeta|c_omeiensis|c_brevisepala|c_quinquesecta|c_groenlandica|c_deltoidea|c_asplenifolia|c_trifolia|c_quinquefolia|c_trifoliolata|c_chinensis,GGAAGTGCTAGTGTGGGTCAAT,GTCGTCTCGTGCCTTACAATTTG,60.290,60.423,738,CAAATTGTAAGGCACGAGACGAC
11,c_ramosa|c_teeta|c_omeiensis|c_brevisepala|c_quinquesecta|c_groenlandica|c_deltoidea|c_asplenifolia|c_trifolia|c_quinquefolia|c_trifoliolata|c_chinensis,CCTACGTGGGTATTGAGCATTTC,AGGATCGTTCAAGTCAGGTTTCT,59.440,59.675,276,AGAAACCTGACTTGAACGATCCT
12,c_ramosa|c_teeta|c_omeiensis|c_brevisepala|c_quinquesecta|c_groenlandica|c_deltoidea|c_asplenifolia|c_trifolia|c_quinquefolia|c_trifoliolata|c_chinensis,ACCTGACTTGAACGATCCTGTATT,GCTGTATTCATGCCTGTTCGAAAT,59.777,60.202,1147,ATTTCGAACAGGCATGAATACAGC
13,c_ramosa|c_teeta|c_omeiensis|c_brevisepala|c_quinquesecta|c_groenlandica|c_deltoidea|c_asplenifolia|c_trifolia|c_quinquefolia|c_trifoliolata|c_chinensis,ATCCAGGACCCTTGACGCAAATA,CAAGCGTCTTTGTTATGGTCGTT,61.963,60.059,272,AACGACCATAACAAAGACGCTTG
14,c_ramosa|c_teeta|c_omeiensis|c_brevisepala|c_quinquesecta|c_groenlandica|c_deltoidea|c_asplenifolia|c_trifolia|c_quinquefolia|c_trifoliolata|c_chinensis,CCAGGGTTGCTGTTTCCATTATTAT,ACACCCGTAACCCAAGTCAATTC,59.636,61.058,1530,GAATTGACTTGGGTTACGGGTGT
15,c_ramosa|c_teeta|c_omeiensis|c_brevisepala|c_quinquesecta|c_groenlandica|c_deltoidea|c_asplenifolia|c_trifolia|c_quinquefolia|c_trifoliolata|c_chinensis,CCAAATGTGTCTCTGTTCCAACC,ACCCATCGCAAAGAATTCCATTT,59.995,59.485,420,AAATGGAATTCTTTGCGATGGGT
16,c_ramosa|c_teeta|c_omeiensis|c_brevisepala|c_quinquesecta|c_groenlandica|c_deltoidea|c_asplenifolia|c_trifolia|c_quinquefolia|c_trifoliolata|c_chinensis,CTGGTGCAGGGAGTTTATTGAAA,ATACCTTGCTTGCGAATCATTGG,59.174,59.933,1624,CCAATGATTCGCAAGCAAGGTAT
17,c_ramosa|c_teeta|c_omeiensis|c_brevisepala|c_quinquesecta|c_groenlandica|c_deltoidea|c_asplenifolia|c_trifolia|c_quinquefolia|c_trifoliolata|c_chinensis,GGGTGTGGTTCTGGCTGTATTG,CCAGAAATACCTTGCTTGCGAAT,61.458,59.871,279,ATTCGCAAGCAAGGTATTTCTGG
18,c_ramosa|c_teeta|c_omeiensis|c_brevisepala|c_quinquesecta|c_groenlandica|c_deltoidea|c_asplenifolia|c_trifolia|c_quinquefolia|c_trifoliolata|c_chinensis,TAGAGCCGTCAATGATTGGTGAA,GATGCTGTATTCATGCCTGTTCG,60.055,60.304,998,CGAACAGGCATGAATACAGCATC
19,c_ramosa|c_teeta|c_omeiensis|c_brevisepala|c_quinquesecta|c_groenlandica|c_deltoidea|c_asplenifolia|c_trifolia|c_quinquefolia|c_trifoliolata|c_chinensis,GCTCTATTTGCGGTATTCCTAGC,TTGATTGACCCACACTAGCACTT,59.320,60.181,1435,AAGTGCTAGTGTGGGTCAATCAA
20,c_ramosa|c_teeta|c_omeiensis|c_brevisepala|c_quinquesecta|c_groenlandica|c_deltoidea|c_asplenifolia|c_trifolia|c_quinquefolia|c_trifoliolata|c_chinensis,GTTATTCCTTACCTCGGGACCAA,ACTACCCATCGCAAAGAATTCCA,59.802,60.308,941,TGGAATTCTTTGCGATGGGTAGT
21,c_ramosa|c_teeta|c_omeiensis|c_brevisepala|c_quinquesecta|c_groenlandica|c_deltoidea|c_asplenifolia|c_trifolia|c_quinquefolia|c_trifoliolata|c_chinensis,AGAAACCTGACTTGAACGATCCT,GTGTGTTGAATCAAGAGCAGACA,59.675,59.439,1623,TGTCTGCTCTTGATTCAACACAC
22,c_ramosa|c_teeta|c_omeiensis|c_brevisepala|c_quinquesecta|c_groenlandica|c_deltoidea|c_asplenifolia|c_trifolia|c_quinquefolia|c_trifoliolata|c_chinensis,GTGTGGTTCTGGCTGTATTGACT,GTCACACACTCCCATAATCCATCT,60.807,60.142,500,AGATGGATTATGGGAGTGTGTGAC
23,c_ramosa|c_teeta|c_omeiensis|c_brevisepala|c_quinquesecta|c_groenlandica|c_deltoidea|c_asplenifolia|c_trifolia|c_quinquefolia|c_trifoliolata|c_chinensis,ACTTCCGTTCGTCCATATTTCGA,AGATGCAGCATTACGAGCCATTC,60.119,61.603,795,GAATGGCTCGTAATGCTGCATCT
24,c_ramosa|c_teeta|c_omeiensis|c_brevisepala|c_quinquesecta|c_groenlandica|c_deltoidea|c_asplenifolia|c_trifolia|c_quinquefolia|c_trifoliolata|c_chinensis,TCTTAGTTGTTGAGAGGGTTGCC,TCGCGAGGTCTGAATAGTAGGTA,60.496,60.181,735,TACCTACTATTCAGACCTCGCGA
25,c_ramosa|c_teeta|c_omeiensis|c_brevisepala|c_quinquesecta|c_groenlandica|c_deltoidea|c_asplenifolia|c_trifolia|c_quinquefolia|c_trifoliolata|c_chinensis,CTCGCGAATTGACTTGGGTTAC,GGAACAGAGACACATTTGGTTGT,59.906,59.368,603,ACAACCAAATGTGTCTCTGTTCC
26,c_ramosa|c_teeta|c_omeiensis|c_brevisepala|c_quinquesecta|c_groenlandica|c_deltoidea|c_asplenifolia|c_trifolia|c_quinquefolia|c_trifoliolata|c_chinensis,AACGACCATAACAAAGACGCTTG,TCATGATAAAGGGTCCTGGTCTC,60.059,59.288,299,GAGACCAGGACCCTTTATCATGA
27,c_ramosa|c_teeta|c_omeiensis|c_brevisepala|c_quinquesecta|c_groenlandica|c_deltoidea|c_asplenifolia|c_trifolia|c_quinquefolia|c_trifoliolata|c_chinensis,TTCTAGAGCCGTCAATGATTGGT,ACCTTCTGTGGAAATCGTTGATACT,59.802,60.280,1146,AGTATCAACGATTTCCACAGAAGGT
28,c_ramosa|c_teeta|c_omeiensis|c_brevisepala|c_quinquesecta|c_groenlandica|c_deltoidea|c_asplenifolia|c_trifolia|c_quinquefolia|c_trifoliolata|c_chinensis,AATTCTTTGCGATGGGTAGTTGC,TACAGGATCGTTCAAGTCAGGTT,60.119,59.423,237,AACCTGACTTGAACGATCCTGTA
29,c_ramosa|c_teeta|c_omeiensis|c_brevisepala|c_quinquesecta|c_groenlandica|c_deltoidea|c_asplenifolia|c_trifolia|c_quinquefolia|c_trifoliolata|c_chinensis,CAACCAAATGTGTCTCTGTTCCA,GGAAATGCTCAATACCCACGTAG,59.368,59.440,388,CTACGTGGGTATTGAGCATTTCC
30,c_ramosa|c_teeta|c_omeiensis|c_brevisepala|c_quinquesecta|c_groenlandica|c_deltoidea|c_asplenifolia|c_trifolia|c_quinquefolia|c_trifoliolata|c_chinensis,AGGGTAGTTCTAGATCTCGTCCAA,CGGCTCATTCGTCTTTATGTTGAT,60.080,59.729,817,ATCAACATAAAGACGAATGAGCCG
31,c_ramosa|c_teeta|c_omeiensis|c_brevisepala|c_quinquesecta|c_groenlandica|c_deltoidea|c_asplenifolia|c_trifolia|c_quinquefolia|c_trifoliolata|c_chinensis,TGCTCTTGATTCAACACACTTCC,AGTAGATCAGGGTATGCAACGAG,59.435,59.681,300,CTCGTTGCATACCCTGATCTACT
32,c_ramosa|c_teeta|c_omeiensis|c_brevisepala|c_quinquesecta|c_groenlandica|c_deltoidea|c_asplenifolia|c_trifolia|c_quinquefolia|c_trifoliolata|c_chinensis,GCAAGCAAGGTATTTCTGGTCCT,ATCTTACGAAGCCTGTTCATGCA,61.125,60.620,426,TGCATGAACAGGCTTCGTAAGAT
33,c_ramosa|c_teeta|c_omeiensis|c_brevisepala|c_quinquesecta|c_groenlandica|c_deltoidea|c_asplenifolia|c_trifolia|c_quinquefolia|c_trifoliolata|c_chinensis,AATTGACTTGGGTTACGGGTGTG,AGAAATACCTTGCTTGCGAATCAT,61.308,59.358,293,ATGATTCGCAAGCAAGGTATTTCT
34,c_ramosa|c_teeta|c_omeiensis|c_brevisepala|c_quinquesecta|c_groenlandica|c_deltoidea|c_asplenifolia|c_trifolia|c_quinquefolia|c_trifoliolata|c_chinensis,CTCTGTTCCAACCACCACGTAA,TCGTTCAAGTCAGGTTTCTTTGT,60.484,58.741,623,ACAAAGAAACCTGACTTGAACGA
35,c_ramosa|c_teeta|c_omeiensis|c_brevisepala|c_quinquesecta|c_groenlandica|c_deltoidea|c_asplenifolia|c_trifolia|c_quinquefolia|c_trifoliolata|c_chinensis,GGGCTTTATTCAATCATCGTGGTT,ACGGCAGTAAGAAGAGGTAATACA,59.902,59.292,942,TGTATTACCTCTTCTTACTGCCGT
36,c_ramosa|c_teeta|c_omeiensis|c_brevisepala|c_quinquesecta|c_groenlandica|c_deltoidea|c_asplenifolia|c_trifolia|c_quinquefolia|c_trifoliolata|c_chinensis,GTCCAGTAGCTACAACCGTCTTT,TGCCTGTTCGAAATGCAAATCA,60.306,59.704,778,TGATTTGCATTTCGAACAGGCA
37,c_ramosa|c_teeta|c_omeiensis|c_brevisepala|c_quinquesecta|c_groenlandica|c_deltoidea|c_asplenifolia|c_trifolia|c_quinquefolia|c_trifoliolata|c_chinensis,GAACAGGCATGAATACAGCATCT,TGGAAGTGTGTTGAATCAAGAGC,59.118,59.435,496,GCTCTTGATTCAACACACTTCCA
38,c_ramosa|c_teeta|c_omeiensis|c_brevisepala|c_quinquesecta|c_groenlandica|c_deltoidea|c_asplenifolia|c_trifolia|c_quinquefolia|c_trifoliolata|c_chinensis,TCCTCGAATGGATCTCTTAGTTGTT,GGAATACCGCAAATAGAGCCATTG,59.578,60.320,384,CAATGGCTCTATTTGCGGTATTCC
39,c_ramosa|c_teeta|c_omeiensis|c_brevisepala|c_quinquesecta|c_groenlandica|c_deltoidea|c_asplenifolia|c_trifolia|c_quinquefolia|c_trifoliolata|c_chinensis,AGATGGATTATGGGAGTGTGTGAC,TGCAACTACCCATCGCAAAGA,60.142,60.271,511,TCTTTGCGATGGGTAGTTGCA
40,c_ramosa|c_teeta|c_omeiensis|c_brevisepala|c_quinquesecta|c_groenlandica|c_deltoidea|c_asplenifolia|c_trifolia|c_quinquefolia|c_trifoliolata|c_chinensis,GGTAGTTCTAGATCTCGTCCAAGAC,GCGAGGTCTGAATAGTAGGTATGA,59.992,59.239,502,TCATACCTACTATTCAGACCTCGC
41,c_ramosa|c_teeta|c_omeiensis|c_brevisepala|c_quinquesecta|c_groenlandica|c_deltoidea|c_asplenifolia|c_trifolia|c_quinquefolia|c_trifoliolata|c_chinensis,CCTACTATTCAGACCTCGCGACT,AGTCAATACAGCCAGAACCACAC,61.299,60.807,921,GTGTGGTTCTGGCTGTATTGACT
42,c_ramosa|c_teeta|c_omeiensis|c_brevisepala|c_quinquesecta|c_groenlandica|c_deltoidea|c_asplenifolia|c_trifolia|c_quinquefolia|c_trifoliolata|c_chinensis,TGTCTGCTCTTGATTCAACACAC,CGAGCAGAAGTCATGATAAAGGG,59.439,59.193,285,CCCTTTATCATGACTTCTGCTCG
43,c_ramosa|c_teeta|c_omeiensis|c_brevisepala|c_quinquesecta|c_groenlandica|c_deltoidea|c_asplenifolia|c_trifolia|c_quinquefolia|c_trifoliolata|c_chinensis,CAAATTGTAAGGCACGAGACGAC,AGCAATATCTACTCGGACACTACAG,60.423,59.760,1963,CTGTAGTGTCCGAGTAGATATTGCT
44,c_ramosa|c_teeta|c_omeiensis|c_brevisepala|c_quinquesecta|c_groenlandica|c_deltoidea|c_asplenifolia|c_trifolia|c_quinquefolia|c_trifoliolata|c_chinensis,CGTTGAGGGTAGTTCTAGATCTCG,CAATTTGGTCCCGAGGTAAGGA,60.025,60.027,1457,TCCTTACCTCGGGACCAAATTG
45,c_ramosa|c_teeta|c_omeiensis|c_brevisepala|c_quinquesecta|c_groenlandica|c_deltoidea|c_asplenifolia|c_trifolia|c_quinquefolia|c_trifoliolata|c_chinensis,TTTCGAACAGGCATGAATACAGC,GAAGTCATGATAAAGGGTCCTGGT,59.873,60.080,751,ACCAGGACCCTTTATCATGACTTC
46,c_ramosa|c_teeta|c_omeiensis|c_brevisepala|c_quinquesecta|c_groenlandica|c_deltoidea|c_asplenifolia|c_trifolia|c_quinquefolia|c_trifoliolata|c_chinensis,GCGAGTATGATGGTCCTAATGATGA,AGGACCAGAAATACCTTGCTTGC,60.337,61.125,375,GCAAGCAAGGTATTTCTGGTCCT
47,c_ramosa|c_teeta|c_omeiensis|c_brevisepala|c_quinquesecta|c_groenlandica|c_deltoidea|c_asplenifolia|c_trifolia|c_quinquefolia|c_trifoliolata|c_chinensis,GACCATAACAAAGACGCTTGCTG,GCAGAAGTCATGATAAAGGGTCCT,60.668,60.385,303,AGGACCCTTTATCATGACTTCTGC
48,c_ramosa|c_teeta|c_omeiensis|c_brevisepala|c_quinquesecta|c_groenlandica|c_deltoidea|c_asplenifolia|c_trifolia|c_quinquefolia|c_trifoliolata|c_chinensis,TCGGCGAGTATGATGGTCCTA,ACACACTCCCATAATCCATCTTCT,60.203,59.276,594,AGAAGATGGATTATGGGAGTGTGT
49,c_ramosa|c_teeta|c_omeiensis|c_brevisepala|c_quinquesecta|c_groenlandica|c_deltoidea|c_asplenifolia|c_trifolia|c_quinquefolia|c_trifoliolata|c_chinensis,AATGTGTCTCTGTTCCAACCACC,GGTCGTCTCGTGCCTTACAAT,60.999,60.404,325,ATTGTAAGGCACGAGACGACC
50,c_ramosa|c_teeta|c_omeiensis|c_brevisepala|c_quinquesecta|c_groenlandica|c_deltoidea|c_asplenifolia|c_trifolia|c_quinquefolia|c_trifoliolata|c_chinensis,GGATTTATGGCTACACAAACCGTT,ATATCAAGTCGGCTCATTCGTCT,59.843,59.681,851,AGACGAATGAGCCGACTTGATAT
51,c_ramosa|c_teeta|c_omeiensis|c_brevisepala|c_quinquesecta|c_groenlandica|c_deltoidea|c_asplenifolia|c_trifolia|c_quinquefolia|c_trifoliolata|c_chinensis,GTCCTAATGATGATCTTGCACGTATTT,CTTGCTTGCGAATCATTGGGAA,60.042,60.095,349,TTCCCAATGATTCGCAAGCAAG
52,c_ramosa|c_teeta|c_omeiensis|c_brevisepala|c_quinquesecta|c_groenlandica|c_deltoidea|c_asplenifolia|c_trifolia|c_quinquefolia|c_trifoliolata|c_chinensis,ACCTCTTCTTACTGCCGTATTTATGT,GGAACAGAGACACATTTGGTTGTAAA,60.127,60.183,368,TTTACAACCAAATGTGTCTCTGTTCC
53,c_ramosa|c_teeta|c_omeiensis|c_brevisepala|c_quinquesecta|c_groenlandica|c_deltoidea|c_asplenifolia|c_trifolia|c_quinquefolia|c_trifoliolata|c_chinensis,GGCTTTATTCAATCATCGTGGTTCTA,CGTGCAAGATCATCATTAGGACC,59.740,59.504,652,GGTCCTAATGATGATCTTGCACG
54,c_ramosa|c_teeta|c_omeiensis|c_brevisepala|c_quinquesecta|c_groenlandica|c_deltoidea|c_asplenifolia|c_trifolia|c_quinquefolia|c_trifoliolata|c_chinensis,TGCTGTGTAGTATCAACGATTTCC,CGTTGCTTGGAGAAATAGAAGGAA,59.132,59.305,250,TTCCTTCTATTTCTCCAAGCAACG
55,c_ramosa|c_teeta|c_omeiensis|c_brevisepala|c_quinquesecta|c_groenlandica|c_deltoidea|c_asplenifolia|c_trifolia|c_quinquefolia|c_trifoliolata|c_chinensis,TCCGAAGAGAAGATGGATTATGGG,CGCCGTAATAATTATGACCCATCC,59.716,59.668,780,GGATGGGTCATAATTATTACGGCG
56,c_ramosa|c_teeta|c_omeiensis|c_brevisepala|c_quinquesecta|c_groenlandica|c_deltoidea|c_asplenifolia|c_trifolia|c_quinquefolia|c_trifoliolata|c_chinensis,AACATAAAGACGAATGAGCCGAC,GCGTAATAACTCGACTAAGGGTGA,59.383,60.202,736,TCACCCTTAGTCGAGTTATTACGC
57,c_ramosa|c_teeta|c_omeiensis|c_brevisepala|c_quinquesecta|c_groenlandica|c_deltoidea|c_asplenifolia|c_trifolia|c_quinquefolia|c_trifoliolata|c_chinensis,CTCGAATGGATCTCTTAGTTGTTGAG,TTCAATAAACTCCCTGCACCAGT,59.525,60.181,293,ACTGGTGCAGGGAGTTTATTGAA
58,c_ramosa|c_teeta|c_omeiensis|c_brevisepala|c_quinquesecta|c_groenlandica|c_deltoidea|c_asplenifolia|c_trifolia|c_quinquefolia|c_trifoliolata|c_chinensis,CCTTCTATTTCTCCAAGCAACGC,CGGAAGAGATGCAGCATTACGA,60.182,60.800,359,TCGTAATGCTGCATCTCTTCCG
59,c_ramosa|c_teeta|c_omeiensis|c_brevisepala|c_quinquesecta|c_groenlandica|c_deltoidea|c_asplenifolia|c_trifolia|c_quinquefolia|c_trifoliolata|c_chinensis,ACAAAGTCAACCAATATCAGCCAAT,TGCAAGATCATCATTAGGACCATCA,59.519,60.163,1377,TGATGGTCCTAATGATGATCTTGCA
60,c_ramosa|c_teeta|c_omeiensis|c_brevisepala|c_quinquesecta|c_groenlandica|c_deltoidea|c_asplenifolia|c_trifolia|c_quinquefolia|c_trifoliolata|c_chinensis,GGATAGGCTGGTTCGCTTGAG,TCGTTCAAGTCAGGTTTCTTTGTTATT,60.808,59.933,589,AATAACAAAGAAACCTGACTTGAACGA
61,c_ramosa|c_teeta|c_omeiensis|c_brevisepala|c_quinquesecta|c_groenlandica|c_deltoidea|c_asplenifolia|c_trifolia|c_quinquefolia|c_trifoliolata|c_chinensis,GGTAGTTCGACCGTGGAATTC,AGTCGCGAGGTCTGAATAGTAG,58.734,59.127,230,CTACTATTCAGACCTCGCGACT
62,c_ramosa|c_teeta|c_omeiensis|c_brevisepala|c_quinquesecta|c_groenlandica|c_deltoidea|c_asplenifolia|c_trifolia|c_quinquefolia|c_trifoliolata|c_chinensis,TGATTCAACACACTTCCACTGTAGT,GATAAAGGGTCCTGGTCTCGGA,60.396,60.954,261,TCCGAGACCAGGACCCTTTATC
63,c_ramosa|c_teeta|c_omeiensis|c_brevisepala|c_quinquesecta|c_groenlandica|c_deltoidea|c_asplenifolia|c_trifolia|c_quinquefolia|c_trifoliolata|c_chinensis,TCACCCTTAGTCGAGTTATTACGC,TCCCATAATCCATCTTCTCTTCGG,60.202,59.716,366,CCGAAGAGAAGATGGATTATGGGA
64,c_ramosa|c_teeta|c_omeiensis|c_brevisepala|c_quinquesecta|c_groenlandica|c_deltoidea|c_asplenifolia|c_trifolia|c_quinquefolia|c_trifoliolata|c_chinensis,GCGTCTTTAGGAGTTAAACTTCCG,TATTTGCGTCAAGGGTCCTGGA,59.909,61.683,315,TCCAGGACCCTTGACGCAAATA
