ID,SEQUENCE_ID,PRIMER_LEFT_SEQUENCE,PRIMER_RIGHT_SEQUENCE,PRIMER_LEFT_TM,PRIMER_RIGHT_TM,LENGTH_INTERMEDIATE_SEQUENCE,REV_RIGHT_SEQUENCE
1,c_ramosa|c_omeiensis|c_asplenifolia|c_deltoidea|c_quinquesecta|c_chinensis|c_trifoliolata|c_quinquefolia|c_groenlandica|c_teeta|c_brevisepala|c_trifolia,TTCCACACCCTATCTCGCAATAA,TGGATATTTGCAGGCGAGGAATA,59.547,59.928,1486,TATTCCTCGCCTGCAAATATCCA
2,c_ramosa|c_omeiensis|c_asplenifolia|c_deltoidea|c_quinquesecta|c_chinensis|c_trifoliolata|c_quinquefolia|c_groenlandica|c_teeta|c_brevisepala|c_trifolia,AGCCTCTCGGTCTGTCATTATAC,GCAGGGACACTATTGCCGAAATA,59.429,60.992,350,TATTTCGGCAATAGTGTCCCTGC
3,c_ramosa|c_omeiensis|c_asplenifolia|c_deltoidea|c_quinquesecta|c_chinensis|c_trifoliolata|c_quinquefolia|c_groenlandica|c_teeta|c_brevisepala|c_trifolia,GTCCCTGCCCATGATGAACTATA,TGCCCAATATGCCTCTACAAAGA,59.672,59.798,438,TCTTTGTAGAGGCATATTGGGCA
4,c_ramosa|c_omeiensis|c_asplenifolia|c_deltoidea|c_quinquesecta|c_chinensis|c_trifoliolata|c_quinquefolia|c_groenlandica|c_teeta|c_brevisepala|c_trifolia,CCTCGCCTGCAAATATCCAAATT,CGAAGGTCTCCAGGAAGATCAAA,59.931,60.056,563,TTTGATCTTCCTGGAGACCTTCG
5,c_ramosa|c_omeiensis|c_asplenifolia|c_deltoidea|c_quinquesecta|c_chinensis|c_trifoliolata|c_quinquefolia|c_groenlandica|c_teeta|c_brevisepala|c_trifolia,TTGGGCACTGCTTCTTTGATTAC,GAGGAGCTGGATGAGAAGAAACT,59.744,59.802,729,AGTTTCTTCTCATCCAGCTCCTC
6,c_ramosa|c_omeiensis|c_asplenifolia|c_deltoidea|c_quinquesecta|c_chinensis|c_trifoliolata|c_quinquefolia|c_groenlandica|c_teeta|c_brevisepala|c_trifolia,CTCGTTGCATACCCTGATCTACT,TCATCATGGGCAGGGACACTATT,59.681,61.468,1206,AATAGTGTCCCTGCCCATGATGA
7,c_ramosa|c_omeiensis|c_asplenifolia|c_deltoidea|c_quinquesecta|c_chinensis|c_trifoliolata|c_quinquefolia|c_groenlandica|c_teeta|c_brevisepala|c_trifolia,TCGTTCCCATAGCTTCTCGATTAA,CACTCGGTTTCAGACTTGGTACA,59.660,60.492,1273,TGTACCAAGTCTGAAACCGAGTG
8,c_ramosa|c_omeiensis|c_asplenifolia|c_deltoidea|c_quinquesecta|c_chinensis|c_trifoliolata|c_quinquefolia|c_groenlandica|c_teeta|c_brevisepala|c_trifolia,CGAGACCAGGACCCTTTATCATG,CAGTGCCCAATATGCCTCTACAA,60.493,60.685,1660,TTGTAGAGGCATATTGGGCACTG
9,c_ramosa|c_omeiensis|c_asplenifolia|c_deltoidea|c_quinquesecta|c_chinensis|c_trifoliolata|c_quinquefolia|c_groenlandica|c_teeta|c_brevisepala|c_trifolia,AGATCCCTTCCCAGAACCCATAC,GAGAAGCTATGGGAACGACAGAA,61.212,60.119,695,TTCTGTCGTTCCCATAGCTTCTC
10,c_ramosa|c_omeiensis|c_asplenifolia|c_deltoidea|c_quinquesecta|c_chinensis|c_trifoliolata|c_quinquefolia|c_groenlandica|c_teeta|c_brevisepala|c_trifolia,CATATTGGGCACTGCTTCTTTGA,TGCAGTAGAGATGGCATTGAGAA,59.555,59.802,696,TTCTCAATGCCATCTCTACTGCA
11,c_ramosa|c_omeiensis|c_asplenifolia|c_deltoidea|c_quinquesecta|c_chinensis|c_trifoliolata|c_quinquefolia|c_groenlandica|c_teeta|c_brevisepala|c_trifolia,TTCTGTCGTTCCCATAGCTTCTC,CGAATGGATCAGAGAAGGTAGGG,60.119,59.994,770,CCCTACCTTCTCTGATCCATTCG
12,c_ramosa|c_omeiensis|c_asplenifolia|c_deltoidea|c_quinquesecta|c_chinensis|c_trifoliolata|c_quinquefolia|c_groenlandica|c_teeta|c_brevisepala|c_trifolia,CGCCATCCTACCCAATGAATCAT,GTGTCGAATGGATCAGAGAAGGT,60.812,60.119,835,ACCTTCTCTGATCCATTCGACAC
13,c_ramosa|c_omeiensis|c_asplenifolia|c_deltoidea|c_quinquesecta|c_chinensis|c_trifoliolata|c_quinquefolia|c_groenlandica|c_teeta|c_brevisepala|c_trifolia,GCAACTCTTGTGATAGCGATGTT,ACGCTTTAGGTCAACAGATACGT,59.628,60.057,801,ACGTATCTGTTGACCTAAAGCGT
14,c_ramosa|c_omeiensis|c_asplenifolia|c_deltoidea|c_quinquesecta|c_chinensis|c_trifoliolata|c_quinquefolia|c_groenlandica|c_teeta|c_brevisepala|c_trifolia,TCCCTGCCCATGATGAACTATAATT,TATGGGTTCTGGGAAGGGATCTC,59.925,60.955,845,GAGATCCCTTCCCAGAACCCATA
15,c_ramosa|c_omeiensis|c_asplenifolia|c_deltoidea|c_quinquesecta|c_chinensis|c_trifoliolata|c_quinquefolia|c_groenlandica|c_teeta|c_brevisepala|c_trifolia,TCCCTTCATTCTTCCTCGATGTT,CCCTACAAACCATTCGAGCTAAA,59.480,58.741,1206,TTTAGCTCGAATGGTTTGTAGGG
16,c_ramosa|c_omeiensis|c_asplenifolia|c_deltoidea|c_quinquesecta|c_chinensis|c_trifoliolata|c_quinquefolia|c_groenlandica|c_teeta|c_brevisepala|c_trifolia,ATAGTGTCCCTGCCCATGATGAA,TCAAAGAAGCAGTGCCCAATATG,61.468,59.555,455,CATATTGGGCACTGCTTCTTTGA
17,c_ramosa|c_omeiensis|c_asplenifolia|c_deltoidea|c_quinquesecta|c_chinensis|c_trifoliolata|c_quinquefolia|c_groenlandica|c_teeta|c_brevisepala|c_trifolia,TTCCCAGAACCCATACGTGTTTC,GCCTAGCCATTAATCGAGAAGCT,60.808,60.556,703,AGCTTCTCGATTAATGGCTAGGC
18,c_ramosa|c_omeiensis|c_asplenifolia|c_deltoidea|c_quinquesecta|c_chinensis|c_trifoliolata|c_quinquefolia|c_groenlandica|c_teeta|c_brevisepala|c_trifolia,CCCTACCTTCTCTGATCCATTCG,AATCCACTCGGTTTCAGACTTGG,59.994,60.807,535,CCAAGTCTGAAACCGAGTGGATT
19,c_ramosa|c_omeiensis|c_asplenifolia|c_deltoidea|c_quinquesecta|c_chinensis|c_trifoliolata|c_quinquefolia|c_groenlandica|c_teeta|c_brevisepala|c_trifolia,CGTTGCATACCCTGATCTACTACT,TCTGGTATCCGAATTGCATCTGT,59.721,59.865,796,ACAGATGCAATTCGGATACCAGA
20,c_ramosa|c_omeiensis|c_asplenifolia|c_deltoidea|c_quinquesecta|c_chinensis|c_trifoliolata|c_quinquefolia|c_groenlandica|c_teeta|c_brevisepala|c_trifolia,CAATAGTGTCCCTGCCCATGAT,TCAGAAAGTGTAGCCAGAGAAGC,60.159,60.306,771,GCTTCTCTGGCTACACTTTCTGA
21,c_ramosa|c_omeiensis|c_asplenifolia|c_deltoidea|c_quinquesecta|c_chinensis|c_trifoliolata|c_quinquefolia|c_groenlandica|c_teeta|c_brevisepala|c_trifolia,GCTTCTCTGGCTACACTTTCTGA,ATTTGGATATTTGCAGGCGAGGA,60.306,60.688,1422,TCCTCGCCTGCAAATATCCAAAT
22,c_ramosa|c_omeiensis|c_asplenifolia|c_deltoidea|c_quinquesecta|c_chinensis|c_trifoliolata|c_quinquefolia|c_groenlandica|c_teeta|c_brevisepala|c_trifolia,CCGAGACCAGGACCCTTTATC,CGAGGCATAAACAGAGACAAGGA,59.587,60.368,421,TCCTTGTCTCTGTTTATGCCTCG
23,c_ramosa|c_omeiensis|c_asplenifolia|c_deltoidea|c_quinquesecta|c_chinensis|c_trifoliolata|c_quinquefolia|c_groenlandica|c_teeta|c_brevisepala|c_trifolia,TATTCCTCGCCTGCAAATATCCA,ACATCGCTATCACAAGAGTTGCA,59.928,60.617,325,TGCAACTCTTGTGATAGCGATGT
24,c_ramosa|c_omeiensis|c_asplenifolia|c_deltoidea|c_quinquesecta|c_chinensis|c_trifoliolata|c_quinquefolia|c_groenlandica|c_teeta|c_brevisepala|c_trifolia,ACAGATGCAATTCGGATACCAGA,AAACACGTATGGGTTCTGGGAAG,59.865,60.809,1267,CTTCCCAGAACCCATACGTGTTT
25,c_ramosa|c_omeiensis|c_asplenifolia|c_deltoidea|c_quinquesecta|c_chinensis|c_trifoliolata|c_quinquefolia|c_groenlandica|c_teeta|c_brevisepala|c_trifolia,CCACACCCTATCTCGCAATAATGA,GCGTGTCGAATGGATCAGAGAA,60.503,60.735,1596,TTCTCTGATCCATTCGACACGC
26,c_ramosa|c_omeiensis|c_asplenifolia|c_deltoidea|c_quinquesecta|c_chinensis|c_trifoliolata|c_quinquefolia|c_groenlandica|c_teeta|c_brevisepala|c_trifolia,AGTTTCTTCTCATCCAGCTCCTC,AAGCTATGGGAACGACAGAACCT,59.802,61.641,379,AGGTTCTGTCGTTCCCATAGCTT
27,c_ramosa|c_omeiensis|c_asplenifolia|c_deltoidea|c_quinquesecta|c_chinensis|c_trifoliolata|c_quinquefolia|c_groenlandica|c_teeta|c_brevisepala|c_trifolia,GCACTGCTTCTTTGATTACAGCA,TTATTGCGAGATAGGGTGTGGAA,60.058,59.547,262,TTCCACACCCTATCTCGCAATAA
28,c_ramosa|c_omeiensis|c_asplenifolia|c_deltoidea|c_quinquesecta|c_chinensis|c_trifoliolata|c_quinquefolia|c_groenlandica|c_teeta|c_brevisepala|c_trifolia,ACCTTCTCTGATCCATTCGACAC,TCATTCTGTTTGGTTTGCACAAC,60.119,58.820,493,GTTGTGCAAACCAAACAGAATGA
29,c_ramosa|c_omeiensis|c_asplenifolia|c_deltoidea|c_quinquesecta|c_chinensis|c_trifoliolata|c_quinquefolia|c_groenlandica|c_teeta|c_brevisepala|c_trifolia,ACTCCTTCTAGTCGAGCCTCTC,ACATCGAGGAAGAATGAAGGGAAT,60.421,59.835,1412,ATTCCCTTCATTCTTCCTCGATGT
30,c_ramosa|c_omeiensis|c_asplenifolia|c_deltoidea|c_quinquesecta|c_chinensis|c_trifoliolata|c_quinquefolia|c_groenlandica|c_teeta|c_brevisepala|c_trifolia,TGGGTTATAGTGGATGGTTGTTTCT,AATCGAGAAGCTATGGGAACGAC,59.985,60.491,444,GTCGTTCCCATAGCTTCTCGATT
31,c_ramosa|c_omeiensis|c_asplenifolia|c_deltoidea|c_quinquesecta|c_chinensis|c_trifoliolata|c_quinquefolia|c_groenlandica|c_teeta|c_brevisepala|c_trifolia,CCCTGGTTGAATCATAACGACTT,TGCAGCAGTTGTCATTGATCAAG,58.738,60.058,890,CTTGATCAATGACAACTGCTGCA
32,c_ramosa|c_omeiensis|c_asplenifolia|c_deltoidea|c_quinquesecta|c_chinensis|c_trifoliolata|c_quinquefolia|c_groenlandica|c_teeta|c_brevisepala|c_trifolia,CAACTGCTGCATTGTCATCATATT,CAACATCGAGGAAGAATGAAGGG,58.412,59.375,737,CCCTTCATTCTTCCTCGATGTTG
33,c_ramosa|c_omeiensis|c_asplenifolia|c_deltoidea|c_quinquesecta|c_chinensis|c_trifoliolata|c_quinquefolia|c_groenlandica|c_teeta|c_brevisepala|c_trifolia,TTTGATCTTCCTGGAGACCTTCG,CGCTTTAGGTCAACAGATACGTATG,60.056,59.827,559,CATACGTATCTGTTGACCTAAAGCG
34,c_ramosa|c_omeiensis|c_asplenifolia|c_deltoidea|c_quinquesecta|c_chinensis|c_trifoliolata|c_quinquefolia|c_groenlandica|c_teeta|c_brevisepala|c_trifolia,GCCTACGGATCAATCGACATTT,GTAATCAAAGAAGCAGTGCCCAAT,58.869,60.082,1223,ATTGGGCACTGCTTCTTTGATTAC
35,c_ramosa|c_omeiensis|c_asplenifolia|c_deltoidea|c_quinquesecta|c_chinensis|c_trifoliolata|c_quinquefolia|c_groenlandica|c_teeta|c_brevisepala|c_trifolia,TCCTTGTCTCTGTTTATGCCTCG,TATAGTTCATCATGGGCAGGGAC,60.368,59.672,845,GTCCCTGCCCATGATGAACTATA
36,c_ramosa|c_omeiensis|c_asplenifolia|c_deltoidea|c_quinquesecta|c_chinensis|c_trifoliolata|c_quinquefolia|c_groenlandica|c_teeta|c_brevisepala|c_trifolia,GGCTCGTAATGCTGCATCTCTTC,CCCGAGGCATAAACAGAGACAA,61.889,60.355,445,TTGTCTCTGTTTATGCCTCGGG
37,c_ramosa|c_omeiensis|c_asplenifolia|c_deltoidea|c_quinquesecta|c_chinensis|c_trifoliolata|c_quinquefolia|c_groenlandica|c_teeta|c_brevisepala|c_trifolia,TTGATCAATGACAACTGCTGCAT,TCGAGGAAGAATGAAGGGAATATCT,59.492,59.159,743,AGATATTCCCTTCATTCTTCCTCGA
38,c_ramosa|c_omeiensis|c_asplenifolia|c_deltoidea|c_quinquesecta|c_chinensis|c_trifoliolata|c_quinquefolia|c_groenlandica|c_teeta|c_brevisepala|c_trifolia,TGTCGTTCCCATAGCTTCTCGAT,AGGGATATGGATAGATGGAAGGGT,61.497,59.951,267,ACCCTTCCATCTATCCATATCCCT
39,c_ramosa|c_omeiensis|c_asplenifolia|c_deltoidea|c_quinquesecta|c_chinensis|c_trifoliolata|c_quinquefolia|c_groenlandica|c_teeta|c_brevisepala|c_trifolia,TGTACCAAGTCTGAAACCGAGTG,CTTATCGAGCATGCTATCCCATTT,60.492,59.060,382,AAATGGGATAGCATGCTCGATAAG
40,c_ramosa|c_omeiensis|c_asplenifolia|c_deltoidea|c_quinquesecta|c_chinensis|c_trifoliolata|c_quinquefolia|c_groenlandica|c_teeta|c_brevisepala|c_trifolia,ACTGCTTCTTTGATTACAGCAACAA,CGTAAACAACATCGAGGAAGAATGA,59.932,59.652,627,TCATTCTTCCTCGATGTTGTTTACG
41,c_ramosa|c_omeiensis|c_asplenifolia|c_deltoidea|c_quinquesecta|c_chinensis|c_trifoliolata|c_quinquefolia|c_groenlandica|c_teeta|c_brevisepala|c_trifolia,GGACCCTTTATCATGACTTCTGC,AGGCATAAACAGAGACAAGGATAGT,59.120,59.573,410,ACTATCCTTGTCTCTGTTTATGCCT
42,c_ramosa|c_omeiensis|c_asplenifolia|c_deltoidea|c_quinquesecta|c_chinensis|c_trifoliolata|c_quinquefolia|c_groenlandica|c_teeta|c_brevisepala|c_trifolia,TTTCGTTCCACACCCTATCTCG,TCGTAAACAACATCGAGGAAGAA,60.094,58.126,396,TTCTTCCTCGATGTTGTTTACGA
43,c_ramosa|c_omeiensis|c_asplenifolia|c_deltoidea|c_quinquesecta|c_chinensis|c_trifoliolata|c_quinquefolia|c_groenlandica|c_teeta|c_brevisepala|c_trifolia,CTCGGTCTGTCATTATACCTCGA,CAGTAGAGATGGCATTGAGAAACA,59.186,58.819,1458,TGTTTCTCAATGCCATCTCTACTG
44,c_ramosa|c_omeiensis|c_asplenifolia|c_deltoidea|c_quinquesecta|c_chinensis|c_trifoliolata|c_quinquefolia|c_groenlandica|c_teeta|c_brevisepala|c_trifolia,CGGTCTGTCATTATACCTCGAGAA,GCCCAATATGCCTCTACAAAGATCA,59.725,60.978,772,TGATCTTTGTAGAGGCATATTGGGC
45,c_ramosa|c_omeiensis|c_asplenifolia|c_deltoidea|c_quinquesecta|c_chinensis|c_trifoliolata|c_quinquefolia|c_groenlandica|c_teeta|c_brevisepala|c_trifolia,CCTTCATTCTTCCTCGATGTTGTT,TGAGGAGATTGATTCAGGAACAAATT,59.303,59.050,551,AATTTGTTCCTGAATCAATCTCCTCA
46,c_ramosa|c_omeiensis|c_asplenifolia|c_deltoidea|c_quinquesecta|c_chinensis|c_trifoliolata|c_quinquefolia|c_groenlandica|c_teeta|c_brevisepala|c_trifolia,GTCTCTGTTTATGCCTCGGGTT,GAGAGGCTCGACTAGAAGGAGT,60.355,60.421,483,ACTCCTTCTAGTCGAGCCTCTC
47,c_ramosa|c_omeiensis|c_asplenifolia|c_deltoidea|c_quinquesecta|c_chinensis|c_trifoliolata|c_quinquefolia|c_groenlandica|c_teeta|c_brevisepala|c_trifolia,CCGCCATCCTACCCAATGAAT,AGATACGTATGTCTGCTCACAAAG,60.203,58.656,1792,CTTTGTGAGCAGACATACGTATCT
48,c_ramosa|c_omeiensis|c_asplenifolia|c_deltoidea|c_quinquesecta|c_chinensis|c_trifoliolata|c_quinquefolia|c_groenlandica|c_teeta|c_brevisepala|c_trifolia,CAGGTTCTGTCGTTCCCATAGC,AGAAGTATACGCTTTAGGTCAACAGA,60.996,59.848,1757,TCTGTTGACCTAAAGCGTATACTTCT
49,c_ramosa|c_omeiensis|c_asplenifolia|c_deltoidea|c_quinquesecta|c_chinensis|c_trifoliolata|c_quinquefolia|c_groenlandica|c_teeta|c_brevisepala|c_trifolia,GGCTTGTCTGGAAATATACGTACC,ACCAGATTTCGTAAACAACATCGA,59.251,59.008,200,TCGATGTTGTTTACGAAATCTGGT
50,c_ramosa|c_omeiensis|c_asplenifolia|c_deltoidea|c_quinquesecta|c_chinensis|c_trifoliolata|c_quinquefolia|c_groenlandica|c_teeta|c_brevisepala|c_trifolia,TGCCTCGATAAGATATTCCCTTCA,CCATTAATCGAGAAGCTATGGGAAC,59.162,59.590,510,GTTCCCATAGCTTCTCGATTAATGG
51,c_ramosa|c_omeiensis|c_asplenifolia|c_deltoidea|c_quinquesecta|c_chinensis|c_trifoliolata|c_quinquefolia|c_groenlandica|c_teeta|c_brevisepala|c_trifolia,TATTTCGGCAATAGTGTCCCTGC,CGTATGGGTTCTGGGAAGGGAT,60.992,61.556,863,ATCCCTTCCCAGAACCCATACG
52,c_ramosa|c_omeiensis|c_asplenifolia|c_deltoidea|c_quinquesecta|c_chinensis|c_trifoliolata|c_quinquefolia|c_groenlandica|c_teeta|c_brevisepala|c_trifolia,CACACCCTATCTCGCAATAATGAATT,GGGTACGTATATTTCCAGACAAGC,59.795,59.251,221,GCTTGTCTGGAAATATACGTACCC
53,c_ramosa|c_omeiensis|c_asplenifolia|c_deltoidea|c_quinquesecta|c_chinensis|c_trifoliolata|c_quinquefolia|c_groenlandica|c_teeta|c_brevisepala|c_trifolia,TGTTTCTCAATGCCATCTCTACTG,ATGATTCATTGGGTAGGATGGCG,58.819,60.812,361,CGCCATCCTACCCAATGAATCAT
54,c_ramosa|c_omeiensis|c_asplenifolia|c_deltoidea|c_quinquesecta|c_chinensis|c_trifoliolata|c_quinquefolia|c_groenlandica|c_teeta|c_brevisepala|c_trifolia,GCATATTGGGCACTGCTTCTT,TCATTATTGCGAGATAGGGTGTG,59.247,58.369,274,CACACCCTATCTCGCAATAATGA
55,c_ramosa|c_omeiensis|c_asplenifolia|c_deltoidea|c_quinquesecta|c_chinensis|c_trifoliolata|c_quinquefolia|c_groenlandica|c_teeta|c_brevisepala|c_trifolia,TCACCCTTCCATCTATCCATATCC,AATAAATCCACTCGGTTTCAGACT,58.967,58.194,1042,AGTCTGAAACCGAGTGGATTTATT
56,c_ramosa|c_omeiensis|c_asplenifolia|c_deltoidea|c_quinquesecta|c_chinensis|c_trifoliolata|c_quinquefolia|c_groenlandica|c_teeta|c_brevisepala|c_trifolia,ACTGCTGCATTGTCATCATATTGTA,GTTACAGTAAGACCTACCGAAACAC,59.176,59.369,549,GTGTTTCGGTAGGTCTTACTGTAAC
57,c_ramosa|c_omeiensis|c_asplenifolia|c_deltoidea|c_quinquesecta|c_chinensis|c_trifoliolata|c_quinquefolia|c_groenlandica|c_teeta|c_brevisepala|c_trifolia,CCCTTTATCATGACTTCTGCTCGT,AAGTCGTTATGATTCAACCAGGG,60.682,58.738,673,CCCTGGTTGAATCATAACGACTT
58,c_ramosa|c_omeiensis|c_asplenifolia|c_deltoidea|c_quinquesecta|c_chinensis|c_trifoliolata|c_quinquefolia|c_groenlandica|c_teeta|c_brevisepala|c_trifolia,CGCACGGGAGGAATGTTGAAA,GCAGTTGTCATTGATCAAGAAGGAA,61.478,60.049,957,TTCCTTCTTGATCAATGACAACTGC
59,c_ramosa|c_omeiensis|c_asplenifolia|c_deltoidea|c_quinquesecta|c_chinensis|c_trifoliolata|c_quinquefolia|c_groenlandica|c_teeta|c_brevisepala|c_trifolia,TCATTCTTCCTCGATGTTGTTTACG,CATTGGGTAGGATGGCGGAAC,59.652,61.085,413,GTTCCGCCATCCTACCCAATG
60,c_ramosa|c_omeiensis|c_asplenifolia|c_deltoidea|c_quinquesecta|c_chinensis|c_trifoliolata|c_quinquefolia|c_groenlandica|c_teeta|c_brevisepala|c_trifolia,CCCATAGCTTCTCGATTAATGGC,ACAGAGGGATATGGATAGATGGAAG,59.313,59.037,264,CTTCCATCTATCCATATCCCTCTGT
61,c_ramosa|c_omeiensis|c_asplenifolia|c_deltoidea|c_quinquesecta|c_chinensis|c_trifoliolata|c_quinquefolia|c_groenlandica|c_teeta|c_brevisepala|c_trifolia,CCTGGTTGAATCATAACGACTTACT,AGGGAATATCTTATCGAGGCAATC,58.893,58.016,1596,GATTGCCTCGATAAGATATTCCCT
62,c_ramosa|c_omeiensis|c_asplenifolia|c_deltoidea|c_quinquesecta|c_chinensis|c_trifoliolata|c_quinquefolia|c_groenlandica|c_teeta|c_brevisepala|c_trifolia,TTTAGCTCGAATGGTTTGTAGGG,ACTTAACATCGCTATCACAAGAGTT,58.741,58.601,250,AACTCTTGTGATAGCGATGTTAAGT
63,c_ramosa|c_omeiensis|c_asplenifolia|c_deltoidea|c_quinquesecta|c_chinensis|c_trifoliolata|c_quinquefolia|c_groenlandica|c_teeta|c_brevisepala|c_trifolia,TGTTGAAACTTGCTTGAACATGAA,AACCCGAGGCATAAACAGAGA,58.282,59.093,235,TCTCTGTTTATGCCTCGGGTT
64,c_ramosa|c_omeiensis|c_asplenifolia|c_deltoidea|c_quinquesecta|c_chinensis|c_trifoliolata|c_quinquefolia|c_groenlandica|c_teeta|c_brevisepala|c_trifolia,GAATGGCTCGTAATGCTGCATCT,TGTTCAAGCAAGTTTCAACAATACCA,61.603,60.351,236,TGGTATTGTTGAAACTTGCTTGAACA
