ID,SEQUENCE_ID,PRIMER_LEFT_SEQUENCE,PRIMER_RIGHT_SEQUENCE,PRIMER_LEFT_TM,PRIMER_RIGHT_TM,LENGTH_INTERMEDIATE_SEQUENCE,REV_RIGHT_SEQUENCE
1,c_asplenifolia|c_teeta|c_omeiensis|c_groenlandica|c_deltoidea|c_ramosa|c_quinquesecta|c_quinquefolia|c_trifoliolata|c_chinensis|c_brevisepala|c_trifolia,TCCTCTGGCATTACGACCTTTAC,GGTTAAAGCGCCCAACTCATAAT,60.119,59.620,658,ATTATGAGTTGGGCGCTTTAACC
2,c_asplenifolia|c_teeta|c_omeiensis|c_groenlandica|c_deltoidea|c_ramosa|c_quinquesecta|c_quinquefolia|c_trifoliolata|c_chinensis|c_brevisepala|c_trifolia,AACAAGGAGCTGGGTCAACTATT,AATAGCCGGGACATTGAGGAATC,59.925,60.497,538,GATTCCTCAATGTCCCGGCTATT
3,c_asplenifolia|c_teeta|c_omeiensis|c_groenlandica|c_deltoidea|c_ramosa|c_quinquesecta|c_quinquefolia|c_trifoliolata|c_chinensis|c_brevisepala|c_trifolia,CTCTGTCGGTGCTTCAAACAATT,CATTACGCTTCAACCGGGTTATT,59.996,59.624,695,AATAACCCGGTTGAAGCGTAATG
4,c_asplenifolia|c_teeta|c_omeiensis|c_groenlandica|c_deltoidea|c_ramosa|c_quinquesecta|c_quinquefolia|c_trifoliolata|c_chinensis|c_brevisepala|c_trifolia,ACGACGCTGTCCATAGATCAAAT,TTGCTTGTTGAACCCTGTGAATC,60.181,59.932,933,GATTCACAGGGTTCAACAAGCAA
5,c_asplenifolia|c_teeta|c_omeiensis|c_groenlandica|c_deltoidea|c_ramosa|c_quinquesecta|c_quinquefolia|c_trifoliolata|c_chinensis|c_brevisepala|c_trifolia,GTGAATAACCCGTCCTCCTCTTT,TCTCAATTCCAGCTACGGTTTCA,60.055,59.992,1890,TGAAACCGTAGCTGGAATTGAGA
6,c_asplenifolia|c_teeta|c_omeiensis|c_groenlandica|c_deltoidea|c_ramosa|c_quinquesecta|c_quinquefolia|c_trifoliolata|c_chinensis|c_brevisepala|c_trifolia,TCGGAGGAAGAAGCGAAACATAA,CTGTCCATATCCGGTTCATCCTT,60.056,59.928,1005,AAGGATGAACCGGATATGGACAG
7,c_asplenifolia|c_teeta|c_omeiensis|c_groenlandica|c_deltoidea|c_ramosa|c_quinquesecta|c_quinquefolia|c_trifoliolata|c_chinensis|c_brevisepala|c_trifolia,CGCCTCTGACCATCAAATGAAAT,ACGCTTCAACCGGGTTATTCTAT,59.621,60.119,759,ATAGAATAACCCGGTTGAAGCGT
8,c_asplenifolia|c_teeta|c_omeiensis|c_groenlandica|c_deltoidea|c_ramosa|c_quinquesecta|c_quinquefolia|c_trifoliolata|c_chinensis|c_brevisepala|c_trifolia,TTCACAGGGTTCAACAAGCAATC,CTTCCTCCGAGAAAGACGATCAA,59.932,60.119,535,TTGATCGTCTTTCTCGGAGGAAG
9,c_asplenifolia|c_teeta|c_omeiensis|c_groenlandica|c_deltoidea|c_ramosa|c_quinquesecta|c_quinquefolia|c_trifoliolata|c_chinensis|c_brevisepala|c_trifolia,CCGTTCCTTCATCTGGCTTATGT,GGTCGTAATGCCAGAGGAATCAT,60.683,60.495,725,ATGATTCCTCTGGCATTACGACC
10,c_asplenifolia|c_teeta|c_omeiensis|c_groenlandica|c_deltoidea|c_ramosa|c_quinquesecta|c_quinquefolia|c_trifoliolata|c_chinensis|c_brevisepala|c_trifolia,ATTCGCCTCTGACCATCAAATGA,TGGAAGATACAGGAGCGAAACAA,60.371,59.992,1732,TTGTTTCGCTCCTGTATCTTCCA
11,c_asplenifolia|c_teeta|c_omeiensis|c_groenlandica|c_deltoidea|c_ramosa|c_quinquesecta|c_quinquefolia|c_trifoliolata|c_chinensis|c_brevisepala|c_trifolia,CCTCTATGCCTTGCGGTAATGAT,AGCATTGGGTCGAACTCTTCTTT,60.558,60.497,352,AAAGAAGAGTTCGACCCAATGCT
12,c_asplenifolia|c_teeta|c_omeiensis|c_groenlandica|c_deltoidea|c_ramosa|c_quinquesecta|c_quinquefolia|c_trifoliolata|c_chinensis|c_brevisepala|c_trifolia,AGGTTGATTGTTTCGCTCCTGTA,AATAGTTGACCCAGCTCCTTGTT,60.244,59.925,477,AACAAGGAGCTGGGTCAACTATT
13,c_asplenifolia|c_teeta|c_omeiensis|c_groenlandica|c_deltoidea|c_ramosa|c_quinquesecta|c_quinquefolia|c_trifoliolata|c_chinensis|c_brevisepala|c_trifolia,TTCAATTCGCCTCTGACCATCAA,CGGCAGTCAAGTGAAATCCAATC,60.559,60.427,644,GATTGGATTTCACTTGACTGCCG
14,c_asplenifolia|c_teeta|c_omeiensis|c_groenlandica|c_deltoidea|c_ramosa|c_quinquesecta|c_quinquefolia|c_trifoliolata|c_chinensis|c_brevisepala|c_trifolia,ACGATGAGCACCCATATTCACTT,AGGAGGACGGGTTATTCACATTT,60.118,59.734,1209,AAATGTGAATAACCCGTCCTCCT
15,c_asplenifolia|c_teeta|c_omeiensis|c_groenlandica|c_deltoidea|c_ramosa|c_quinquesecta|c_quinquefolia|c_trifoliolata|c_chinensis|c_brevisepala|c_trifolia,TCTGCCGAATCACTCATGTTATG,CATTTGATGGTCAGAGGCGAATT,58.878,59.621,216,AATTCGCCTCTGACCATCAAATG
16,c_asplenifolia|c_teeta|c_omeiensis|c_groenlandica|c_deltoidea|c_ramosa|c_quinquesecta|c_quinquefolia|c_trifoliolata|c_chinensis|c_brevisepala|c_trifolia,CAGGGTTCAACAAGCAATCGATAT,CCAGCTCCTTGTTGTTTGAAGAA,59.664,59.619,668,TTCTTCAAACAACAAGGAGCTGG
17,c_asplenifolia|c_teeta|c_omeiensis|c_groenlandica|c_deltoidea|c_ramosa|c_quinquesecta|c_quinquefolia|c_trifoliolata|c_chinensis|c_brevisepala|c_trifolia,TCGGGACAGCTATTCGAAATCTT,AGGATTCGAACCCAGATGAAGTT,59.868,59.736,771,AACTTCATCTGGGTTCGAATCCT
18,c_asplenifolia|c_teeta|c_omeiensis|c_groenlandica|c_deltoidea|c_ramosa|c_quinquesecta|c_quinquefolia|c_trifoliolata|c_chinensis|c_brevisepala|c_trifolia,GAAGAGTTCGACCCAATGCTTTA,TCGAATAGCTGTCCCGAATTCAA,58.999,60.119,1206,TTGAATTCGGGACAGCTATTCGA
19,c_asplenifolia|c_teeta|c_omeiensis|c_groenlandica|c_deltoidea|c_ramosa|c_quinquesecta|c_quinquefolia|c_trifoliolata|c_chinensis|c_brevisepala|c_trifolia,CCAATAAACGATGAGCACCCATATT,GATGGTCAGAGGCGAATTGAAAG,59.758,59.935,1188,CTTTCAATTCGCCTCTGACCATC
20,c_asplenifolia|c_teeta|c_omeiensis|c_groenlandica|c_deltoidea|c_ramosa|c_quinquesecta|c_quinquefolia|c_trifoliolata|c_chinensis|c_brevisepala|c_trifolia,AATCACTTGCTGCCGTTACTCTT,GGGAGGTCATAAGCGTCTATACC,60.807,59.807,378,GGTATAGACGCTTATGACCTCCC
21,c_asplenifolia|c_teeta|c_omeiensis|c_groenlandica|c_deltoidea|c_ramosa|c_quinquesecta|c_quinquefolia|c_trifoliolata|c_chinensis|c_brevisepala|c_trifolia,CTATGCCTTGCGGTAATGATTCC,CCTCCGAGAAAGACGATCAAACA,59.811,60.614,1491,TGTTTGATCGTCTTTCTCGGAGG
22,c_asplenifolia|c_teeta|c_omeiensis|c_groenlandica|c_deltoidea|c_ramosa|c_quinquesecta|c_quinquefolia|c_trifoliolata|c_chinensis|c_brevisepala|c_trifolia,TTCTCCCAATTTGTGACCTACCA,TGCGCTTGGAAGAAGAAGTAGAA,59.604,60.244,347,TTCTACTTCTTCTTCCAAGCGCA
23,c_asplenifolia|c_teeta|c_omeiensis|c_groenlandica|c_deltoidea|c_ramosa|c_quinquesecta|c_quinquefolia|c_trifoliolata|c_chinensis|c_brevisepala|c_trifolia,CCGTGGGATCTTTCACTCACATT,ACAGGAGCGAAACAATCAACCTA,60.870,60.244,318,TAGGTTGATTGTTTCGCTCCTGT
24,c_asplenifolia|c_teeta|c_omeiensis|c_groenlandica|c_deltoidea|c_ramosa|c_quinquesecta|c_quinquefolia|c_trifoliolata|c_chinensis|c_brevisepala|c_trifolia,ACATTACCCACTTGTCCAACTGT,GTCGTTGTGGTAAAGGTCGTAATG,60.118,60.143,1144,CATTACGACCTTTACCACAACGAC
25,c_asplenifolia|c_teeta|c_omeiensis|c_groenlandica|c_deltoidea|c_ramosa|c_quinquesecta|c_quinquefolia|c_trifoliolata|c_chinensis|c_brevisepala|c_trifolia,GCTTAGCTTTCAATTCGCCTCTG,AAAGGTCGTAATGCCAGAGGAAT,60.487,60.054,591,ATTCCTCTGGCATTACGACCTTT
26,c_asplenifolia|c_teeta|c_omeiensis|c_groenlandica|c_deltoidea|c_ramosa|c_quinquesecta|c_quinquefolia|c_trifoliolata|c_chinensis|c_brevisepala|c_trifolia,GGTCCCATTCTTCTACCCTTTCC,ACGTCTATTGGAATTGGCTCTGT,60.372,60.055,336,ACAGAGCCAATTCCAATAGACGT
27,c_asplenifolia|c_teeta|c_omeiensis|c_groenlandica|c_deltoidea|c_ramosa|c_quinquesecta|c_quinquefolia|c_trifoliolata|c_chinensis|c_brevisepala|c_trifolia,GGCATTACGACCTTTACCACAAC,CCCAAGTACTCTCTTTCGGATCC,60.120,60.181,1223,GGATCCGAAAGAGAGTACTTGGG
28,c_asplenifolia|c_teeta|c_omeiensis|c_groenlandica|c_deltoidea|c_ramosa|c_quinquesecta|c_quinquefolia|c_trifoliolata|c_chinensis|c_brevisepala|c_trifolia,CCCAAACTGTACAAGCTTCTTCC,AAGAGTAACGGCAGCAAGTGATT,59.747,60.807,500,AATCACTTGCTGCCGTTACTCTT
29,c_asplenifolia|c_teeta|c_omeiensis|c_groenlandica|c_deltoidea|c_ramosa|c_quinquesecta|c_quinquefolia|c_trifoliolata|c_chinensis|c_brevisepala|c_trifolia,TGAAACCGTAGCTGGAATTGAGA,GACCCAGCTCCTTGTTGTTTGAA,59.992,61.497,279,TTCAAACAACAAGGAGCTGGGTC
30,c_asplenifolia|c_teeta|c_omeiensis|c_groenlandica|c_deltoidea|c_ramosa|c_quinquesecta|c_quinquefolia|c_trifoliolata|c_chinensis|c_brevisepala|c_trifolia,GATTCCTCAATGTCCCGGCTATT,GACTGCCTTCATTATGTTGTTGCT,60.497,60.083,666,AGCAACAACATAATGAAGGCAGTC
31,c_asplenifolia|c_teeta|c_omeiensis|c_groenlandica|c_deltoidea|c_ramosa|c_quinquesecta|c_quinquefolia|c_trifoliolata|c_chinensis|c_brevisepala|c_trifolia,AAGGAGCTGGGTCAACTATTCAA,ACCAACCACACATTGTCTAACCA,59.669,60.372,220,TGGTTAGACAATGTGTGGTTGGT
32,c_asplenifolia|c_teeta|c_omeiensis|c_groenlandica|c_deltoidea|c_ramosa|c_quinquesecta|c_quinquefolia|c_trifoliolata|c_chinensis|c_brevisepala|c_trifolia,CCGAAAGAGAGTACTTGGGTTCT,AATCCGATTCGTGCGTATTCTTC,59.741,59.510,556,GAAGAATACGCACGAATCGGATT
33,c_asplenifolia|c_teeta|c_omeiensis|c_groenlandica|c_deltoidea|c_ramosa|c_quinquesecta|c_quinquefolia|c_trifoliolata|c_chinensis|c_brevisepala|c_trifolia,AACCGTAGCTGGAATTGAGATCT,TTGAATAGTTGACCCAGCTCCTT,59.547,59.669,286,AAGGAGCTGGGTCAACTATTCAA
34,c_asplenifolia|c_teeta|c_omeiensis|c_groenlandica|c_deltoidea|c_ramosa|c_quinquesecta|c_quinquefolia|c_trifoliolata|c_chinensis|c_brevisepala|c_trifolia,CACAACGACGCTGTCCATAGAT,TGTGAATCGCGTGAAAGTAGGAT,60.735,60.368,922,ATCCTACTTTCACGCGATTCACA
35,c_asplenifolia|c_teeta|c_omeiensis|c_groenlandica|c_deltoidea|c_ramosa|c_quinquesecta|c_quinquefolia|c_trifoliolata|c_chinensis|c_brevisepala|c_trifolia,ACCAATAAACGATGAGCACCCAT,ACCCACAATGATAGGCCATACAA,60.625,59.796,203,TTGTATGGCCTATCATTGTGGGT
36,c_asplenifolia|c_teeta|c_omeiensis|c_groenlandica|c_deltoidea|c_ramosa|c_quinquesecta|c_quinquefolia|c_trifoliolata|c_chinensis|c_brevisepala|c_trifolia,ACTTGAATTCGGGACAGCTATTC,TCTATCTCTGTTCGTTCCGTTTGA,58.808,59.783,592,TCAAACGGAACGAACAGAGATAGA
37,c_asplenifolia|c_teeta|c_omeiensis|c_groenlandica|c_deltoidea|c_ramosa|c_quinquesecta|c_quinquefolia|c_trifoliolata|c_chinensis|c_brevisepala|c_trifolia,AATGTGAATAACCCGTCCTCCTC,TGGTAAAGGTCGTAATGCCAGAG,60.118,60.369,560,CTCTGGCATTACGACCTTTACCA
38,c_asplenifolia|c_teeta|c_omeiensis|c_groenlandica|c_deltoidea|c_ramosa|c_quinquesecta|c_quinquefolia|c_trifoliolata|c_chinensis|c_brevisepala|c_trifolia,TGTTTCGCTCCTGTATCTTCCAA,AGCTGTCCCGAATTCAAGTTAAT,59.992,58.410,357,ATTAACTTGAATTCGGGACAGCT
39,c_asplenifolia|c_teeta|c_omeiensis|c_groenlandica|c_deltoidea|c_ramosa|c_quinquesecta|c_quinquefolia|c_trifoliolata|c_chinensis|c_brevisepala|c_trifolia,CCTTCCCAAACTGTACAAGCTTC,AAAGAGGAGGACGGGTTATTCAC,59.747,60.055,373,GTGAATAACCCGTCCTCCTCTTT
40,c_asplenifolia|c_teeta|c_omeiensis|c_groenlandica|c_deltoidea|c_ramosa|c_quinquesecta|c_quinquefolia|c_trifoliolata|c_chinensis|c_brevisepala|c_trifolia,GATTCCTCTGGCATTACGACCTT,ATTGGGTCGAACTCTTCTTTGGT,60.432,60.181,329,ACCAAAGAAGAGTTCGACCCAAT
41,c_asplenifolia|c_teeta|c_omeiensis|c_groenlandica|c_deltoidea|c_ramosa|c_quinquesecta|c_quinquefolia|c_trifoliolata|c_chinensis|c_brevisepala|c_trifolia,GATTCCGTGGGATCTTTCACTCA,GTTGACCCAGCTCCTTGTTGTTT,60.369,61.747,773,AAACAACAAGGAGCTGGGTCAAC
42,c_asplenifolia|c_teeta|c_omeiensis|c_groenlandica|c_deltoidea|c_ramosa|c_quinquesecta|c_quinquefolia|c_trifoliolata|c_chinensis|c_brevisepala|c_trifolia,TTTCTCGGAGGAAGAAGCGAAAC,CAGTAGGATTCGAACCCAGATGA,61.106,59.615,813,TCATCTGGGTTCGAATCCTACTG
43,c_asplenifolia|c_teeta|c_omeiensis|c_groenlandica|c_deltoidea|c_ramosa|c_quinquesecta|c_quinquefolia|c_trifoliolata|c_chinensis|c_brevisepala|c_trifolia,TGTATGGCCTATCATTGTGGGTATAA,GTCAGAGGCGAATTGAAAGCTAAG,59.727,60.202,1004,CTTAGCTTTCAATTCGCCTCTGAC
44,c_asplenifolia|c_teeta|c_omeiensis|c_groenlandica|c_deltoidea|c_ramosa|c_quinquesecta|c_quinquefolia|c_trifoliolata|c_chinensis|c_brevisepala|c_trifolia,ATTATGAGTTGGGCGCTTTAACC,CCCTGTGAATCGCGTGAAAGTA,59.620,60.929,313,TACTTTCACGCGATTCACAGGG
45,c_asplenifolia|c_teeta|c_omeiensis|c_groenlandica|c_deltoidea|c_ramosa|c_quinquesecta|c_quinquefolia|c_trifoliolata|c_chinensis|c_brevisepala|c_trifolia,AGAGTTCGACCCAATGCTTTATTT,TTCCTGCTTCATTGATTCCTCCT,58.990,59.732,443,AGGAGGAATCAATGAAGCAGGAA
46,c_asplenifolia|c_teeta|c_omeiensis|c_groenlandica|c_deltoidea|c_ramosa|c_quinquesecta|c_quinquefolia|c_trifoliolata|c_chinensis|c_brevisepala|c_trifolia,ACCACTGCTTAGCTTTCAATTCG,CCGGGTTATTCTATTCCACCTCTT,59.811,59.897,771,AAGAGGTGGAATAGAATAACCCGG
47,c_asplenifolia|c_teeta|c_omeiensis|c_groenlandica|c_deltoidea|c_ramosa|c_quinquesecta|c_quinquefolia|c_trifoliolata|c_chinensis|c_brevisepala|c_trifolia,ACGTGTCACAGCTAATTACTCCTT,AATTGTTTGAAGCACCGACAGAG,60.021,59.996,950,CTCTGTCGGTGCTTCAAACAATT
48,c_asplenifolia|c_teeta|c_omeiensis|c_groenlandica|c_deltoidea|c_ramosa|c_quinquesecta|c_quinquefolia|c_trifoliolata|c_chinensis|c_brevisepala|c_trifolia,AGGAGGAATCAATGAAGCAGGAA,GTTTCGCTTCTTCCTCCGAGAA,59.732,60.610,752,TTCTCGGAGGAAGAAGCGAAAC
49,c_asplenifolia|c_teeta|c_omeiensis|c_groenlandica|c_deltoidea|c_ramosa|c_quinquesecta|c_quinquefolia|c_trifoliolata|c_chinensis|c_brevisepala|c_trifolia,ACGTATCTGTTGACCTAAAGCGTATA,TCGGTCTGAATGCTACATGAAGA,59.961,59.553,1137,TCTTCATGTAGCATTCAGACCGA
50,c_asplenifolia|c_teeta|c_omeiensis|c_groenlandica|c_deltoidea|c_ramosa|c_quinquesecta|c_quinquefolia|c_trifoliolata|c_chinensis|c_brevisepala|c_trifolia,CCCTCTATGCCTTGCGGTAAT,TGGCAAATTCGTAGGTTCAATTCC,59.928,60.082,659,GGAATTGAACCTACGAATTTGCCA
51,c_asplenifolia|c_teeta|c_omeiensis|c_groenlandica|c_deltoidea|c_ramosa|c_quinquesecta|c_quinquefolia|c_trifoliolata|c_chinensis|c_brevisepala|c_trifolia,ATTCGTGGACCAAATTCGATTCC,TCGGATCCATGAAACAACTCTCA,59.623,59.739,387,TGAGAGTTGTTTCATGGATCCGA
52,c_asplenifolia|c_teeta|c_omeiensis|c_groenlandica|c_deltoidea|c_ramosa|c_quinquesecta|c_quinquefolia|c_trifoliolata|c_chinensis|c_brevisepala|c_trifolia,GTTGATTGTTTCGCTCCTGTATCT,TCCGAGAAAGACGATCAAACAATTC,59.368,59.880,323,GAATTGTTTGATCGTCTTTCTCGGA
53,c_asplenifolia|c_teeta|c_omeiensis|c_groenlandica|c_deltoidea|c_ramosa|c_quinquesecta|c_quinquefolia|c_trifoliolata|c_chinensis|c_brevisepala|c_trifolia,CGACGCTGTCCATAGATCAAATTAT,GGTCGAACTCTTCTTTGGTGTCA,59.365,60.740,294,TGACACCAAAGAAGAGTTCGACC
54,c_asplenifolia|c_teeta|c_omeiensis|c_groenlandica|c_deltoidea|c_ramosa|c_quinquesecta|c_quinquefolia|c_trifoliolata|c_chinensis|c_brevisepala|c_trifolia,ATGGGATAGCATGCTCGATAAGG,GCACGGCCATACATAACATAGAA,60.118,58.938,974,TTCTATGTTATGTATGGCCGTGC
55,c_asplenifolia|c_teeta|c_omeiensis|c_groenlandica|c_deltoidea|c_ramosa|c_quinquesecta|c_quinquefolia|c_trifoliolata|c_chinensis|c_brevisepala|c_trifolia,GGAGCTGGGTCAACTATTCAATCA,CCAACCACACATTGTCTAACCAAATA,60.626,60.016,217,TATTTGGTTAGACAATGTGTGGTTGG
56,c_asplenifolia|c_teeta|c_omeiensis|c_groenlandica|c_deltoidea|c_ramosa|c_quinquesecta|c_quinquefolia|c_trifoliolata|c_chinensis|c_brevisepala|c_trifolia,TCGTGGATTGGATTTCACTTGAC,TAAAGCATTGGGTCGAACTCTTC,59.249,58.999,278,GAAGAGTTCGACCCAATGCTTTA
57,c_asplenifolia|c_teeta|c_omeiensis|c_groenlandica|c_deltoidea|c_ramosa|c_quinquesecta|c_quinquefolia|c_trifoliolata|c_chinensis|c_brevisepala|c_trifolia,AATGTGGCTGATTTACCCTCTTT,GCAGCAAGTGATTGAGTTCAGTAG,58.323,60.143,652,CTACTGAACTCAATCACTTGCTGC
58,c_asplenifolia|c_teeta|c_omeiensis|c_groenlandica|c_deltoidea|c_ramosa|c_quinquesecta|c_quinquefolia|c_trifoliolata|c_chinensis|c_brevisepala|c_trifolia,CGGAGGAAGAAGCGAAACATAATTA,TCTCTCTCGATACGTTCCTCAAA,59.478,58.741,325,TTTGAGGAACGTATCGAGAGAGA
59,c_asplenifolia|c_teeta|c_omeiensis|c_groenlandica|c_deltoidea|c_ramosa|c_quinquesecta|c_quinquefolia|c_trifoliolata|c_chinensis|c_brevisepala|c_trifolia,GGAACGTGAGAAGCAGATGAATAA,CGGCTCGGTTATTGATAGAGTTAAT,59.130,58.843,490,ATTAACTCTATCAATAACCGAGCCG
60,c_asplenifolia|c_teeta|c_omeiensis|c_groenlandica|c_deltoidea|c_ramosa|c_quinquesecta|c_quinquefolia|c_trifoliolata|c_chinensis|c_brevisepala|c_trifolia,TTGTATGGCCTATCATTGTGGGT,TAACGGCAGCAAGTGATTGAGTT,59.796,61.055,1167,AACTCAATCACTTGCTGCCGTTA
61,c_asplenifolia|c_teeta|c_omeiensis|c_groenlandica|c_deltoidea|c_ramosa|c_quinquesecta|c_quinquefolia|c_trifoliolata|c_chinensis|c_brevisepala|c_trifolia,TGAATTCCATTGGACCCAGAAATG,TCAATTCCAGCTACGGTTTCATTAG,59.533,59.415,274,CTAATGAAACCGTAGCTGGAATTGA
62,c_asplenifolia|c_teeta|c_omeiensis|c_groenlandica|c_deltoidea|c_ramosa|c_quinquesecta|c_quinquefolia|c_trifoliolata|c_chinensis|c_brevisepala|c_trifolia,CGGTATAGACGCTTATGACCTCC,CCTGCTTCATTGATTCCTCCTAAG,60.120,59.179,799,CTTAGGAGGAATCAATGAAGCAGG
63,c_asplenifolia|c_teeta|c_omeiensis|c_groenlandica|c_deltoidea|c_ramosa|c_quinquesecta|c_quinquefolia|c_trifoliolata|c_chinensis|c_brevisepala|c_trifolia,ACAGAGCCAATTCCAATAGACGT,AGCAGTACTACACCTTTGATCGT,60.055,59.490,436,ACGATCAAAGGTGTAGTACTGCT
64,c_asplenifolia|c_teeta|c_omeiensis|c_groenlandica|c_deltoidea|c_ramosa|c_quinquesecta|c_quinquefolia|c_trifoliolata|c_chinensis|c_brevisepala|c_trifolia,GGATCCGAAAGAGAGTACTTGGG,TTATGTTTCGCTTCTTCCTCCGA,60.181,60.056,281,TCGGAGGAAGAAGCGAAACATAA
