ID,SEQUENCE_ID,PRIMER_LEFT_SEQUENCE,PRIMER_RIGHT_SEQUENCE,PRIMER_LEFT_TM,PRIMER_RIGHT_TM,LENGTH_INTERMEDIATE_SEQUENCE,REV_RIGHT_SEQUENCE
1,c_chinensis|c_quinquesecta|c_quinquefolia|c_trifolia|c_ramosa|c_omeiensis|c_groenlandica|c_asplenifolia|c_teeta|c_deltoidea|c_brevisepala|c_trifoliolata,ACTTCGACAGGGTGCAAATATCT,GGTGATCTCAGATGTGCCCATAT,60.055,59.991,290,ATATGGGCACATCTGAGATCACC
2,c_chinensis|c_quinquesecta|c_quinquefolia|c_trifolia|c_ramosa|c_omeiensis|c_groenlandica|c_asplenifolia|c_teeta|c_deltoidea|c_brevisepala|c_trifoliolata,CACCAATCGAGTCACAGGTATCT,TTCTGAGGAATTGGCCGTGATAT,59.869,59.864,607,ATATCACGGCCAATTCCTCAGAA
3,c_chinensis|c_quinquesecta|c_quinquefolia|c_trifolia|c_ramosa|c_omeiensis|c_groenlandica|c_asplenifolia|c_teeta|c_deltoidea|c_brevisepala|c_trifoliolata,TGAGTCACCCGTTCCATTGATAT,GCAACAGCCCTTCCTATCTGATA,59.546,59.928,1746,TATCAGATAGGAAGGGCTGTTGC
4,c_chinensis|c_quinquesecta|c_quinquefolia|c_trifolia|c_ramosa|c_omeiensis|c_groenlandica|c_asplenifolia|c_teeta|c_deltoidea|c_brevisepala|c_trifoliolata,CATGCAGTACCAGACACGAGATA,CCCGGTCAATTCTGTTCCACTTA,59.933,60.558,532,TAAGTGGAACAGAATTGACCGGG
5,c_chinensis|c_quinquesecta|c_quinquefolia|c_trifolia|c_ramosa|c_omeiensis|c_groenlandica|c_asplenifolia|c_teeta|c_deltoidea|c_brevisepala|c_trifoliolata,TCGAACCGAGAGATCCATGAATC,TCAATGGAACGGGTGACTCATTA,59.995,59.738,1556,TAATGAGTCACCCGTTCCATTGA
6,c_chinensis|c_quinquesecta|c_quinquefolia|c_trifolia|c_ramosa|c_omeiensis|c_groenlandica|c_asplenifolia|c_teeta|c_deltoidea|c_brevisepala|c_trifoliolata,GGCACATCTGAGATCACCAAATG,TCCCTGGAGAGATGGTTCACTAA,59.934,60.246,1305,TTAGTGAACCATCTCTCCAGGGA
7,c_chinensis|c_quinquesecta|c_quinquefolia|c_trifolia|c_ramosa|c_omeiensis|c_groenlandica|c_asplenifolia|c_teeta|c_deltoidea|c_brevisepala|c_trifoliolata,CCACAACAGCTAGAGGAGGATTT,CCGGCTAAGGAATGGGAAATCTT,60.055,60.688,688,AAGATTTCCCATTCCTTAGCCGG
8,c_chinensis|c_quinquesecta|c_quinquefolia|c_trifolia|c_ramosa|c_omeiensis|c_groenlandica|c_asplenifolia|c_teeta|c_deltoidea|c_brevisepala|c_trifoliolata,GATCACCAAATGCTCGGGAGTTA,GTTCGCGACCCAGGATTCTATTT,60.682,60.988,536,AAATAGAATCCTGGGTCGCGAAC
9,c_chinensis|c_quinquesecta|c_quinquefolia|c_trifolia|c_ramosa|c_omeiensis|c_groenlandica|c_asplenifolia|c_teeta|c_deltoidea|c_brevisepala|c_trifoliolata,TGAACAACCGGGATCAGTTTACT,CAGCTCCGTATCAAGGTCATCAT,59.928,60.244,430,ATGATGACCTTGATACGGAGCTG
10,c_chinensis|c_quinquesecta|c_quinquefolia|c_trifolia|c_ramosa|c_omeiensis|c_groenlandica|c_asplenifolia|c_teeta|c_deltoidea|c_brevisepala|c_trifoliolata,CCTTGATACGGAGCTGCTAACTA,GCCATATTCTAGGAGCCCAAACT,59.682,60.181,1160,AGTTTGGGCTCCTAGAATATGGC
11,c_chinensis|c_quinquesecta|c_quinquefolia|c_trifolia|c_ramosa|c_omeiensis|c_groenlandica|c_asplenifolia|c_teeta|c_deltoidea|c_brevisepala|c_trifoliolata,CTCTTTGTTTCCCGAGCCTCTAG,ACTGATCCCGGTTGTTCAATCAT,60.677,60.308,614,ATGATTGAACAACCGGGATCAGT
12,c_chinensis|c_quinquesecta|c_quinquefolia|c_trifolia|c_ramosa|c_omeiensis|c_groenlandica|c_asplenifolia|c_teeta|c_deltoidea|c_brevisepala|c_trifoliolata,CCATCTCTCCAGGGATTGTGAAA,TCCAAGCTCGAAGTACCATTTGT,60.054,60.244,544,ACAAATGGTACTTCGAGCTTGGA
13,c_chinensis|c_quinquesecta|c_quinquefolia|c_trifolia|c_ramosa|c_omeiensis|c_groenlandica|c_asplenifolia|c_teeta|c_deltoidea|c_brevisepala|c_trifoliolata,TAATGAGTCACCCGTTCCATTGA,AGTGCTTTCGTTGTTGTGGAATAA,59.738,59.663,1478,TTATTCCACAACAACGAAAGCACT
14,c_chinensis|c_quinquesecta|c_quinquefolia|c_trifolia|c_ramosa|c_omeiensis|c_groenlandica|c_asplenifolia|c_teeta|c_deltoidea|c_brevisepala|c_trifoliolata,CCTTACTTCGACAGGGTGCAAATA,ACGAACGAGATATCCAGCAACAA,60.862,60.368,358,TTGTTGCTGGATATCTCGTTCGT
15,c_chinensis|c_quinquesecta|c_quinquefolia|c_trifolia|c_ramosa|c_omeiensis|c_groenlandica|c_asplenifolia|c_teeta|c_deltoidea|c_brevisepala|c_trifoliolata,ATTCGATTGATTGGTCCGAGGTT,ACCTGTGACTCGATTGGTGAAAT,60.371,60.245,694,ATTTCACCAATCGAGTCACAGGT
16,c_chinensis|c_quinquesecta|c_quinquefolia|c_trifolia|c_ramosa|c_omeiensis|c_groenlandica|c_asplenifolia|c_teeta|c_deltoidea|c_brevisepala|c_trifoliolata,TGCTGGATATCTCGTTCGTACAC,CGTCATAGTTAGCAGCTCCGTAT,60.243,60.058,1066,ATACGGAGCTGCTAACTATGACG
17,c_chinensis|c_quinquesecta|c_quinquefolia|c_trifolia|c_ramosa|c_omeiensis|c_groenlandica|c_asplenifolia|c_teeta|c_deltoidea|c_brevisepala|c_trifoliolata,GTGAACCATCTCTCCAGGGATTG,ATCTGCAGGGTCCCAAATGAATT,60.684,60.567,1206,AATTCATTTGGGACCCTGCAGAT
18,c_chinensis|c_quinquesecta|c_quinquefolia|c_trifolia|c_ramosa|c_omeiensis|c_groenlandica|c_asplenifolia|c_teeta|c_deltoidea|c_brevisepala|c_trifoliolata,TTTCACCAATCGAGTCACAGGTA,ACTGATGCAAGTTCTTCCCTTCT,59.677,59.926,261,AGAAGGGAAGAACTTGCATCAGT
19,c_chinensis|c_quinquesecta|c_quinquefolia|c_trifolia|c_ramosa|c_omeiensis|c_groenlandica|c_asplenifolia|c_teeta|c_deltoidea|c_brevisepala|c_trifoliolata,GCAGTACCAGACACGAGATAGAT,CCGGTCAATTCTGTTCCACTTAATC,59.434,60.164,528,GATTAAGTGGAACAGAATTGACCGG
20,c_chinensis|c_quinquesecta|c_quinquefolia|c_trifolia|c_ramosa|c_omeiensis|c_groenlandica|c_asplenifolia|c_teeta|c_deltoidea|c_brevisepala|c_trifoliolata,CCAAATGCTCGGGAGTTACTCTA,TGATCCCGGTTGTTCAATCATTTG,59.868,60.082,687,CAAATGATTGAACAACCGGGATCA
21,c_chinensis|c_quinquesecta|c_quinquefolia|c_trifolia|c_ramosa|c_omeiensis|c_groenlandica|c_asplenifolia|c_teeta|c_deltoidea|c_brevisepala|c_trifoliolata,AGCAACAACATAATGAAGGCAGTC,ACCTCGGACCAATCAATCGAATA,60.083,59.613,428,TATTCGATTGATTGGTCCGAGGT
22,c_chinensis|c_quinquesecta|c_quinquefolia|c_trifolia|c_ramosa|c_omeiensis|c_groenlandica|c_asplenifolia|c_teeta|c_deltoidea|c_brevisepala|c_trifoliolata,TTCATAGGTCCGAGATCCACATC,AGATATTTGCACCCTGTCGAAGT,59.426,60.055,1048,ACTTCGACAGGGTGCAAATATCT
23,c_chinensis|c_quinquesecta|c_quinquefolia|c_trifolia|c_ramosa|c_omeiensis|c_groenlandica|c_asplenifolia|c_teeta|c_deltoidea|c_brevisepala|c_trifoliolata,AGCGACAAACTCCTATGTTCCTT,TTTCACAATCCCTGGAGAGATGG,59.992,60.054,350,CCATCTCTCCAGGGATTGTGAAA
24,c_chinensis|c_quinquesecta|c_quinquefolia|c_trifolia|c_ramosa|c_omeiensis|c_groenlandica|c_asplenifolia|c_teeta|c_deltoidea|c_brevisepala|c_trifoliolata,ATTCCACAACAACGAAAGCACTT,CCGAAATGACCTGGCCCAATAG,59.870,61.330,909,CTATTGGGCCAGGTCATTTCGG
25,c_chinensis|c_quinquesecta|c_quinquefolia|c_trifolia|c_ramosa|c_omeiensis|c_groenlandica|c_asplenifolia|c_teeta|c_deltoidea|c_brevisepala|c_trifoliolata,TCTTGGTTCAGTTCTCCACCTTAA,CCTTTAGGCTTGTCATCCAGGAA,59.589,60.308,454,TTCCTGGATGACAAGCCTAAAGG
26,c_chinensis|c_quinquesecta|c_quinquefolia|c_trifolia|c_ramosa|c_omeiensis|c_groenlandica|c_asplenifolia|c_teeta|c_deltoidea|c_brevisepala|c_trifoliolata,ACCTAGCGACAAACTCCTATGTT,AAAGTGCTTTCGTTGTTGTGGAA,59.486,60.057,494,TTCCACAACAACGAAAGCACTTT
27,c_chinensis|c_quinquesecta|c_quinquefolia|c_trifolia|c_ramosa|c_omeiensis|c_groenlandica|c_asplenifolia|c_teeta|c_deltoidea|c_brevisepala|c_trifoliolata,GATTGAACAACCGGGATCAGTTT,CATTGGGCCTTTCGATACAATCA,59.494,59.368,1619,TGATTGTATCGAAAGGCCCAATG
28,c_chinensis|c_quinquesecta|c_quinquefolia|c_trifolia|c_ramosa|c_omeiensis|c_groenlandica|c_asplenifolia|c_teeta|c_deltoidea|c_brevisepala|c_trifoliolata,GTCCGAATGATCAACTCTGCAATC,ATTTGCACCCTGTCGAAGTAAGG,60.261,61.118,1008,CCTTACTTCGACAGGGTGCAAAT
29,c_chinensis|c_quinquesecta|c_quinquefolia|c_trifolia|c_ramosa|c_omeiensis|c_groenlandica|c_asplenifolia|c_teeta|c_deltoidea|c_brevisepala|c_trifoliolata,ATGATTCGGAGTTCTTGCAGAGT,TCTCTGGCGATGAATCAACAATT,60.056,58.736,299,AATTGTTGATTCATCGCCAGAGA
30,c_chinensis|c_quinquesecta|c_quinquefolia|c_trifolia|c_ramosa|c_omeiensis|c_groenlandica|c_asplenifolia|c_teeta|c_deltoidea|c_brevisepala|c_trifoliolata,TGATACGGAGCTGCTAACTATGA,CAATCCCTGGAGAGATGGTTCAC,58.858,60.684,204,GTGAACCATCTCTCCAGGGATTG
31,c_chinensis|c_quinquesecta|c_quinquefolia|c_trifolia|c_ramosa|c_omeiensis|c_groenlandica|c_asplenifolia|c_teeta|c_deltoidea|c_brevisepala|c_trifoliolata,TGCCGATACTAAGTAGCAGTCAAA,TAGAGTAACTCCCGAGCATTTGG,59.841,59.868,253,CCAAATGCTCGGGAGTTACTCTA
32,c_chinensis|c_quinquesecta|c_quinquefolia|c_trifolia|c_ramosa|c_omeiensis|c_groenlandica|c_asplenifolia|c_teeta|c_deltoidea|c_brevisepala|c_trifoliolata,GGAGCTGCTAACTATGACGAATG,CGAAGAAGCAATGTCACTCGATC,59.262,60.000,969,GATCGAGTGACATTGCTTCTTCG
33,c_chinensis|c_quinquesecta|c_quinquefolia|c_trifolia|c_ramosa|c_omeiensis|c_groenlandica|c_asplenifolia|c_teeta|c_deltoidea|c_brevisepala|c_trifoliolata,ACGGCAGATGTATAGAACCTTTCA,CAATGGAACGGGTGACTCATTATTT,59.838,59.875,358,AAATAATGAGTCACCCGTTCCATTG
34,c_chinensis|c_quinquesecta|c_quinquefolia|c_trifolia|c_ramosa|c_omeiensis|c_groenlandica|c_asplenifolia|c_teeta|c_deltoidea|c_brevisepala|c_trifoliolata,TCTCTCCAGGGATTGTGAAAGAT,GTGCTACAAGATCTCGTGCATTG,58.893,60.242,266,CAATGCACGAGATCTTGTAGCAC
35,c_chinensis|c_quinquesecta|c_quinquefolia|c_trifolia|c_ramosa|c_omeiensis|c_groenlandica|c_asplenifolia|c_teeta|c_deltoidea|c_brevisepala|c_trifoliolata,TCACATAGTTTGGGCTCCTAGAA,TATCTCGTGTCTGGTACTGCATG,58.899,59.933,200,CATGCAGTACCAGACACGAGATA
36,c_chinensis|c_quinquesecta|c_quinquefolia|c_trifolia|c_ramosa|c_omeiensis|c_groenlandica|c_asplenifolia|c_teeta|c_deltoidea|c_brevisepala|c_trifoliolata,GGTTCAGTTCTCCACCTTAACGA,CCCTGGAGAGATGGTTCACTAATAG,60.244,59.988,722,CTATTAGTGAACCATCTCTCCAGGG
37,c_chinensis|c_quinquesecta|c_quinquefolia|c_trifolia|c_ramosa|c_omeiensis|c_groenlandica|c_asplenifolia|c_teeta|c_deltoidea|c_brevisepala|c_trifoliolata,TGTTGCTGGATATCTCGTTCGTA,TCGTTAAGGTGGAGAACTGAACC,59.621,60.244,545,GGTTCAGTTCTCCACCTTAACGA
38,c_chinensis|c_quinquesecta|c_quinquefolia|c_trifolia|c_ramosa|c_omeiensis|c_groenlandica|c_asplenifolia|c_teeta|c_deltoidea|c_brevisepala|c_trifoliolata,CCATTCATAGGTCCGAGATCCAC,TCGAAGTAAGGAACCATGGCATAT,60.306,59.897,1035,ATATGCCATGGTTCCTTACTTCGA
39,c_chinensis|c_quinquesecta|c_quinquefolia|c_trifolia|c_ramosa|c_omeiensis|c_groenlandica|c_asplenifolia|c_teeta|c_deltoidea|c_brevisepala|c_trifoliolata,TCACCCTTCCATTCGAATTAGCA,CGTTCCAAGCTCGAAGTACCATT,60.055,61.168,662,AATGGTACTTCGAGCTTGGAACG
40,c_chinensis|c_quinquesecta|c_quinquefolia|c_trifolia|c_ramosa|c_omeiensis|c_groenlandica|c_asplenifolia|c_teeta|c_deltoidea|c_brevisepala|c_trifoliolata,ACAAATGGTACTTCGAGCTTGGA,AAATCCTCCTCTAGCTGTTGTGG,60.244,60.055,415,CCACAACAGCTAGAGGAGGATTT
41,c_chinensis|c_quinquesecta|c_quinquefolia|c_trifolia|c_ramosa|c_omeiensis|c_groenlandica|c_asplenifolia|c_teeta|c_deltoidea|c_brevisepala|c_trifoliolata,CGAAATAATGAGTCACCCGTTCC,TAGCAGCTCCGTATCAAGGTCAT,59.691,61.256,1152,ATGACCTTGATACGGAGCTGCTA
42,c_chinensis|c_quinquesecta|c_quinquefolia|c_trifolia|c_ramosa|c_omeiensis|c_groenlandica|c_asplenifolia|c_teeta|c_deltoidea|c_brevisepala|c_trifoliolata,TGAAAGGTCCGAATGATCAACTCT,GTAACTCCCGAGCATTTGGTGAT,60.020,60.931,1302,ATCACCAAATGCTCGGGAGTTAC
43,c_chinensis|c_quinquesecta|c_quinquefolia|c_trifolia|c_ramosa|c_omeiensis|c_groenlandica|c_asplenifolia|c_teeta|c_deltoidea|c_brevisepala|c_trifoliolata,GATCGAGTGACATTGCTTCTTCG,ACAAGGGTGCCATATTCTAGGAG,60.000,59.607,213,CTCCTAGAATATGGCACCCTTGT
44,c_chinensis|c_quinquesecta|c_quinquefolia|c_trifolia|c_ramosa|c_omeiensis|c_groenlandica|c_asplenifolia|c_teeta|c_deltoidea|c_brevisepala|c_trifoliolata,AATGATTGAACAACCGGGATCAG,CTCCGTATCAAGGTCATCATCGA,59.304,59.747,433,TCGATGATGACCTTGATACGGAG
45,c_chinensis|c_quinquesecta|c_quinquefolia|c_trifolia|c_ramosa|c_omeiensis|c_groenlandica|c_asplenifolia|c_teeta|c_deltoidea|c_brevisepala|c_trifoliolata,CGATTGATTGGTCCGAGGTTGTC,CTAGAGGCTCGGGAAACAAAGAG,61.771,60.677,1519,CTCTTTGTTTCCCGAGCCTCTAG
46,c_chinensis|c_quinquesecta|c_quinquefolia|c_trifolia|c_ramosa|c_omeiensis|c_groenlandica|c_asplenifolia|c_teeta|c_deltoidea|c_brevisepala|c_trifoliolata,GCGTCGAGAATTCTTTGCAGATC,TCCCTCTTTCATAGCCACATATCT,60.543,58.842,379,AGATATGTGGCTATGAAAGAGGGA
47,c_chinensis|c_quinquesecta|c_quinquefolia|c_trifolia|c_ramosa|c_omeiensis|c_groenlandica|c_asplenifolia|c_teeta|c_deltoidea|c_brevisepala|c_trifoliolata,CCGGGATCAGTTTACTTACGATACT,AGGAGTTTGTCGCTAGGTATTTGA,59.991,59.778,283,TCAAATACCTAGCGACAAACTCCT
48,c_chinensis|c_quinquesecta|c_quinquefolia|c_trifolia|c_ramosa|c_omeiensis|c_groenlandica|c_asplenifolia|c_teeta|c_deltoidea|c_brevisepala|c_trifoliolata,ACAATTCGATCCGCTCTTCATAAA,AATTCATTGGGCCTTTCGATACA,58.884,58.723,689,TGTATCGAAAGGCCCAATGAATT
49,c_chinensis|c_quinquesecta|c_quinquefolia|c_trifolia|c_ramosa|c_omeiensis|c_groenlandica|c_asplenifolia|c_teeta|c_deltoidea|c_brevisepala|c_trifoliolata,TGACCTTGATACGGAGCTGCTAA,GCATCTTTCACAATCCCTGGAGA,61.441,60.623,220,TCTCCAGGGATTGTGAAAGATGC
50,c_chinensis|c_quinquesecta|c_quinquefolia|c_trifolia|c_ramosa|c_omeiensis|c_groenlandica|c_asplenifolia|c_teeta|c_deltoidea|c_brevisepala|c_trifoliolata,TCCCTCGGTCTATTAGTGAACCA,TGGGCCTTTCGATACAATCAAAT,60.309,58.723,1030,ATTTGATTGTATCGAAAGGCCCA
51,c_chinensis|c_quinquesecta|c_quinquefolia|c_trifolia|c_ramosa|c_omeiensis|c_groenlandica|c_asplenifolia|c_teeta|c_deltoidea|c_brevisepala|c_trifoliolata,GATGATGACCTTGATACGGAGCT,TGAAGAGCGGATCGAATTGTATT,59.994,58.307,545,AATACAATTCGATCCGCTCTTCA
52,c_chinensis|c_quinquesecta|c_quinquefolia|c_trifolia|c_ramosa|c_omeiensis|c_groenlandica|c_asplenifolia|c_teeta|c_deltoidea|c_brevisepala|c_trifoliolata,ACCAATCGAGTCACAGGTATCTAAC,TGCAAGTTCTTCCCTTCTGAATCA,60.164,60.446,252,TGATTCAGAAGGGAAGAACTTGCA
53,c_chinensis|c_quinquesecta|c_quinquefolia|c_trifolia|c_ramosa|c_omeiensis|c_groenlandica|c_asplenifolia|c_teeta|c_deltoidea|c_brevisepala|c_trifoliolata,TGATTGTATCGAAAGGCCCAATG,CGGATGGAGTATTAGAACGGAAAGA,59.368,60.221,458,TCTTTCCGTTCTAATACTCCATCCG
54,c_chinensis|c_quinquesecta|c_quinquefolia|c_trifolia|c_ramosa|c_omeiensis|c_groenlandica|c_asplenifolia|c_teeta|c_deltoidea|c_brevisepala|c_trifoliolata,CAACCGGGATCAGTTTACTTACG,TAGTTAGCAGCTCCGTATCAAGG,59.385,59.682,433,CCTTGATACGGAGCTGCTAACTA
55,c_chinensis|c_quinquesecta|c_quinquefolia|c_trifolia|c_ramosa|c_omeiensis|c_groenlandica|c_asplenifolia|c_teeta|c_deltoidea|c_brevisepala|c_trifoliolata,AGACATTTCTGGAACACCTCTAACA,AGCACTATCTCGTTGAAAGGTTCT,59.928,60.021,265,AGAACCTTTCAACGAGATAGTGCT
56,c_chinensis|c_quinquesecta|c_quinquefolia|c_trifolia|c_ramosa|c_omeiensis|c_groenlandica|c_asplenifolia|c_teeta|c_deltoidea|c_brevisepala|c_trifoliolata,GGGTTCCAATGCACGAGATCTT,TCTAGGAGCCCAAACTATGTGATT,60.941,59.278,724,AATCACATAGTTTGGGCTCCTAGA
57,c_chinensis|c_quinquesecta|c_quinquefolia|c_trifolia|c_ramosa|c_omeiensis|c_groenlandica|c_asplenifolia|c_teeta|c_deltoidea|c_brevisepala|c_trifoliolata,TCCTTCTTCTTGTTGCTGGATATCT,GACCACCACCCAATAGCATGTT,59.809,60.884,276,AACATGCTATTGGGTGGTGGTC
58,c_chinensis|c_quinquesecta|c_quinquefolia|c_trifolia|c_ramosa|c_omeiensis|c_groenlandica|c_asplenifolia|c_teeta|c_deltoidea|c_brevisepala|c_trifoliolata,TCCACATCACTTCTGGTTCTATTGT,TGGAGTGTGAATCAAACCCATGT,59.987,60.436,478,ACATGGGTTTGATTCACACTCCA
59,c_chinensis|c_quinquesecta|c_quinquefolia|c_trifolia|c_ramosa|c_omeiensis|c_groenlandica|c_asplenifolia|c_teeta|c_deltoidea|c_brevisepala|c_trifoliolata,ACAACATAATGAAGGCAGTCAATCA,TGTGGATCTCGGACCTATGAATG,59.288,59.678,534,CATTCATAGGTCCGAGATCCACA
60,c_chinensis|c_quinquesecta|c_quinquefolia|c_trifolia|c_ramosa|c_omeiensis|c_groenlandica|c_asplenifolia|c_teeta|c_deltoidea|c_brevisepala|c_trifoliolata,CTCCTAGAATATGGCACCCTTGT,AGCCATCTCTTTCTCAACAATGT,59.607,58.340,580,ACATTGTTGAGAAAGAGATGGCT
61,c_chinensis|c_quinquesecta|c_quinquefolia|c_trifolia|c_ramosa|c_omeiensis|c_groenlandica|c_asplenifolia|c_teeta|c_deltoidea|c_brevisepala|c_trifoliolata,CTTCGACAGGGTGCAAATATCTAAA,ATATCAATGGAACGGGTGACTCA,59.415,59.546,270,TGAGTCACCCGTTCCATTGATAT
62,c_chinensis|c_quinquesecta|c_quinquefolia|c_trifolia|c_ramosa|c_omeiensis|c_groenlandica|c_asplenifolia|c_teeta|c_deltoidea|c_brevisepala|c_trifoliolata,TATATCACGGCCAATTCCTCAGA,ACGAGATATCCAGCAACAAGAAGA,59.099,59.840,228,TCTTCTTGTTGCTGGATATCTCGT
63,c_chinensis|c_quinquesecta|c_quinquefolia|c_trifolia|c_ramosa|c_omeiensis|c_groenlandica|c_asplenifolia|c_teeta|c_deltoidea|c_brevisepala|c_trifoliolata,ATCCGCTCCATTCGTTCGTAGA,AGGTTCTATACATCTGCCGTTTCT,61.584,59.594,287,AGAAACGGCAGATGTATAGAACCT
64,c_chinensis|c_quinquesecta|c_quinquefolia|c_trifolia|c_ramosa|c_omeiensis|c_groenlandica|c_asplenifolia|c_teeta|c_deltoidea|c_brevisepala|c_trifoliolata,GGGATTGTGAAAGATGCTCCACTA,ACAAGATCTCGTGCATTGGAACC,60.626,61.423,253,GGTTCCAATGCACGAGATCTTGT
