ID,SEQUENCE_ID,PRIMER_LEFT_SEQUENCE,PRIMER_RIGHT_SEQUENCE,PRIMER_LEFT_TM,PRIMER_RIGHT_TM,LENGTH_INTERMEDIATE_SEQUENCE,REV_RIGHT_SEQUENCE
1,c_quinquefolia|c_chinensis|c_groenlandica|c_asplenifolia|c_brevisepala|c_deltoidea|c_trifolia|c_quinquesecta|c_ramosa|c_trifoliolata|c_teeta|c_omeiensis,GTGATCTGCTGCCGAACTTATTC,CCTTCAGAGACTGCGAGTGTAAT,59.998,60.119,1939,ATTACACTCGCAGTCTCTGAAGG
2,c_quinquefolia|c_chinensis|c_groenlandica|c_asplenifolia|c_brevisepala|c_deltoidea|c_trifolia|c_quinquesecta|c_ramosa|c_trifoliolata|c_teeta|c_omeiensis,ATTCCAGTTGACCGAGCCTAATT,CCCGTAACCCAGCAGATAAAGTA,60.054,59.867,285,TACTTTATCTGCTGGGTTACGGG
3,c_quinquefolia|c_chinensis|c_groenlandica|c_asplenifolia|c_brevisepala|c_deltoidea|c_trifolia|c_quinquesecta|c_ramosa|c_trifoliolata|c_teeta|c_omeiensis,CTGCCATCCACACCAGAATAGAT,GAGTGCGGTTCGTTCGATAAATT,60.181,59.938,1207,AATTTATCGAACGAACCGCACTC
4,c_quinquefolia|c_chinensis|c_groenlandica|c_asplenifolia|c_brevisepala|c_deltoidea|c_trifolia|c_quinquesecta|c_ramosa|c_trifoliolata|c_teeta|c_omeiensis,CCTGACCCTGCTTCACCTTAATT,GGCTTGGAGGGAGATCTTTCATA,60.562,59.607,1766,TATGAAAGATCTCCCTCCAAGCC
5,c_quinquefolia|c_chinensis|c_groenlandica|c_asplenifolia|c_brevisepala|c_deltoidea|c_trifolia|c_quinquesecta|c_ramosa|c_trifoliolata|c_teeta|c_omeiensis,CCGATGAAATGGTGGTTGCTATC,ATTCCAGCCTTCCTTCTCCTTTC,59.996,60.309,287,GAAAGGAGAAGGAAGGCTGGAAT
6,c_quinquefolia|c_chinensis|c_groenlandica|c_asplenifolia|c_brevisepala|c_deltoidea|c_trifolia|c_quinquesecta|c_ramosa|c_trifoliolata|c_teeta|c_omeiensis,GGCCGTTTCGTCCTATTCAGATA,CACGAAATCTTGGCGATCTTCTC,60.244,59.999,373,GAGAAGATCGCCAAGATTTCGTG
7,c_quinquefolia|c_chinensis|c_groenlandica|c_asplenifolia|c_brevisepala|c_deltoidea|c_trifolia|c_quinquesecta|c_ramosa|c_trifoliolata|c_teeta|c_omeiensis,TCAGCGGTTGTGAATGACTTACT,GGGAGAGATCGAGCTTCAAGAAA,60.244,60.119,658,TTTCTTGAAGCTCGATCTCTCCC
8,c_quinquefolia|c_chinensis|c_groenlandica|c_asplenifolia|c_brevisepala|c_deltoidea|c_trifolia|c_quinquesecta|c_ramosa|c_trifoliolata|c_teeta|c_omeiensis,CCAGTTGACCGAGCCTAATTCTA,GGGCTGCTGGAATTGGAATAAGT,59.868,61.194,463,ACTTATTCCAATTCCAGCAGCCC
9,c_quinquefolia|c_chinensis|c_groenlandica|c_asplenifolia|c_brevisepala|c_deltoidea|c_trifolia|c_quinquesecta|c_ramosa|c_trifoliolata|c_teeta|c_omeiensis,GGGCCGCTATGCTCATTATTAAA,AGGTCCGAGTCAAATAGCAATGA,59.244,59.802,1253,TCATTGCTATTTGACTCGGACCT
10,c_quinquefolia|c_chinensis|c_groenlandica|c_asplenifolia|c_brevisepala|c_deltoidea|c_trifolia|c_quinquesecta|c_ramosa|c_trifoliolata|c_teeta|c_omeiensis,TGCTGCCGAACTTATTCCAATTC,CGACTCGGGCTTATATGACATGA,59.871,60.058,359,TCATGTCATATAAGCCCGAGTCG
11,c_quinquefolia|c_chinensis|c_groenlandica|c_asplenifolia|c_brevisepala|c_deltoidea|c_trifolia|c_quinquesecta|c_ramosa|c_trifoliolata|c_teeta|c_omeiensis,TTGATTACCTTCCTCGCGTATGT,CCACTCGGACCAAGACATAACTT,59.868,60.307,491,AAGTTATGTCTTGGTCCGAGTGG
12,c_quinquefolia|c_chinensis|c_groenlandica|c_asplenifolia|c_brevisepala|c_deltoidea|c_trifolia|c_quinquesecta|c_ramosa|c_trifoliolata|c_teeta|c_omeiensis,GATCGCCGGAATACTTCGTATCA,GATGGATCCCTACGTCGTTACAT,60.366,59.745,516,ATGTAACGACGTAGGGATCCATC
13,c_quinquefolia|c_chinensis|c_groenlandica|c_asplenifolia|c_brevisepala|c_deltoidea|c_trifolia|c_quinquesecta|c_ramosa|c_trifoliolata|c_teeta|c_omeiensis,CGCCTCATTAGACCGTACATCTC,TTTCGGAAACCCAAGGACTCAAT,60.610,60.436,1520,ATTGAGTCCTTGGGTTTCCGAAA
14,c_quinquefolia|c_chinensis|c_groenlandica|c_asplenifolia|c_brevisepala|c_deltoidea|c_trifolia|c_quinquesecta|c_ramosa|c_trifoliolata|c_teeta|c_omeiensis,GCCAAAGTCACTGAATGGGTAAG,GATCACGAAATCTTGGCGATCTT,59.809,59.442,225,AAGATCGCCAAGATTTCGTGATC
15,c_quinquefolia|c_chinensis|c_groenlandica|c_asplenifolia|c_brevisepala|c_deltoidea|c_trifolia|c_quinquesecta|c_ramosa|c_trifoliolata|c_teeta|c_omeiensis,AAAGGAGAAGGAAGGCTGGAATG,TCCTTACGAGCGTTGTTTCTATCT,60.563,59.843,1325,AGATAGAAACAACGCTCGTAAGGA
16,c_quinquefolia|c_chinensis|c_groenlandica|c_asplenifolia|c_brevisepala|c_deltoidea|c_trifolia|c_quinquesecta|c_ramosa|c_trifoliolata|c_teeta|c_omeiensis,GTCGCCTCATTAGACCGTACAT,AACCCAAGGACTCAATCGTATGG,59.966,60.371,1515,CCATACGATTGAGTCCTTGGGTT
17,c_quinquefolia|c_chinensis|c_groenlandica|c_asplenifolia|c_brevisepala|c_deltoidea|c_trifolia|c_quinquesecta|c_ramosa|c_trifoliolata|c_teeta|c_omeiensis,GATCTCCCTCCAAGCCGTACATA,AGAACAGGTCCGAGTCAAATAGC,61.317,60.369,246,GCTATTTGACTCGGACCTGTTCT
18,c_quinquefolia|c_chinensis|c_groenlandica|c_asplenifolia|c_brevisepala|c_deltoidea|c_trifolia|c_quinquesecta|c_ramosa|c_trifoliolata|c_teeta|c_omeiensis,GAGTCTCGCGTGTCTACCATTTC,TGCTTGCATATTCGTCCATAGGT,61.272,60.181,1159,ACCTATGGACGAATATGCAAGCA
19,c_quinquefolia|c_chinensis|c_groenlandica|c_asplenifolia|c_brevisepala|c_deltoidea|c_trifolia|c_quinquesecta|c_ramosa|c_trifoliolata|c_teeta|c_omeiensis,CGACGTAGGGATCCATCTGTAAA,GGGTCAGGAACAACGAATCTCTT,59.683,60.557,1528,AAGAGATTCGTTGTTCCTGACCC
20,c_quinquefolia|c_chinensis|c_groenlandica|c_asplenifolia|c_brevisepala|c_deltoidea|c_trifolia|c_quinquesecta|c_ramosa|c_trifoliolata|c_teeta|c_omeiensis,ACTGAATGGGTAAGTCGCCAATC,GAATAAGTTCGGCAGCAGATCAC,60.931,59.998,233,GTGATCTGCTGCCGAACTTATTC
21,c_quinquefolia|c_chinensis|c_groenlandica|c_asplenifolia|c_brevisepala|c_deltoidea|c_trifolia|c_quinquesecta|c_ramosa|c_trifoliolata|c_teeta|c_omeiensis,AATTTATCGAACGAACCGCACTC,AGGAGGGAAACGGATACTCAATTT,59.938,59.772,1714,AAATTGAGTATCCGTTTCCCTCCT
22,c_quinquefolia|c_chinensis|c_groenlandica|c_asplenifolia|c_brevisepala|c_deltoidea|c_trifolia|c_quinquesecta|c_ramosa|c_trifoliolata|c_teeta|c_omeiensis,CTCGAACCTCCACGCTCTTTAG,TCAGAGACTGCGAGTGTAATAGG,60.733,59.372,1765,CCTATTACACTCGCAGTCTCTGA
23,c_quinquefolia|c_chinensis|c_groenlandica|c_asplenifolia|c_brevisepala|c_deltoidea|c_trifolia|c_quinquesecta|c_ramosa|c_trifoliolata|c_teeta|c_omeiensis,TGGAATGTAACGACGTAGGGATC,TGGTTCATGGTTTCTCTTGGCTATA,59.933,60.045,1911,TATAGCCAAGAGAAACCATGAACCA
24,c_quinquefolia|c_chinensis|c_groenlandica|c_asplenifolia|c_brevisepala|c_deltoidea|c_trifolia|c_quinquesecta|c_ramosa|c_trifoliolata|c_teeta|c_omeiensis,TCATCAGCGGTTGTGAATGACTT,CCGATGGAGAGAAGAACCTATGA,60.807,59.108,1048,TCATAGGTTCTTCTCTCCATCGG
25,c_quinquefolia|c_chinensis|c_groenlandica|c_asplenifolia|c_brevisepala|c_deltoidea|c_trifolia|c_quinquesecta|c_ramosa|c_trifoliolata|c_teeta|c_omeiensis,CTGCTCCCATAACGAATCATTGG,TCCCTACGTCGTTACATTCCATTT,59.748,60.082,1111,AAATGGAATGTAACGACGTAGGGA
26,c_quinquefolia|c_chinensis|c_groenlandica|c_asplenifolia|c_brevisepala|c_deltoidea|c_trifolia|c_quinquesecta|c_ramosa|c_trifoliolata|c_teeta|c_omeiensis,GTGGACGATTTCAAAGTGGACTC,AAGTCATTCACAACCGCTGATGA,59.813,60.807,1837,TCATCAGCGGTTGTGAATGACTT
27,c_quinquefolia|c_chinensis|c_groenlandica|c_asplenifolia|c_brevisepala|c_deltoidea|c_trifolia|c_quinquesecta|c_ramosa|c_trifoliolata|c_teeta|c_omeiensis,ATGCTCCTATTACACTCGCAGTC,TCATCAATGGACTCCTGACGTATAC,60.244,59.990,380,GTATACGTCAGGAGTCCATTGATGA
28,c_quinquefolia|c_chinensis|c_groenlandica|c_asplenifolia|c_brevisepala|c_deltoidea|c_trifolia|c_quinquesecta|c_ramosa|c_trifoliolata|c_teeta|c_omeiensis,TGGGCGGAACAGATAATTCTTTG,TTCACAACCGCTGATGAAGGATT,59.306,60.810,1047,AATCCTTCATCAGCGGTTGTGAA
29,c_quinquefolia|c_chinensis|c_groenlandica|c_asplenifolia|c_brevisepala|c_deltoidea|c_trifolia|c_quinquesecta|c_ramosa|c_trifoliolata|c_teeta|c_omeiensis,TAGCCAAGAGAAACCATGAACCA,TATGTACGGCTTGGAGGGAGATC,59.926,61.317,1415,GATCTCCCTCCAAGCCGTACATA
30,c_quinquefolia|c_chinensis|c_groenlandica|c_asplenifolia|c_brevisepala|c_deltoidea|c_trifolia|c_quinquesecta|c_ramosa|c_trifoliolata|c_teeta|c_omeiensis,TTCTCTTTCGGATAGGCCCTGAA,GGATCCCTACGTCGTTACATTCC,61.139,60.552,892,GGAATGTAACGACGTAGGGATCC
31,c_quinquefolia|c_chinensis|c_groenlandica|c_asplenifolia|c_brevisepala|c_deltoidea|c_trifolia|c_quinquesecta|c_ramosa|c_trifoliolata|c_teeta|c_omeiensis,GGCAGGAATTTATCGAACGAACC,GGAAACCCAAGGACTCAATCGTA,60.243,60.307,1783,TACGATTGAGTCCTTGGGTTTCC
32,c_quinquefolia|c_chinensis|c_groenlandica|c_asplenifolia|c_brevisepala|c_deltoidea|c_trifolia|c_quinquesecta|c_ramosa|c_trifoliolata|c_teeta|c_omeiensis,GCGTGTCTACCATTTCACCATCA,CAGGGTCAGGAACAACGAATCT,61.173,60.290,1872,AGATTCGTTGTTCCTGACCCTG
33,c_quinquefolia|c_chinensis|c_groenlandica|c_asplenifolia|c_brevisepala|c_deltoidea|c_trifolia|c_quinquesecta|c_ramosa|c_trifoliolata|c_teeta|c_omeiensis,CAGAAGAAGATGCCATTCGTTTGA,ACATACGCGAGGAAGGTAATCAA,59.845,59.868,260,TTGATTACCTTCCTCGCGTATGT
34,c_quinquefolia|c_chinensis|c_groenlandica|c_asplenifolia|c_brevisepala|c_deltoidea|c_trifolia|c_quinquesecta|c_ramosa|c_trifoliolata|c_teeta|c_omeiensis,GCCGTTTCGTCCTATTCAGATATTC,GCCCGTAACCCAGCAGATAAA,59.881,60.408,227,TTTATCTGCTGGGTTACGGGC
35,c_quinquefolia|c_chinensis|c_groenlandica|c_asplenifolia|c_brevisepala|c_deltoidea|c_trifolia|c_quinquesecta|c_ramosa|c_trifoliolata|c_teeta|c_omeiensis,TTGTAGGGTGGATCTGGAAAGAT,ACACTATTTCGGAAACCCAAGGA,58.888,59.927,229,TCCTTGGGTTTCCGAAATAGTGT
36,c_quinquefolia|c_chinensis|c_groenlandica|c_asplenifolia|c_brevisepala|c_deltoidea|c_trifolia|c_quinquesecta|c_ramosa|c_trifoliolata|c_teeta|c_omeiensis,ATCTGCTGCCGAACTTATTCCAA,TCGTCCATAGGTCAAATCGGATAT,60.622,59.229,1349,ATATCCGATTTGACCTATGGACGA
37,c_quinquefolia|c_chinensis|c_groenlandica|c_asplenifolia|c_brevisepala|c_deltoidea|c_trifolia|c_quinquesecta|c_ramosa|c_trifoliolata|c_teeta|c_omeiensis,GTCGACGGATCTTCTCAATTGGA,GCGACTTACCCATTCAGTGACTT,60.429,60.865,283,AAGTCACTGAATGGGTAAGTCGC
38,c_quinquefolia|c_chinensis|c_groenlandica|c_asplenifolia|c_brevisepala|c_deltoidea|c_trifolia|c_quinquesecta|c_ramosa|c_trifoliolata|c_teeta|c_omeiensis,ACTGGATTCTCTTTCGGATAGGC,ACGAATGGCATCTTCTTCTGGAA,59.930,60.308,1784,TTCCAGAAGAAGATGCCATTCGT
39,c_quinquefolia|c_chinensis|c_groenlandica|c_asplenifolia|c_brevisepala|c_deltoidea|c_trifolia|c_quinquesecta|c_ramosa|c_trifoliolata|c_teeta|c_omeiensis,GACCCTGCTTCACCTTAATTGTT,AAAGGAGGGAAACGGATACTCAA,59.173,59.414,1876,TTGAGTATCCGTTTCCCTCCTTT
40,c_quinquefolia|c_chinensis|c_groenlandica|c_asplenifolia|c_brevisepala|c_deltoidea|c_trifolia|c_quinquesecta|c_ramosa|c_trifoliolata|c_teeta|c_omeiensis,ACCTTCCTCGCGTATGTATAAGA,TCGTTCGATAAATTCCTGCCTCT,58.860,59.868,574,AGAGGCAGGAATTTATCGAACGA
41,c_quinquefolia|c_chinensis|c_groenlandica|c_asplenifolia|c_brevisepala|c_deltoidea|c_trifolia|c_quinquesecta|c_ramosa|c_trifoliolata|c_teeta|c_omeiensis,AGAGGCAGGAATTTATCGAACGA,TACGGCTTGGAGGGAGATCTTTC,59.868,61.756,1615,GAAAGATCTCCCTCCAAGCCGTA
42,c_quinquefolia|c_chinensis|c_groenlandica|c_asplenifolia|c_brevisepala|c_deltoidea|c_trifolia|c_quinquesecta|c_ramosa|c_trifoliolata|c_teeta|c_omeiensis,ACCTATGGACGAATATGCAAGCA,ACTCGGACCAAGACATAACTTTCT,60.181,59.716,819,AGAAAGTTATGTCTTGGTCCGAGT
43,c_quinquefolia|c_chinensis|c_groenlandica|c_asplenifolia|c_brevisepala|c_deltoidea|c_trifolia|c_quinquesecta|c_ramosa|c_trifoliolata|c_teeta|c_omeiensis,TCAGTTCCAGTACGTAGACCAAAT,TGCGGTTCGTTCGATAAATTCCT,59.475,60.924,1062,AGGAATTTATCGAACGAACCGCA
44,c_quinquefolia|c_chinensis|c_groenlandica|c_asplenifolia|c_brevisepala|c_deltoidea|c_trifolia|c_quinquesecta|c_ramosa|c_trifoliolata|c_teeta|c_omeiensis,GCCGGAATACTTCGTATCAACAG,GGCAGGCCTATATTTCTTGGTTTC,59.510,59.962,995,GAAACCAAGAAATATAGGCCTGCC
45,c_quinquefolia|c_chinensis|c_groenlandica|c_asplenifolia|c_brevisepala|c_deltoidea|c_trifolia|c_quinquesecta|c_ramosa|c_trifoliolata|c_teeta|c_omeiensis,CCTGCCATCCACACCAGAATA,GGGCAAGCTCTTCTATTCTGGTT,59.787,60.623,1421,AACCAGAATAGAAGAGCTTGCCC
46,c_quinquefolia|c_chinensis|c_groenlandica|c_asplenifolia|c_brevisepala|c_deltoidea|c_trifolia|c_quinquesecta|c_ramosa|c_trifoliolata|c_teeta|c_omeiensis,TGGCTTCGTCCAGTCATTAATAAC,TGGTCTACGTACTGGAACTGATAAC,59.126,59.876,264,GTTATCAGTTCCAGTACGTAGACCA
47,c_quinquefolia|c_chinensis|c_groenlandica|c_asplenifolia|c_brevisepala|c_deltoidea|c_trifolia|c_quinquesecta|c_ramosa|c_trifoliolata|c_teeta|c_omeiensis,TCCAGAAGAAGATGCCATTCGTT,ACCAAGAGAGATGTACGGTCTAATG,60.308,59.932,1096,CATTAGACCGTACATCTCTCTTGGT
48,c_quinquefolia|c_chinensis|c_groenlandica|c_asplenifolia|c_brevisepala|c_deltoidea|c_trifolia|c_quinquesecta|c_ramosa|c_trifoliolata|c_teeta|c_omeiensis,TTGGGTTCATTGAGATTCCTGGT,CTCATCAATGGACTCCTGACGTA,59.924,59.618,1460,TACGTCAGGAGTCCATTGATGAG
49,c_quinquefolia|c_chinensis|c_groenlandica|c_asplenifolia|c_brevisepala|c_deltoidea|c_trifolia|c_quinquesecta|c_ramosa|c_trifoliolata|c_teeta|c_omeiensis,TCTTCTCTCCATCGGAACAATAGG,GACCCATACATCTCGATCGGAAA,59.658,59.995,423,TTTCCGATCGAGATGTATGGGTC
50,c_quinquefolia|c_chinensis|c_groenlandica|c_asplenifolia|c_brevisepala|c_deltoidea|c_trifolia|c_quinquesecta|c_ramosa|c_trifoliolata|c_teeta|c_omeiensis,CGCGTATGTATAAGACCGAATCC,CAATTAAGGTGAAGCAGGGTCAG,59.150,59.558,413,CTGACCCTGCTTCACCTTAATTG
51,c_quinquefolia|c_chinensis|c_groenlandica|c_asplenifolia|c_brevisepala|c_deltoidea|c_trifolia|c_quinquesecta|c_ramosa|c_trifoliolata|c_teeta|c_omeiensis,GGTCATGTCATATAAGCCCGAGT,ACAGATGGATCCCTACGTCGTTA,59.993,60.686,233,TAACGACGTAGGGATCCATCTGT
52,c_quinquefolia|c_chinensis|c_groenlandica|c_asplenifolia|c_brevisepala|c_deltoidea|c_trifolia|c_quinquesecta|c_ramosa|c_trifoliolata|c_teeta|c_omeiensis,CTCCTATTACACTCGCAGTCTCT,CCCTTCTCATCAATGGACTCCTG,59.120,60.433,383,CAGGAGTCCATTGATGAGAAGGG
53,c_quinquefolia|c_chinensis|c_groenlandica|c_asplenifolia|c_brevisepala|c_deltoidea|c_trifolia|c_quinquesecta|c_ramosa|c_trifoliolata|c_teeta|c_omeiensis,TGGGTTCATTGAGATTCCTGGTATA,AGCCCTATGTCTCTTATCCCTAGG,59.330,60.265,307,CCTAGGGATAAGAGACATAGGGCT
54,c_quinquefolia|c_chinensis|c_groenlandica|c_asplenifolia|c_brevisepala|c_deltoidea|c_trifolia|c_quinquesecta|c_ramosa|c_trifoliolata|c_teeta|c_omeiensis,GAATCCTTCATCAGCGGTTGTGA,GGAGTGCGGTTCGTTCGATAA,61.175,60.733,511,TTATCGAACGAACCGCACTCC
55,c_quinquefolia|c_chinensis|c_groenlandica|c_asplenifolia|c_brevisepala|c_deltoidea|c_trifolia|c_quinquesecta|c_ramosa|c_trifoliolata|c_teeta|c_omeiensis,TTTCTTGAAGCTCGATCTCTCCC,TCTTTCCAGATCCACCCTACAAT,60.119,58.888,1422,ATTGTAGGGTGGATCTGGAAAGA
56,c_quinquefolia|c_chinensis|c_groenlandica|c_asplenifolia|c_brevisepala|c_deltoidea|c_trifolia|c_quinquesecta|c_ramosa|c_trifoliolata|c_teeta|c_omeiensis,CAGTTGACCGAGCCTAATTCTAATT,ACGAAATCTTGGCGATCTTCTCTAT,59.182,60.221,426,ATAGAGAAGATCGCCAAGATTTCGT
57,c_quinquefolia|c_chinensis|c_groenlandica|c_asplenifolia|c_brevisepala|c_deltoidea|c_trifolia|c_quinquesecta|c_ramosa|c_trifoliolata|c_teeta|c_omeiensis,ATCCGATTTGACCTATGGACGAA,CGGTCTTATACATACGCGAGGAA,59.613,60.059,372,TTCCTCGCGTATGTATAAGACCG
58,c_quinquefolia|c_chinensis|c_groenlandica|c_asplenifolia|c_brevisepala|c_deltoidea|c_trifolia|c_quinquesecta|c_ramosa|c_trifoliolata|c_teeta|c_omeiensis,GAGTGGGAGAGTCAGAGTCGAAA,ATCTTTCTGACTTGGTCCTACGG,61.368,59.804,286,CCGTAGGACCAAGTCAGAAAGAT
59,c_quinquefolia|c_chinensis|c_groenlandica|c_asplenifolia|c_brevisepala|c_deltoidea|c_trifolia|c_quinquesecta|c_ramosa|c_trifoliolata|c_teeta|c_omeiensis,GTAACGACGTAGGGATCCATCTG,CCCTCACGTGCGAAATTATAGAA,60.305,58.883,393,TTCTATAATTTCGCACGTGAGGG
60,c_quinquefolia|c_chinensis|c_groenlandica|c_asplenifolia|c_brevisepala|c_deltoidea|c_trifolia|c_quinquesecta|c_ramosa|c_trifoliolata|c_teeta|c_omeiensis,CAGGGTGGACGATTTCAAAGTG,ACCAGGAATCTCAATGAACCCAA,59.774,59.924,914,TTGGGTTCATTGAGATTCCTGGT
61,c_quinquefolia|c_chinensis|c_groenlandica|c_asplenifolia|c_brevisepala|c_deltoidea|c_trifolia|c_quinquesecta|c_ramosa|c_trifoliolata|c_teeta|c_omeiensis,ACGCCTATTCCTAAGCCTAAATG,TCAAACGAATGGCATCTTCTTCTG,58.358,59.845,935,CAGAAGAAGATGCCATTCGTTTGA
62,c_quinquefolia|c_chinensis|c_groenlandica|c_asplenifolia|c_brevisepala|c_deltoidea|c_trifolia|c_quinquesecta|c_ramosa|c_trifoliolata|c_teeta|c_omeiensis,TGTAGGGTGGATCTGGAAAGATATG,GGTCCGAGTCAAATAGCAATGATTC,59.692,60.278,268,GAATCATTGCTATTTGACTCGGACC
63,c_quinquefolia|c_chinensis|c_groenlandica|c_asplenifolia|c_brevisepala|c_deltoidea|c_trifolia|c_quinquesecta|c_ramosa|c_trifoliolata|c_teeta|c_omeiensis,TTCCTGACCCTGCTTCACCTTA,AACCTCTTTCACGCTCATGTCAC,61.030,61.354,1662,GTGACATGAGCGTGAAAGAGGTT
64,c_quinquefolia|c_chinensis|c_groenlandica|c_asplenifolia|c_brevisepala|c_deltoidea|c_trifolia|c_quinquesecta|c_ramosa|c_trifoliolata|c_teeta|c_omeiensis,CCTCGCGTATGTATAAGACCGAA,TTAAGGTGAAGCAGGGTCAGGAA,60.059,61.527,413,TTCCTGACCCTGCTTCACCTTAA
