ID,SEQUENCE_ID,PRIMER_LEFT_SEQUENCE,PRIMER_RIGHT_SEQUENCE,PRIMER_LEFT_TM,PRIMER_RIGHT_TM,LENGTH_INTERMEDIATE_SEQUENCE,REV_RIGHT_SEQUENCE
1,c_chinensis|c_quinquesecta|c_quinquefolia|c_trifolia|c_ramosa|c_omeiensis|c_groenlandica|c_asplenifolia|c_teeta|c_deltoidea|c_brevisepala|c_trifoliolata,TCTCTTCCCGAACCAAACATGAA,GGAGTGTGTGCGAGTTGTTTATT,60.181,59.750,672,AATAAACAACTCGCACACACTCC
2,c_chinensis|c_quinquesecta|c_quinquefolia|c_trifolia|c_ramosa|c_omeiensis|c_groenlandica|c_asplenifolia|c_teeta|c_deltoidea|c_brevisepala|c_trifoliolata,AATCGTTGACCTCTTGCCAATTG,CGGCTTCGGAATCTCGGTTAATT,60.057,61.290,883,AATTAACCGAGATTCCGAAGCCG
3,c_chinensis|c_quinquesecta|c_quinquefolia|c_trifolia|c_ramosa|c_omeiensis|c_groenlandica|c_asplenifolia|c_teeta|c_deltoidea|c_brevisepala|c_trifoliolata,AAAGGAGCCGAATGAAACCAAAG,AGTAGGATCTGCGGCTCAAATTA,59.994,59.612,878,TAATTTGAGCCGCAGATCCTACT
4,c_chinensis|c_quinquesecta|c_quinquefolia|c_trifolia|c_ramosa|c_omeiensis|c_groenlandica|c_asplenifolia|c_teeta|c_deltoidea|c_brevisepala|c_trifoliolata,AGGCTTCTAACTCTGCGAATTGA,ATGGGTGACGGTTTGATGATACA,60.056,60.055,958,TGTATCATCAAACCGTCACCCAT
5,c_chinensis|c_quinquesecta|c_quinquefolia|c_trifolia|c_ramosa|c_omeiensis|c_groenlandica|c_asplenifolia|c_teeta|c_deltoidea|c_brevisepala|c_trifoliolata,CTCACCGGTATCTGAGCAATTCT,TGTTTGGTTCGGGAAGAGATCAT,60.181,59.991,839,ATGATCTCTTCCCGAACCAAACA
6,c_chinensis|c_quinquesecta|c_quinquefolia|c_trifolia|c_ramosa|c_omeiensis|c_groenlandica|c_asplenifolia|c_teeta|c_deltoidea|c_brevisepala|c_trifoliolata,ACCGATCCATCTGTTCCTGAATAG,AGGATCTGCGGCTCAAATTAAAG,59.960,59.371,401,CTTTAATTTGAGCCGCAGATCCT
7,c_chinensis|c_quinquesecta|c_quinquefolia|c_trifolia|c_ramosa|c_omeiensis|c_groenlandica|c_asplenifolia|c_teeta|c_deltoidea|c_brevisepala|c_trifoliolata,AGTGCTACGACCAGTCCATAAAT,GGAGCTTACCATGAATCCACTGA,59.549,60.118,225,TCAGTGGATTCATGGTAAGCTCC
8,c_chinensis|c_quinquesecta|c_quinquefolia|c_trifolia|c_ramosa|c_omeiensis|c_groenlandica|c_asplenifolia|c_teeta|c_deltoidea|c_brevisepala|c_trifoliolata,TCGAAACTCATCCGCTTCCATTT,TCATGTTTGGTTCGGGAAGAGAT,60.868,59.991,207,ATCTCTTCCCGAACCAAACATGA
9,c_chinensis|c_quinquesecta|c_quinquefolia|c_trifolia|c_ramosa|c_omeiensis|c_groenlandica|c_asplenifolia|c_teeta|c_deltoidea|c_brevisepala|c_trifoliolata,CGTTGACCTCTTGCCAATTGATT,CGAGGCTTATTTGGGTCGTGTTA,60.057,60.924,945,TAACACGACCCAAATAAGCCTCG
10,c_chinensis|c_quinquesecta|c_quinquefolia|c_trifolia|c_ramosa|c_omeiensis|c_groenlandica|c_asplenifolia|c_teeta|c_deltoidea|c_brevisepala|c_trifoliolata,AATTTGAGCCGCAGATCCTACTC,TTGTGTTAATGGGTGACGGTTTG,60.743,59.933,899,CAAACCGTCACCCATTAACACAA
11,c_chinensis|c_quinquesecta|c_quinquefolia|c_trifolia|c_ramosa|c_omeiensis|c_groenlandica|c_asplenifolia|c_teeta|c_deltoidea|c_brevisepala|c_trifoliolata,TGATCTCTTCCCGAACCAAACAT,TTATGGACTGGTCGTAGCACTAG,59.991,59.369,1248,CTAGTGCTACGACCAGTCCATAA
12,c_chinensis|c_quinquesecta|c_quinquefolia|c_trifolia|c_ramosa|c_omeiensis|c_groenlandica|c_asplenifolia|c_teeta|c_deltoidea|c_brevisepala|c_trifoliolata,AATGCCATCGCCTACTTGAAGTA,GGTTCGGGAAGAGATCATGGAAT,60.118,60.181,649,ATTCCATGATCTCTTCCCGAACC
13,c_chinensis|c_quinquesecta|c_quinquefolia|c_trifolia|c_ramosa|c_omeiensis|c_groenlandica|c_asplenifolia|c_teeta|c_deltoidea|c_brevisepala|c_trifoliolata,TCCTCGGTGAATGTCTTGGTAGA,TTGCACAATTCGCTTCTGATCTT,60.816,59.497,268,AAGATCAGAAGCGAATTGTGCAA
14,c_chinensis|c_quinquesecta|c_quinquefolia|c_trifolia|c_ramosa|c_omeiensis|c_groenlandica|c_asplenifolia|c_teeta|c_deltoidea|c_brevisepala|c_trifoliolata,AGTGACCCAAGGAAACGAAAGAA,CGATTTATGGACTGGTCGTAGCA,60.371,60.490,479,TGCTACGACCAGTCCATAAATCG
15,c_chinensis|c_quinquesecta|c_quinquefolia|c_trifolia|c_ramosa|c_omeiensis|c_groenlandica|c_asplenifolia|c_teeta|c_deltoidea|c_brevisepala|c_trifoliolata,GGGCGATTCAATTAACCGAGATT,GCATTGCTCGTATTCATGGTCTT,59.436,59.686,287,AAGACCATGAATACGAGCAATGC
16,c_chinensis|c_quinquesecta|c_quinquefolia|c_trifolia|c_ramosa|c_omeiensis|c_groenlandica|c_asplenifolia|c_teeta|c_deltoidea|c_brevisepala|c_trifoliolata,TCATCAAACCGTCACCCATTAAC,CGTGAGAGCCAAATGAATCGAAA,59.246,59.875,813,TTTCGATTCATTTGGCTCTCACG
17,c_chinensis|c_quinquesecta|c_quinquefolia|c_trifolia|c_ramosa|c_omeiensis|c_groenlandica|c_asplenifolia|c_teeta|c_deltoidea|c_brevisepala|c_trifoliolata,GACTTCTGCTTCCTCGGTGAATG,CCTTTGCACAATTCGCTTCTGAT,61.471,60.367,281,ATCAGAAGCGAATTGTGCAAAGG
18,c_chinensis|c_quinquesecta|c_quinquefolia|c_trifolia|c_ramosa|c_omeiensis|c_groenlandica|c_asplenifolia|c_teeta|c_deltoidea|c_brevisepala|c_trifoliolata,AATCGTCAATACCTGCTCTTCCA,GGAAAGAGCCGCTAAATCAAGTT,59.802,59.559,418,AACTTGATTTAGCGGCTCTTTCC
19,c_chinensis|c_quinquesecta|c_quinquefolia|c_trifolia|c_ramosa|c_omeiensis|c_groenlandica|c_asplenifolia|c_teeta|c_deltoidea|c_brevisepala|c_trifoliolata,AAACCGTCACCCATTAACACAAC,TTCTTTCGTTTCCTTGGGTCACT,59.933,60.371,1553,AGTGACCCAAGGAAACGAAAGAA
20,c_chinensis|c_quinquesecta|c_quinquefolia|c_trifolia|c_ramosa|c_omeiensis|c_groenlandica|c_asplenifolia|c_teeta|c_deltoidea|c_brevisepala|c_trifoliolata,CCGGTATCTGAGCAATTCTTCCT,AGCAAGACTCATGGTAACCCTTC,60.181,60.308,308,GAAGGGTTACCATGAGTCTTGCT
21,c_chinensis|c_quinquesecta|c_quinquefolia|c_trifolia|c_ramosa|c_omeiensis|c_groenlandica|c_asplenifolia|c_teeta|c_deltoidea|c_brevisepala|c_trifoliolata,AACTTGATTTAGCGGCTCTTTCC,CCGATTCGCCTGCTACATTACAA,59.559,61.289,234,TTGTAATGTAGCAGGCGAATCGG
22,c_chinensis|c_quinquesecta|c_quinquefolia|c_trifolia|c_ramosa|c_omeiensis|c_groenlandica|c_asplenifolia|c_teeta|c_deltoidea|c_brevisepala|c_trifoliolata,CTTTAATTTGAGCCGCAGATCCT,AGAGCCGCTAAATCAAGTTCTCA,59.371,60.056,223,TGAGAACTTGATTTAGCGGCTCT
23,c_chinensis|c_quinquesecta|c_quinquefolia|c_trifolia|c_ramosa|c_omeiensis|c_groenlandica|c_asplenifolia|c_teeta|c_deltoidea|c_brevisepala|c_trifoliolata,CACCCATTAACACAACACCAACA,GATTCATGTTTGGTTCGGGAAGA,59.869,59.244,778,TCTTCCCGAACCAAACATGAATC
24,c_chinensis|c_quinquesecta|c_quinquefolia|c_trifolia|c_ramosa|c_omeiensis|c_groenlandica|c_asplenifolia|c_teeta|c_deltoidea|c_brevisepala|c_trifoliolata,CCGAAATCTCACCTCTACCATCA,CGAGTTACATTTACGCACCATCA,59.615,59.385,506,TGATGGTGCGTAAATGTAACTCG
25,c_chinensis|c_quinquesecta|c_quinquefolia|c_trifolia|c_ramosa|c_omeiensis|c_groenlandica|c_asplenifolia|c_teeta|c_deltoidea|c_brevisepala|c_trifoliolata,GGTGCGTAAATGTAACTCGTTGT,GAAGCGGATGAGTTTCGAGTGAA,59.815,61.162,234,TTCACTCGAAACTCATCCGCTTC
26,c_chinensis|c_quinquesecta|c_quinquefolia|c_trifolia|c_ramosa|c_omeiensis|c_groenlandica|c_asplenifolia|c_teeta|c_deltoidea|c_brevisepala|c_trifoliolata,CTTCCCGAACCAAACATGAATCT,AGTGTGTGCGAGTTGTTTATTTCA,59.241,59.666,667,TGAAATAAACAACTCGCACACACT
27,c_chinensis|c_quinquesecta|c_quinquefolia|c_trifolia|c_ramosa|c_omeiensis|c_groenlandica|c_asplenifolia|c_teeta|c_deltoidea|c_brevisepala|c_trifoliolata,GAAGCCGAAATCTCACCTCTACC,CGATGGCATTGCTCGTATTCATG,60.739,60.666,267,CATGAATACGAGCAATGCCATCG
28,c_chinensis|c_quinquesecta|c_quinquefolia|c_trifolia|c_ramosa|c_omeiensis|c_groenlandica|c_asplenifolia|c_teeta|c_deltoidea|c_brevisepala|c_trifoliolata,GTTTGTCGCAACGCTTCCTAAA,CGAGGAGCTTACCATGAATCCA,60.287,59.897,483,TGGATTCATGGTAAGCTCCTCG
29,c_chinensis|c_quinquesecta|c_quinquefolia|c_trifolia|c_ramosa|c_omeiensis|c_groenlandica|c_asplenifolia|c_teeta|c_deltoidea|c_brevisepala|c_trifoliolata,ATTGTAATGTAGCAGGCGAATCG,TGTTAATGGGTGACGGTTTGATG,59.505,59.496,486,CATCAAACCGTCACCCATTAACA
30,c_chinensis|c_quinquesecta|c_quinquefolia|c_trifolia|c_ramosa|c_omeiensis|c_groenlandica|c_asplenifolia|c_teeta|c_deltoidea|c_brevisepala|c_trifoliolata,CCATGAATACGAGCAATGCCATC,GGGCGATGAAAGAAATAACGGATT,60.366,59.964,223,AATCCGTTATTTCTTTCATCGCCC
31,c_chinensis|c_quinquesecta|c_quinquefolia|c_trifolia|c_ramosa|c_omeiensis|c_groenlandica|c_asplenifolia|c_teeta|c_deltoidea|c_brevisepala|c_trifoliolata,CTGCTTCCTCGGTGAATGTCTTG,GCACAATTCGCTTCTGATCTTGAT,61.716,60.202,271,ATCAAGATCAGAAGCGAATTGTGC
32,c_chinensis|c_quinquesecta|c_quinquefolia|c_trifolia|c_ramosa|c_omeiensis|c_groenlandica|c_asplenifolia|c_teeta|c_deltoidea|c_brevisepala|c_trifoliolata,CCATGATCTCTTCCCGAACCAAA,TTCCTTCCCGTTCTCAGTCCAAT,60.622,61.584,1031,ATTGGACTGAGAACGGGAAGGAA
33,c_chinensis|c_quinquesecta|c_quinquefolia|c_trifolia|c_ramosa|c_omeiensis|c_groenlandica|c_asplenifolia|c_teeta|c_deltoidea|c_brevisepala|c_trifoliolata,AGCAGTCATACTTCCTTCACCTAAA,CGATTCGCCTGCTACATTACAATAT,59.752,59.651,262,ATATTGTAATGTAGCAGGCGAATCG
34,c_chinensis|c_quinquesecta|c_quinquefolia|c_trifolia|c_ramosa|c_omeiensis|c_groenlandica|c_asplenifolia|c_teeta|c_deltoidea|c_brevisepala|c_trifoliolata,CAAAGGCTTCTAACTCTGCGAAT,TTTGGAAAGAGCCGCTAAATCAA,59.313,59.176,296,TTGATTTAGCGGCTCTTTCCAAA
35,c_chinensis|c_quinquesecta|c_quinquefolia|c_trifolia|c_ramosa|c_omeiensis|c_groenlandica|c_asplenifolia|c_teeta|c_deltoidea|c_brevisepala|c_trifoliolata,CATAAAGGAGCCGAATGAAACCA,TGGAAGAGCAGGTATTGACGATTT,59.306,60.323,687,AAATCGTCAATACCTGCTCTTCCA
36,c_chinensis|c_quinquesecta|c_quinquefolia|c_trifolia|c_ramosa|c_omeiensis|c_groenlandica|c_asplenifolia|c_teeta|c_deltoidea|c_brevisepala|c_trifoliolata,ATTCCATGATCTCTTCCCGAACC,TTTAGGAAGCGTTGCGACAAAC,60.181,60.287,1000,GTTTGTCGCAACGCTTCCTAAA
37,c_chinensis|c_quinquesecta|c_quinquefolia|c_trifolia|c_ramosa|c_omeiensis|c_groenlandica|c_asplenifolia|c_teeta|c_deltoidea|c_brevisepala|c_trifoliolata,TGTATCATCAAACCGTCACCCAT,AAGACTCATGGTAACCCTTCGAG,60.055,59.804,258,CTCGAAGGGTTACCATGAGTCTT
38,c_chinensis|c_quinquesecta|c_quinquefolia|c_trifolia|c_ramosa|c_omeiensis|c_groenlandica|c_asplenifolia|c_teeta|c_deltoidea|c_brevisepala|c_trifoliolata,CAATTAACCGAGATTCCGAAGCC,TGCTCGTATTCATGGTCTTGATGA,59.998,60.142,275,TCATCAAGACCATGAATACGAGCA
39,c_chinensis|c_quinquesecta|c_quinquefolia|c_trifolia|c_ramosa|c_omeiensis|c_groenlandica|c_asplenifolia|c_teeta|c_deltoidea|c_brevisepala|c_trifoliolata,AAGACCATGAATACGAGCAATGC,CAACGAGTTACATTTACGCACCA,59.686,59.815,274,TGGTGCGTAAATGTAACTCGTTG
40,c_chinensis|c_quinquesecta|c_quinquefolia|c_trifolia|c_ramosa|c_omeiensis|c_groenlandica|c_asplenifolia|c_teeta|c_deltoidea|c_brevisepala|c_trifoliolata,TGACCTCTTGCCAATTGATTCTG,GCTTATCGCCAAATGTCTCTTCT,59.240,59.126,437,AGAAGAGACATTTGGCGATAAGC
41,c_chinensis|c_quinquesecta|c_quinquefolia|c_trifolia|c_ramosa|c_omeiensis|c_groenlandica|c_asplenifolia|c_teeta|c_deltoidea|c_brevisepala|c_trifoliolata,TGAGAACTTGATTTAGCGGCTCT,GAGGCTTATTTGGGTCGTGTTATAA,60.056,59.181,620,TTATAACACGACCCAAATAAGCCTC
42,c_chinensis|c_quinquesecta|c_quinquefolia|c_trifolia|c_ramosa|c_omeiensis|c_groenlandica|c_asplenifolia|c_teeta|c_deltoidea|c_brevisepala|c_trifoliolata,CTTGATTTAGCGGCTCTTTCCAAA,GCTTCGGAATCTCGGTTAATTGAA,60.083,59.668,548,TTCAATTAACCGAGATTCCGAAGC
43,c_chinensis|c_quinquesecta|c_quinquefolia|c_trifolia|c_ramosa|c_omeiensis|c_groenlandica|c_asplenifolia|c_teeta|c_deltoidea|c_brevisepala|c_trifoliolata,TCCCGAACCAAACATGAATCTTTC,GCTTCTATTGGACCCGGAGTTG,59.782,61.001,1377,CAACTCCGGGTCCAATAGAAGC
44,c_chinensis|c_quinquesecta|c_quinquefolia|c_trifolia|c_ramosa|c_omeiensis|c_groenlandica|c_asplenifolia|c_teeta|c_deltoidea|c_brevisepala|c_trifoliolata,CCCTGTTCCTGGAAAGTAGTCAC,TTGGTGTTGTGTTAATGGGTGAC,60.557,59.618,436,GTCACCCATTAACACAACACCAA
45,c_chinensis|c_quinquesecta|c_quinquefolia|c_trifolia|c_ramosa|c_omeiensis|c_groenlandica|c_asplenifolia|c_teeta|c_deltoidea|c_brevisepala|c_trifoliolata,GGAATATAAGCCGAAACGTCTCC,GGTGACGGTTTGATGATACAAGAG,59.260,59.670,764,CTCTTGTATCATCAAACCGTCACC
46,c_chinensis|c_quinquesecta|c_quinquefolia|c_trifolia|c_ramosa|c_omeiensis|c_groenlandica|c_asplenifolia|c_teeta|c_deltoidea|c_brevisepala|c_trifoliolata,AAGCAGTCATACTTCCTTCACCT,GGTAGAGGTGAGATTTCGGCTTC,59.415,60.739,598,GAAGCCGAAATCTCACCTCTACC
47,c_chinensis|c_quinquesecta|c_quinquefolia|c_trifolia|c_ramosa|c_omeiensis|c_groenlandica|c_asplenifolia|c_teeta|c_deltoidea|c_brevisepala|c_trifoliolata,TGTTCCTGAAGTATAAACCGATCCA,ACCGGAACAAATGGGTATCTTGA,59.812,59.990,200,TCAAGATACCCATTTGTTCCGGT
48,c_chinensis|c_quinquesecta|c_quinquefolia|c_trifolia|c_ramosa|c_omeiensis|c_groenlandica|c_asplenifolia|c_teeta|c_deltoidea|c_brevisepala|c_trifoliolata,ACCTCTTGCCAATTGATTCTGAGT,AGGTGAAGGAAGTATGACTGCTTTA,60.508,59.752,316,TAAAGCAGTCATACTTCCTTCACCT
49,c_chinensis|c_quinquesecta|c_quinquefolia|c_trifolia|c_ramosa|c_omeiensis|c_groenlandica|c_asplenifolia|c_teeta|c_deltoidea|c_brevisepala|c_trifoliolata,ACTGATGGTGCGTAAATGTAACT,CGATCTCGCGAATTACTTCTGAA,58.424,58.964,993,TTCAGAAGTAATTCGCGAGATCG
50,c_chinensis|c_quinquesecta|c_quinquefolia|c_trifolia|c_ramosa|c_omeiensis|c_groenlandica|c_asplenifolia|c_teeta|c_deltoidea|c_brevisepala|c_trifoliolata,TGGTAAAGCAGTCATACTTCCTTCA,GCCGATTCGCCTGCTACATTA,59.987,60.872,270,TAATGTAGCAGGCGAATCGGC
51,c_chinensis|c_quinquesecta|c_quinquefolia|c_trifolia|c_ramosa|c_omeiensis|c_groenlandica|c_asplenifolia|c_teeta|c_deltoidea|c_brevisepala|c_trifoliolata,TCAAGATACCCATTTGTTCCGGT,AGCCGCTAAATCAAGTTCTCATTT,59.990,59.298,438,AAATGAGAACTTGATTTAGCGGCT
52,c_chinensis|c_quinquesecta|c_quinquefolia|c_trifolia|c_ramosa|c_omeiensis|c_groenlandica|c_asplenifolia|c_teeta|c_deltoidea|c_brevisepala|c_trifoliolata,TTTCGATTCATTTGGCTCTCACG,TGTGTGCGAGTTGTTTATTTCAAGA,59.875,59.935,643,TCTTGAAATAAACAACTCGCACACA
53,c_chinensis|c_quinquesecta|c_quinquefolia|c_trifolia|c_ramosa|c_omeiensis|c_groenlandica|c_asplenifolia|c_teeta|c_deltoidea|c_brevisepala|c_trifoliolata,AATAAACAACTCGCACACACTCC,GGAGGCTTTAACGATTTATGGACTG,59.750,59.992,611,CAGTCCATAAATCGTTAAAGCCTCC
54,c_chinensis|c_quinquesecta|c_quinquefolia|c_trifolia|c_ramosa|c_omeiensis|c_groenlandica|c_asplenifolia|c_teeta|c_deltoidea|c_brevisepala|c_trifoliolata,TCCTGAAGTATAAACCGATCCATCTG,TAGCGGTGGAAGAGCAGGTATT,60.239,61.218,229,AATACCTGCTCTTCCACCGCTA
55,c_chinensis|c_quinquesecta|c_quinquefolia|c_trifolia|c_ramosa|c_omeiensis|c_groenlandica|c_asplenifolia|c_teeta|c_deltoidea|c_brevisepala|c_trifoliolata,ACCCATTAACACAACACCAACATTAT,GGCGATGAAAGAAATAACGGATTAGT,59.731,60.018,325,ACTAATCCGTTATTTCTTTCATCGCC
56,c_chinensis|c_quinquesecta|c_quinquefolia|c_trifolia|c_ramosa|c_omeiensis|c_groenlandica|c_asplenifolia|c_teeta|c_deltoidea|c_brevisepala|c_trifoliolata,AGAGACGTTCCAATTTGAAATGATGA,CTACCAAGACATTCACCGAGGAA,59.569,60.056,499,TTCCTCGGTGAATGTCTTGGTAG
57,c_chinensis|c_quinquesecta|c_quinquefolia|c_trifolia|c_ramosa|c_omeiensis|c_groenlandica|c_asplenifolia|c_teeta|c_deltoidea|c_brevisepala|c_trifoliolata,TTCACTCGAAACTCATCCGCTTC,ACCATAGCATTTCGTGATTCATTGG,61.162,60.221,724,CCAATGAATCACGAAATGCTATGGT
58,c_chinensis|c_quinquesecta|c_quinquefolia|c_trifolia|c_ramosa|c_omeiensis|c_groenlandica|c_asplenifolia|c_teeta|c_deltoidea|c_brevisepala|c_trifoliolata,ATACCTGCTCTTCCACCGCTAG,AGAGTAGGATCTGCGGCTCAAA,61.599,61.214,211,TTTGAGCCGCAGATCCTACTCT
59,c_chinensis|c_quinquesecta|c_quinquefolia|c_trifolia|c_ramosa|c_omeiensis|c_groenlandica|c_asplenifolia|c_teeta|c_deltoidea|c_brevisepala|c_trifoliolata,CGTAATCGTTGACCTCTTGCCAA,CTTATCCGCCGATCTATTCAATGC,61.410,59.967,222,GCATTGAATAGATCGGCGGATAAG
60,c_chinensis|c_quinquesecta|c_quinquefolia|c_trifolia|c_ramosa|c_omeiensis|c_groenlandica|c_asplenifolia|c_teeta|c_deltoidea|c_brevisepala|c_trifoliolata,CTTGCCAATTGATTCTGAGTAGCT,CGGGTATTATTTCGAGACGTTCC,59.361,59.267,835,GGAACGTCTCGAAATAATACCCG
61,c_chinensis|c_quinquesecta|c_quinquefolia|c_trifolia|c_ramosa|c_omeiensis|c_groenlandica|c_asplenifolia|c_teeta|c_deltoidea|c_brevisepala|c_trifoliolata,CTCTGCGAATTGAGCCAGTTC,GGGTCGTGTTATAAATGCTCTGG,59.604,59.440,862,CCAGAGCATTTATAACACGACCC
62,c_chinensis|c_quinquesecta|c_quinquefolia|c_trifolia|c_ramosa|c_omeiensis|c_groenlandica|c_asplenifolia|c_teeta|c_deltoidea|c_brevisepala|c_trifoliolata,CCAAAGCCGCTCCTGTGTAAG,TGATGGTAGAGGTGAGATTTCGG,61.542,59.615,392,CCGAAATCTCACCTCTACCATCA
63,c_chinensis|c_quinquesecta|c_quinquefolia|c_trifolia|c_ramosa|c_omeiensis|c_groenlandica|c_asplenifolia|c_teeta|c_deltoidea|c_brevisepala|c_trifoliolata,GCAATGCCATCGCCTACTTGAA,GAAAGGGAGTGTGTGCGAGTTG,61.835,61.942,1314,CAACTCGCACACACTCCCTTTC
64,c_chinensis|c_quinquesecta|c_quinquefolia|c_trifolia|c_ramosa|c_omeiensis|c_groenlandica|c_asplenifolia|c_teeta|c_deltoidea|c_brevisepala|c_trifoliolata,GAGCAATGCCATCGCCTACTT,CGATCTCGCGAATTACTTCTGAATAA,61.082,59.640,1225,TTATTCAGAAGTAATTCGCGAGATCG
